Date,Open,Close,Volume,MA5,MA10,Return
2024-05-01 17:00:00,171.055,171.23,3086723.0,171.04898,170.46850999999998,0.0009938033438558838
2024-05-01 18:00:00,171.24,172.48,7393183.0,171.47899999999998,170.73751,0.007300122642060387
2024-05-01 19:00:00,172.49,169.31,11948881.0,171.12,170.70951,-0.01837894248608527
2024-05-01 20:00:00,169.28,170.06,1420422.0,170.82799999999997,170.70551,0.004429744256098281
2024-05-01 21:00:00,170.03,170.35,86107.0,170.68599999999998,170.74151,0.0017052804892390453
2024-05-01 22:00:00,170.3,170.15,60959.0,170.46999999999997,170.75949,-0.0011740534194305174
2024-05-01 23:00:00,170.29,170.35,52982.0,170.04399999999998,170.7615,0.0011754334410813319
2024-05-02 08:00:00,170.5,171.12,54112.0,170.406,170.763,0.004520105664807809
2024-05-02 09:00:00,171.14,171.17,17375.0,170.62800000000001,170.728,0.0002921926133706343
2024-05-02 10:00:00,171.18,171.2,16286.0,170.798,170.742,0.00017526435707192347
2024-05-02 11:00:00,171.15,170.89,71523.0,170.94599999999997,170.708,-0.0018107476635514153
2024-05-02 12:00:00,171.15,171.95,3907110.0,171.266,170.655,0.006202820527824931
2024-05-02 13:00:00,171.9,171.44,8607270.0,171.32999999999998,170.868,-0.002965978482116842
2024-05-02 14:00:00,171.425,171.5602,7201196.0,171.40804,171.01801999999998,0.0007011199253383761
2024-05-02 15:00:00,171.568,172.1,5895195.0,171.58804,171.19302,0.0031464174091659102
2024-05-02 16:00:00,172.105,172.1589,6533283.0,171.84182,171.39390999999998,0.0003422428820452887
2024-05-02 17:00:00,172.16,172.6,5135430.0,171.97181999999998,171.61891,0.0025621678577175265
2024-05-02 18:00:00,172.595,172.94,8039005.0,172.27182,171.80091,0.0019698725376593477
2024-05-02 19:00:00,172.94,173.08,14272488.0,172.57577999999998,171.99191000000002,0.0008095293165260482
2024-05-02 20:00:00,173.11,185.3,15680042.0,175.21578,173.40191,0.07060318927663507
2024-05-02 21:00:00,185.3005,184.1,7228158.0,177.604,174.72291,-0.0064759848893686835
2024-05-02 22:00:00,184.09,183.52,1267711.0,179.788,175.87991000000002,-0.0031504617055946992
2024-05-02 23:00:00,183.52,183.46,501248.0,181.892,177.08191,-0.0003269398430688877
2024-05-03 08:00:00,183.1,183.2,273238.0,183.916,178.24588999999997,-0.0014172026599804824
2024-05-03 09:00:00,183.2,183.13,91854.0,183.482,179.34889,-0.00038209606986895845
2024-05-03 10:00:00,183.14,183.71,213148.0,183.404,180.504,0.0031671490198220526
2024-05-03 11:00:00,183.71,183.59,474346.0,183.418,181.603,-0.0006532034184312479
2024-05-03 12:00:00,183.6,185.3,3182729.0,183.786,182.839,0.009314232801350878
2024-05-03 13:00:00,185.3,184.115,35957707.0,183.969,183.9425,-0.006395035078251496
2024-05-03 14:00:00,184.15,184.79,25112559.0,184.30100000000002,183.8915,0.0036661868940606845
2024-05-03 15:00:00,184.78,184.595,14518267.0,184.478,183.941,-0.0010552519075707192
2024-05-03 16:00:00,184.59,184.755,9509959.0,184.71099999999998,184.0645,0.0008667623716785211
2024-05-03 17:00:00,184.76,185.055,13795876.0,184.662,184.224,0.0016237720224081154
2024-05-03 18:00:00,185.045,185.355,12413805.0,184.91,184.4395,0.0016211396611817187
2024-05-03 19:00:00,185.355,183.39,24872514.0,184.63000000000002,184.4655,-0.010601278627498602
2024-05-03 20:00:00,183.38,183.82,8267236.0,184.475,184.47650000000002,0.0023447298107857947
2024-05-03 21:00:00,183.82,183.85,3110714.0,184.294,184.5025,0.0001632031335001694
2024-05-03 22:00:00,183.9,183.91,41747.0,184.065,184.3635,0.0003263530051672683
2024-05-03 23:00:00,183.9,183.78,75956.0,183.75,184.32999999999998,-0.000706867489532899
2024-05-06 08:00:00,180.4,181.38,174552.0,183.34799999999998,183.989,-0.013059092393078712
2024-05-06 09:00:00,181.39,181.67,70617.0,182.91799999999998,183.6965,0.0015988532362994378
2024-05-06 10:00:00,181.64,182.32,98396.0,182.612,183.45299999999997,0.0035779160015412875
2024-05-06 11:00:00,182.35,182.62,193067.0,182.35399999999998,183.2095,0.0016454585344449944
2024-05-06 12:00:00,182.39,182.33,1091968.0,182.06400000000002,182.90699999999998,-0.0015879969335231192
2024-05-06 13:00:00,182.297,182.4701,13023367.0,182.28202000000002,182.81500999999997,0.0007683869906213441
2024-05-06 14:00:00,182.48,182.39,11156157.0,182.42602,182.67201,-0.0004389760294975222
2024-05-06 15:00:00,182.38,182.315,7199245.0,182.42502,182.51851000000002,-0.00041120675475622915
2024-05-06 16:00:00,182.315,181.53,7553996.0,182.20702,182.28051,-0.004305734580259422
2024-05-06 17:00:00,181.52,181.09,8364787.0,181.95901999999998,182.01151,-0.0024238417892359265
2024-05-06 18:00:00,181.085,181.15,6574074.0,181.695,181.98851,0.0003313269644928062
2024-05-06 19:00:00,181.1576,181.7,12387575.0,181.557,181.99151,0.0030361578802096767
2024-05-06 20:00:00,181.71,181.82,1016071.0,181.458,181.94151,0.0006604292790313955
2024-05-06 21:00:00,181.83,181.83,94958.0,181.518,181.86251,5.4999450005606244e-05
2024-05-06 22:00:00,181.77,181.97,43305.0,181.69400000000002,181.82651,0.0007699499532529635
2024-05-06 23:00:00,181.95,182.89,469705.0,182.04199999999997,181.86849999999998,0.0050557784250150435
2024-05-07 08:00:00,183.02,183.29,71614.0,182.35999999999999,181.95850000000002,0.0021871070042102122
2024-05-07 09:00:00,183.13,183.34,34324.0,182.66400000000002,182.06099999999998,0.00027279175077751853
2024-05-07 10:00:00,183.33,183.43,40119.0,182.984,182.251,0.0004908912403185524
2024-05-07 11:00:00,183.32,183.28,87755.0,183.246,182.47,-0.000817750640571366
2024-05-07 12:00:00,183.15,183.92,2127541.0,183.452,182.74699999999999,0.003491924923614068
2024-05-07 13:00:00,183.92,183.92,13485384.0,183.578,182.969,0.0
2024-05-07 14:00:00,183.93,182.6101,13901688.0,183.43202,183.04801,-0.007122118312309695
2024-05-07 15:00:00,182.62,181.57,8829256.0,183.06002,183.02201,-0.005695741911318133
2024-05-07 16:00:00,181.5699,181.865,6393856.0,182.77702,183.01151,0.0016247177397147982
2024-05-07 17:00:00,181.87,182.6875,6039929.0,182.53052,182.99126,0.00452258543425063
2024-05-07 18:00:00,182.6801,182.4983,4548175.0,182.24618,182.91208999999998,-0.0010356483065343803
2024-05-07 19:00:00,182.49,182.37,7682339.0,182.19816,182.81509,-0.00070302024731187
2024-05-07 20:00:00,182.4,182.3948,5553175.0,182.36312,182.71157,0.00013598727860941517
2024-05-07 21:00:00,182.37,182.35,43453.0,182.46012000000002,182.61857,-0.00024562103744190777
2024-05-07 22:00:00,182.33,182.36,46716.0,182.39461999999997,182.46256999999997,5.483959418710901e-05
2024-05-07 23:00:00,182.35,182.23,27742.0,182.34096,182.29357,-0.000712875630620881
2024-05-08 08:00:00,182.3,183.34,98498.0,182.53496,182.36656,0.006091203424244162
2024-05-08 09:00:00,183.24,183.12,15783.0,182.68,182.52156,-0.0011999563652230767
2024-05-08 10:00:00,182.98,183.1,34957.0,182.82999999999998,182.64506,-0.00010921799912631188
2024-05-08 11:00:00,183.0,182.7,50483.0,182.89799999999997,182.64631,-0.002184598580010954
2024-05-08 12:00:00,182.96,182.65,183610.0,182.98200000000003,182.66148,-0.0002736726874656976
2024-05-08 13:00:00,182.7,182.1,6196004.0,182.73399999999998,182.63448,-0.003011223651793109
2024-05-08 14:00:00,182.1,182.0485,6151212.0,182.5197,182.59985,-0.0002828116419549935
2024-05-08 15:00:00,182.042,182.25,4160374.0,182.34969999999998,182.58985,0.0011068479004221954
2024-05-08 16:00:00,182.2487,182.16,4003695.0,182.24169999999998,182.56985,-0.0004938271604938458
2024-05-08 17:00:00,182.17,182.65,3629574.0,182.24169999999998,182.61185,0.002689942907334262
2024-05-08 18:00:00,182.645,182.805,3968002.0,182.3827,182.55835,0.0008486175745962285
2024-05-08 19:00:00,182.805,182.75,8128698.0,182.523,182.52135,-0.0003008670441180866
2024-05-08 20:00:00,182.74,182.4114,752784.0,182.55527999999998,182.45249,-0.001852804377565055
2024-05-08 21:00:00,182.41,182.57,595351.0,182.63727999999998,182.43949,0.0008694632024095367
2024-05-08 22:00:00,182.57,182.64,10430.0,182.63528,182.43849,0.0003834145807087319
2024-05-08 23:00:00,182.63,182.46,12409.0,182.56628,182.47449,-0.0009855453350852957
2024-05-09 08:00:00,182.75,182.2,7227.0,182.45628,182.48963999999998,-0.0014249698564069895
2024-05-09 09:00:00,182.18,182.17,3796.0,182.408,182.48164,-0.00016465422612514346
2024-05-09 10:00:00,182.3,182.35,13603.0,182.36399999999998,182.50064,0.0009880880496240152
2024-05-09 11:00:00,182.4,182.42,18147.0,182.32,182.47764,0.0003838771593089837
2024-05-09 12:00:00,182.41,182.56,96478.0,182.33999999999997,182.45314,0.0007674597083653919
2024-05-09 13:00:00,182.55,183.75,6148172.0,182.65,182.55313999999998,0.006518404907975448
2024-05-09 14:00:00,183.75,183.2999,6938558.0,182.87597999999997,182.64199,-0.0024495238095237656
2024-05-09 15:00:00,183.3,183.541,4556014.0,183.11418,182.73908999999998,0.001315330777594471
2024-05-09 16:00:00,183.55,184.02,4071066.0,183.43418000000003,182.87709,0.002609771113811156
2024-05-09 17:00:00,184.02,184.48,6277064.0,183.81818,183.07909,0.0024997282904031057
2024-05-09 18:00:00,184.48,184.52,4337375.0,183.97218,183.31109,0.00021682567215969463
2024-05-09 19:00:00,184.52,184.65,7786708.0,184.2422,183.55909,0.0007045306741816358
2024-05-09 20:00:00,184.57,184.66,1525808.0,184.46599999999998,183.79009000000002,5.4156512320557296e-05
2024-05-09 21:00:00,184.651,184.66,80710.0,184.594,184.01408999999998,0.0
2024-05-09 22:00:00,184.57,184.8,17025.0,184.658,184.23809,0.0007581501137225971
2024-05-09 23:00:00,184.75,184.79,38580.0,184.712,184.34209,-5.411255411265869e-05
2024-05-10 08:00:00,184.57,184.82,18318.0,184.746,184.4941,0.000162346447318584
2024-05-10 09:00:00,184.81,184.94,31224.0,184.802,184.63400000000001,0.0006492803809111814
2024-05-10 10:00:00,184.95,184.8,4149.0,184.82999999999998,184.71200000000002,-0.0007570022710067393
2024-05-10 11:00:00,184.85,184.79,28049.0,184.828,184.743,-5.411255411265869e-05
2024-05-10 12:00:00,184.95,184.69,132589.0,184.808,184.76,-0.0005411548243952287
2024-05-10 13:00:00,184.69,183.6,7670110.0,184.564,184.655,-0.005901781363365658
2024-05-10 14:00:00,183.62,182.55,8748379.0,184.08599999999998,184.44400000000002,-0.005718954248365921
2024-05-10 15:00:00,182.55,182.575,5267640.0,183.641,184.2355,0.00013694878115572316
2024-05-10 16:00:00,182.575,182.39,3362465.0,183.161,183.9945,-0.0010132822127892772
2024-05-10 17:00:00,182.39,182.475,3211564.0,182.718,183.76299999999998,0.000466034322057174
2024-05-10 18:00:00,182.475,182.9099,4640700.0,182.57998,183.57199,0.002383340183586787
2024-05-10 19:00:00,182.9078,182.99,7246466.0,182.66798,183.37699,0.00043792052808522573
2024-05-10 20:00:00,183.05,182.58,782261.0,182.66897999999998,183.15499,-0.0022405595934203867
2024-05-10 21:00:00,182.57,182.75,67858.0,182.74097999999998,182.95099,0.0009310986964617564
2024-05-10 22:00:00,182.82,182.82,9015.0,182.80998,182.76398999999998,0.000383036935704477
2024-05-10 23:00:00,183.05,182.5,22598.0,182.728,182.65399,-0.0017503555409692222
2024-05-13 08:00:00,184.3,184.6,82938.0,183.05,182.85899,0.011506849315068462
2024-05-13 09:00:00,184.59,184.94,46174.0,183.522,183.09548999999998,0.0018418201516793252
2024-05-13 10:00:00,184.91,185.22,50860.0,184.016,183.37849,0.0015140045420136321
2024-05-13 11:00:00,185.21,185.37,156880.0,184.526,183.66799,0.0008098477486232895
2024-05-13 12:00:00,185.28,185.49,313206.0,185.12400000000002,183.926,0.0006473539407671389
2024-05-13 13:00:00,185.5,185.185,8310165.0,185.241,184.1455,-0.0016442934929107058
2024-05-13 14:00:00,185.19,186.0798,10598498.0,185.46895999999998,184.49548,0.0048319248319248515
2024-05-13 15:00:00,186.0701,186.05,7633639.0,185.63496000000004,184.82548,-0.00016014634581504547
2024-05-13 16:00:00,186.05,186.815,7112988.0,185.92396000000002,185.22498000000002,0.0041117979037892305
2024-05-13 17:00:00,186.81,186.7801,7405047.0,186.18198,185.65299,-0.00018681583384628253
2024-05-13 18:00:00,186.78,186.815,4839603.0,186.50798,185.87448999999998,0.00018685074052317817
2024-05-13 19:00:00,186.8199,186.285,13489459.0,186.54902,186.00899,-0.0028370312876375083
2024-05-13 20:00:00,186.28,186.26,2929035.0,186.59102,186.11299000000002,-0.00013420296856969527
2024-05-13 21:00:00,186.26,186.16,32148.0,186.46002000000001,186.19198999999998,-0.0005368839256952342
2024-05-13 22:00:00,186.16,186.25,27835.0,186.35399999999998,186.26799,0.0004834550923936582
2024-05-13 23:00:00,186.25,186.14,26367.0,186.219,186.36349,-0.0005906040268457109
2024-05-14 08:00:00,186.5,187.0,34262.0,186.362,186.45551,0.004620178360373986
2024-05-14 09:00:00,187.0,187.02,43833.0,186.51399999999998,186.55251,0.00010695187165780873
2024-05-14 10:00:00,187.0,187.04,39431.0,186.69,186.57501,0.00010694043417806549
2024-05-14 11:00:00,187.01,186.5,54335.0,186.73999999999998,186.547,-0.002887082976903294
2024-05-14 12:00:00,186.9,186.32,2863550.0,186.776,186.4975,-0.0009651474530831465
2024-05-14 13:00:00,186.34,187.01,8044705.0,186.778,186.57,0.0037033061399742257
2024-05-14 14:00:00,187.02,186.99,6399244.0,186.772,186.64299999999997,-0.00010694615261206252
2024-05-14 15:00:00,187.0,186.91,4431070.0,186.746,186.71800000000002,-0.0004278303652602412
2024-05-14 16:00:00,186.92,186.779,2801374.0,186.80180000000001,186.7709,-0.0007008720774704416
2024-05-14 17:00:00,186.78,186.94,5267541.0,186.92579999999998,186.8509,0.0008619812719845452
2024-05-14 18:00:00,186.935,187.53,4151616.0,187.0298,186.9039,0.0031560928640205596
2024-05-14 19:00:00,187.5208,187.39,8166832.0,187.1098,186.9409,-0.0007465472191116876
2024-05-14 20:00:00,187.43,187.55,2133072.0,187.2378,186.99190000000002,0.0008538342494264637
2024-05-14 21:00:00,187.55,187.55,15566.0,187.392,187.0969,0.0
2024-05-14 22:00:00,187.58,187.62,51069.0,187.528,187.2269,0.0003732338043188119
2024-05-14 23:00:00,187.6,187.45,30901.0,187.512,187.2709,-0.0009060867711332262
2024-05-15 08:00:00,187.43,187.34,9022.0,187.502,187.3059,-0.0005868231528406787
2024-05-15 09:00:00,187.34,187.3,7641.0,187.452,187.3449,-0.00021351553325500182
2024-05-15 10:00:00,187.27,187.2,1294.0,187.382,187.387,-0.0005339028296851187
2024-05-15 11:00:00,187.24,187.3,28818.0,187.31799999999998,187.423,0.0005341880341881557
2024-05-15 12:00:00,187.29,187.75,1166943.0,187.37800000000001,187.445,0.002402562733582427
2024-05-15 13:00:00,187.76,188.87,7339974.0,187.68400000000003,187.59300000000002,0.005965379494008013
2024-05-15 14:00:00,188.8521,189.92,11382144.0,188.20800000000003,187.82999999999998,0.00555937946735841
2024-05-15 15:00:00,189.93,189.885,8322660.0,188.745,188.0635,-0.00018428812131421964
2024-05-15 16:00:00,189.89,190.39,6229274.0,189.363,188.3405,0.002659504436895992
2024-05-15 17:00:00,190.395,190.38,5080507.0,189.889,188.6335,-5.2523767004521804e-05
2024-05-15 18:00:00,190.385,189.975,5360314.0,190.10999999999999,188.897,-0.0021273242987708855
2024-05-15 19:00:00,189.975,189.75,12522473.0,190.07599999999996,189.142,-0.0011843663639952327
2024-05-15 20:00:00,189.72,189.78,1257746.0,190.055,189.39999999999998,0.00015810276679842497
2024-05-15 21:00:00,189.75,189.72,49523.0,189.921,189.642,-0.0003161555485298887
2024-05-15 22:00:00,189.78,189.85,22001.0,189.815,189.852,0.0006852203246889915
2024-05-15 23:00:00,189.92,189.96,17730.0,189.81199999999998,189.961,0.000579404793257907
2024-05-16 08:00:00,190.12,190.28,23678.0,189.91799999999998,189.997,0.0016845651716150408
2024-05-16 09:00:00,190.3,189.67,37663.0,189.89600000000002,189.97549999999998,-0.0032058019760353882
2024-05-16 10:00:00,189.69,189.95,42783.0,189.94199999999998,189.9315,0.0014762482205936689
2024-05-16 11:00:00,189.99,190.09,24176.0,189.99,189.90249999999997,0.0007370360621216888
2024-05-16 12:00:00,189.95,190.0,176652.0,189.998,189.905,-0.0004734599400284255
2024-05-16 13:00:00,190.02,190.4999,9109532.0,190.04198000000002,189.97999,0.00263105263157893
2024-05-16 14:00:00,190.5,190.335,7272613.0,190.17497999999998,190.03549,-0.0008656172522924617
2024-05-16 15:00:00,190.34,190.0186,5897726.0,190.18869999999998,190.06535000000002,-0.0016623322037461095
2024-05-16 16:00:00,190.01,190.329,4200092.0,190.2365,190.11325,0.0016335242970952084
2024-05-16 17:00:00,190.32,190.19,3404027.0,190.2745,190.13625000000002,-0.0007303143504143352
2024-05-16 18:00:00,190.185,189.94,3587803.0,190.16252,190.10224999999997,-0.001314474998685525
2024-05-16 19:00:00,189.94,189.91,8531003.0,190.07752,190.12625,-0.00015794461408866556
2024-05-16 20:00:00,189.84,189.74,2893190.0,190.0218,190.10525,-0.0008951608656731478
2024-05-16 21:00:00,189.74,189.78,14345.0,189.91199999999998,190.07425,0.0002108147991988618
2024-05-16 22:00:00,189.78,189.9378,27700.0,189.86156,190.06803,0.0008314890926336222
2024-05-16 23:00:00,189.9,190.0,16809.0,189.87356,190.01804,0.0003274756262312717
2024-05-17 08:00:00,189.78,189.58,11746.0,189.80756000000002,189.94254,-0.002210526315789408
2024-05-17 09:00:00,189.65,189.75,2130.0,189.80956,189.91568,0.0008967190631922539
2024-05-17 10:00:00,189.75,189.72,2816.0,189.79756000000003,189.85478,-0.00015810276679842497
2024-05-17 11:00:00,189.74,189.82,22738.0,189.774,189.81778,0.0005270925574530588
2024-05-17 12:00:00,189.78,189.9573,69651.0,189.76546000000002,189.81951,0.0007233168264672343
2024-05-17 13:00:00,189.94,190.4,7484090.0,189.92946,189.86851000000001,0.0023305237545490597
2024-05-17 14:00:00,190.4,189.965,4670270.0,189.97246,189.89101,-0.0022846638655462303
2024-05-17 15:00:00,189.98,189.58,3308968.0,189.94446,189.87101,-0.0020266891269443894
2024-05-17 16:00:00,189.5787,189.9489,3050027.0,189.97024000000002,189.87212000000002,0.0019458803671273152
2024-05-17 17:00:00,189.95,189.81,2830044.0,189.94078,189.85312,-0.0007312492991536497
2024-05-17 18:00:00,189.8187,189.9738,2888843.0,189.85554000000002,189.89249999999998,0.0008629682313893317
2024-05-17 19:00:00,189.9781,189.93,7755566.0,189.84854,189.9105,-0.00023055810853920118
2024-05-17 20:00:00,189.87,190.04,2016660.0,189.94054,189.9425,0.0005791607434317128
2024-05-17 21:00:00,190.03,190.0,26216.0,189.95076,189.9605,-0.0002104820037886342
2024-05-17 22:00:00,190.0,190.0,3906.0,189.98876,189.96477,0.0
2024-05-17 23:00:00,189.99,189.92,14651.0,189.978,189.91676999999999,-0.0004210526315790132
2024-05-20 08:00:00,189.84,189.9,13985.0,189.972,189.91027,-0.00010530749789375427
2024-05-20 09:00:00,189.79,188.66,51857.0,189.696,189.81827,-0.00652975250131653
2024-05-20 10:00:00,188.66,188.72,26007.0,189.44,189.69538,0.0003180324393088216
2024-05-20 11:00:00,188.75,189.02,53756.0,189.244,189.61638,0.0015896566341670802
2024-05-20 12:00:00,188.98,189.26,177649.0,189.112,189.54500000000002,0.0012697069093216627
2024-05-20 13:00:00,189.3,190.9,5735064.0,189.31199999999998,189.642,0.008665328120046575
2024-05-20 14:00:00,190.91,191.48,9759170.0,189.876,189.786,0.003038239916186402
2024-05-20 15:00:00,191.4798,191.275,3660531.0,190.387,189.9135,-0.0010706078963859625
2024-05-20 16:00:00,191.27,191.615,3333594.0,190.906,190.075,0.0017775454188995081
2024-05-20 17:00:00,191.615,191.51,2895138.0,191.356,190.23399999999998,-0.0005479738016335787
2024-05-20 18:00:00,191.51,191.1794,2677748.0,191.41188,190.36194,-0.0017262806119785078
2024-05-20 19:00:00,191.185,191.08,6476885.0,191.33188,190.60394000000002,-0.0005199304946033642
2024-05-20 20:00:00,191.04,191.2,3805644.0,191.31688,190.85193999999998,0.0006280092108016334
2024-05-20 21:00:00,191.2,191.17,19920.0,191.22788,191.06694,-0.00015690376569038253
2024-05-20 22:00:00,191.17,191.12,27536.0,191.14988,191.25294,-0.000261547313908997
2024-05-20 23:00:00,191.25,191.19,12656.0,191.152,191.28194,0.00036626203432394924
2024-05-21 08:00:00,191.18,190.81,13589.0,191.098,191.21493999999998,-0.0019875516501908857
2024-05-21 09:00:00,190.8,190.77,4672.0,191.012,191.16444,-0.0002096326188354491
2024-05-21 10:00:00,190.8,191.22,17577.0,191.022,191.12493999999998,0.002358861456203746
2024-05-21 11:00:00,191.21,191.52,26197.0,191.102,191.12593999999999,0.001568873548792027
2024-05-21 12:00:00,191.29,191.39,77709.0,191.142,191.147,-0.0006787802840435666
2024-05-21 13:00:00,191.33,192.2,5719096.0,191.42,191.259,0.0042321960395005085
2024-05-21 14:00:00,192.2,192.2899,6065476.0,191.72397999999998,191.36799000000002,0.00046774193548387144
2024-05-21 15:00:00,192.2899,192.105,4949136.0,191.90097999999998,191.46149,-0.0009615689643605773
2024-05-21 16:00:00,192.11,192.1299,3041166.0,192.02295999999998,191.56248,0.0001296166159131848
2024-05-21 17:00:00,192.1271,192.4988,3817287.0,192.24471999999997,191.69336,0.0019200551293681852
2024-05-21 18:00:00,192.5,192.605,3175373.0,192.32572,191.87286,0.0005516917508057255
2024-05-21 19:00:00,192.6,192.36,7384248.0,192.33974,192.03186,-0.0012720334363073447
2024-05-21 20:00:00,192.35,192.35,1210884.0,192.38874,192.14486,-5.1985859846222324e-05
2024-05-21 21:00:00,192.36,192.4,11424.0,192.44276,192.23286,0.00025994281258129125
2024-05-21 22:00:00,192.4,192.59,13101.0,192.461,192.35286,0.0009875259875259757
2024-05-21 23:00:00,192.62,192.48,28160.0,192.436,192.38085999999998,-0.0005711615348668864
2024-05-22 08:00:00,192.42,192.01,21533.0,192.36599999999999,192.35287,-0.0024418121363258462
2024-05-22 09:00:00,192.04,191.81,9610.0,192.25799999999998,192.32336999999998,-0.0010416124160199398
2024-05-22 10:00:00,191.9,191.77,4131.0,192.132,192.28738,-0.00020853970074548794
2024-05-22 11:00:00,191.83,192.17,48572.0,192.048,192.25449999999998,0.0020858319862333903
2024-05-22 12:00:00,191.87,192.1,66363.0,191.97199999999998,192.204,-0.00036426081074045474
2024-05-22 13:00:00,192.08,192.47,3715119.0,192.064,192.215,0.0019260801665799301
2024-05-22 14:00:00,192.44,192.08,4127990.0,192.118,192.18800000000002,-0.002026289811399108
2024-05-22 15:00:00,192.0801,191.829,3989808.0,192.1298,192.1309,-0.0013067471886714116
2024-05-22 16:00:00,191.83,191.3,2520530.0,191.9558,192.0019,-0.002757664378170122
2024-05-22 17:00:00,191.3085,190.855,3213385.0,191.70680000000002,191.8394,-0.0023261892315735574
2024-05-22 18:00:00,190.85,190.81,3330027.0,191.3748,191.7194,-0.0002357810903564879
2024-05-22 19:00:00,190.815,190.98,5941960.0,191.1548,191.6364,0.0008909386300507703
2024-05-22 20:00:00,190.9,190.5,1071613.0,190.889,191.50939999999997,-0.002513352183474656
2024-05-22 21:00:00,190.52,190.69,107526.0,190.767,191.3614,0.0009973753280839775
2024-05-22 22:00:00,190.69,190.61,46982.0,190.71800000000002,191.2124,-0.0004195290786091776
2024-05-22 23:00:00,190.61,190.46,30835.0,190.648,191.0114,-0.0007869471696133764
2024-05-23 08:00:00,190.65,190.78,17940.0,190.608,190.8814,0.001680142812138996
2024-05-23 09:00:00,190.77,190.83,10092.0,190.674,190.7815,0.0002620819792431668
2024-05-23 10:00:00,190.83,190.85,7047.0,190.70600000000002,190.7365,0.00010480532411036948
2024-05-23 11:00:00,190.85,191.25,31308.0,190.834,190.776,0.0020958868221116356
2024-05-23 12:00:00,190.85,191.32,174953.0,191.006,190.827,0.00036601307189538916
2024-05-23 13:00:00,191.34,189.42,6438266.0,190.734,190.671,-0.009931005644992712
2024-05-23 14:00:00,189.42,188.725,7652417.0,190.313,190.4935,-0.003669095132509731
2024-05-23 15:00:00,188.73,189.685,3737963.0,190.07999999999998,190.393,0.005086766459133703
2024-05-23 16:00:00,189.685,188.79,3134543.0,189.588,190.21099999999998,-0.004718348841500436
2024-05-23 17:00:00,188.78,187.595,4585046.0,188.84300000000002,189.92450000000002,-0.006329784416547451
2024-05-23 18:00:00,187.59,187.27,4366927.0,188.413,189.5735,-0.0017324555558516411
2024-05-23 19:00:00,187.27,186.91,8567439.0,188.05,189.1815,-0.0019223580925936542
2024-05-23 20:00:00,186.88,186.97,1811549.0,187.507,188.7935,0.00032101011181853446
2024-05-23 21:00:00,187.0,187.01,132685.0,187.151,188.36950000000002,0.00021393806493016015
2024-05-23 22:00:00,187.08,187.2999,43147.0,187.09197999999998,187.96749,0.0015501844821133477
2024-05-23 23:00:00,187.17,187.28,26230.0,187.09398000000002,187.75349,-0.00010624671983277573
2024-05-24 08:00:00,187.9,188.4,51566.0,187.39198000000002,187.72098999999997,0.0059803502776591445
2024-05-24 09:00:00,188.36,188.07,9946.0,187.61198,187.55949,-0.0017515923566879645
2024-05-24 10:00:00,188.18,188.35,9997.0,187.87998,187.51549,0.0014888073589620946
2024-05-24 11:00:00,188.35,188.01,49683.0,188.022,187.55698999999998,-0.0018051499867268565
2024-05-24 12:00:00,188.25,188.2,175057.0,188.206,187.64999,0.0010105845433753403
2024-05-24 13:00:00,188.23,188.75,5527843.0,188.27599999999998,187.83399,0.0029224229543039926
2024-05-24 14:00:00,188.75,189.7401,5492577.0,188.61002000000002,188.11100000000002,0.0052455629139073505
2024-05-24 15:00:00,189.75,190.175,4394291.0,188.97502,188.42749999999998,0.002292082696277692
2024-05-24 16:00:00,190.175,190.355,3197279.0,189.44402,188.73300999999998,0.0009464966478242587
2024-05-24 17:00:00,190.36,190.075,2662975.0,189.81902,189.01251,-0.0014709358829555364
2024-05-24 18:00:00,190.075,190.21,2751049.0,190.11102,189.19351,0.000710245955543966
2024-05-24 19:00:00,190.2,190.0,5125687.0,190.16299999999998,189.38651,-0.0011040428999527256
2024-05-24 20:00:00,189.98,190.0,882722.0,190.128,189.55151,0.0
2024-05-24 21:00:00,189.99,189.99,14537.0,190.055,189.74951000000001,-5.263157894732055e-05
2024-05-24 22:00:00,190.0,190.09,18345.0,190.05800000000002,189.93851,0.0005263434917626944
2024-05-24 23:00:00,190.1,189.95,11219.0,190.006,190.05851,-0.0007364932400442673
2024-05-28 08:00:00,190.8,194.29,279473.0,190.864,190.5135,0.02284811792576996
2024-05-28 09:00:00,194.2,194.5,115785.0,191.764,190.946,0.0010808585104740748
2024-05-28 10:00:00,194.6,193.7,114057.0,192.506,191.28050000000002,-0.004113110539845817
2024-05-28 11:00:00,193.69,193.5,233033.0,193.188,191.623,-0.0010325245224573497
2024-05-28 12:00:00,193.56,192.98,444818.0,193.794,191.9,-0.0026873385012920427
2024-05-28 13:00:00,192.96,191.05,9755175.0,193.14600000000002,192.005,-0.010001036376826502
2024-05-28 14:00:00,191.05,191.645,7172457.0,192.575,192.1695,0.00311436796650091
2024-05-28 15:00:00,191.66,191.475,4452949.0,192.13000000000002,192.31799999999998,-0.0008870567977250432
2024-05-28 16:00:00,191.47,191.3057,3753526.0,191.69114,192.43957,-0.0008841885363624112
2024-05-28 17:00:00,191.305,190.3222,3774379.0,191.15958,192.47679,-0.005140986389846159
2024-05-28 18:00:00,190.33,189.72,5327174.0,190.89358000000001,192.01979,-0.0031641080231313554
2024-05-28 19:00:00,189.72,190.1,7402777.0,190.58458000000002,191.57979,0.0020029517183217135
2024-05-28 20:00:00,189.99,190.03,2240923.0,190.29558000000003,191.21278999999998,-0.00036822724881637657
2024-05-28 21:00:00,190.0399,190.02,36353.0,190.03843999999998,190.86479,-5.262327000995056e-05
2024-05-28 22:00:00,190.03,190.02,29921.0,189.978,190.56878999999998,0.0
2024-05-28 23:00:00,190.0,190.15,58338.0,190.064,190.47879,0.0006841385117355828
2024-05-29 08:00:00,189.88,189.39,40366.0,189.92200000000003,190.25329,-0.0039968445963713874
2024-05-29 09:00:00,189.4,189.45,10243.0,189.80599999999998,190.05079,0.00031680658957707525
2024-05-29 10:00:00,189.54,189.71,15214.0,189.744,189.89122,0.0013723937714437548
2024-05-29 11:00:00,189.82,189.99,66136.0,189.738,189.858,0.0014759369564071537
2024-05-29 12:00:00,189.8,190.3,312861.0,189.76799999999997,189.916,0.0016316648244644573
2024-05-29 13:00:00,190.27,191.785,8561584.0,190.247,190.0845,0.007803468208092407
2024-05-29 14:00:00,191.8,192.1796,7912745.0,190.79292,190.29946,0.0020575123184816174
2024-05-29 15:00:00,192.17,191.4465,4950577.0,191.14022,190.44211,-0.00381466086931187
2024-05-29 16:00:00,191.45,191.8938,4264452.0,191.52097999999998,190.62949,0.0023364229693413705
2024-05-29 17:00:00,191.895,191.78,3456161.0,191.81698,190.79249,-0.000593036356568048
2024-05-29 18:00:00,191.775,191.22,4724297.0,191.70397999999997,190.97549,-0.002920012514339359
2024-05-29 19:00:00,191.2114,190.37,9179915.0,191.34206,191.06749,-0.004445141721577211
2024-05-29 20:00:00,190.37,189.8,943191.0,191.01276000000001,191.07648999999998,-0.0029941692493564804
2024-05-29 21:00:00,190.29,190.5,223619.0,190.734,191.12749,0.0036880927291885594
2024-05-29 22:00:00,190.36,190.01,43516.0,190.38000000000002,191.09849,-0.0025721784776903366
2024-05-29 23:00:00,189.99,190.25,22109.0,190.186,190.94499,0.0012630914162412984
2024-05-30 08:00:00,190.01,190.5,25724.0,190.21200000000002,190.77703,0.001314060446780552
2024-05-30 09:00:00,190.5,190.6,7219.0,190.37199999999999,190.69238,0.0005249343832020699
2024-05-30 10:00:00,190.66,190.76,8985.0,190.42399999999998,190.579,0.000839454354669447
2024-05-30 11:00:00,190.7,190.2,33316.0,190.462,190.421,-0.002935625917383111
2024-05-30 12:00:00,190.51,190.46,171438.0,190.504,190.34499999999997,0.0013669821240800176
2024-05-30 13:00:00,190.5,190.89,6848636.0,190.582,190.397,0.0022576919038117104
2024-05-30 14:00:00,190.89,191.25,7092227.0,190.712,190.542,0.0018859028760019575
2024-05-30 15:00:00,191.25,191.47,3979805.0,190.85399999999998,190.639,0.001150326797385615
2024-05-30 16:00:00,191.46,191.748,2908613.0,191.1636,190.8128,0.0014519245834856197
2024-05-30 17:00:00,191.7483,191.94,4000831.0,191.4596,190.9818,0.0010013142249202457
2024-05-30 18:00:00,191.925,191.74,3961179.0,191.62959999999998,191.1058,-0.0010419922892570003
2024-05-30 19:00:00,191.74,191.29,8515607.0,191.6376,191.17479999999998,-0.002346928131845296
2024-05-30 20:00:00,191.29,191.29,1914332.0,191.60160000000002,191.22779999999997,0.0
2024-05-30 21:00:00,191.2903,191.38,87275.0,191.528,191.3458,0.0004704898321919777
2024-05-30 22:00:00,191.39,191.52,41153.0,191.44400000000002,191.4518,0.0007315288953914452
2024-05-30 23:00:00,191.54,191.41,36090.0,191.37800000000001,191.5038,-0.0005743525480368298
2024-05-31 08:00:00,191.0,191.15,24678.0,191.35,191.4938,-0.0013583407345488267
2024-05-31 09:00:00,191.03,190.98,15473.0,191.288,191.4448,-0.0008893539105415428
2024-05-31 10:00:00,190.99,190.68,24582.0,191.148,191.338,-0.0015708451146716042
2024-05-31 11:00:00,190.6,191.2,64659.0,191.084,191.264,0.002727082022236112
2024-05-31 12:00:00,190.84,191.65,315318.0,191.132,191.255,0.002353556485355738
2024-05-31 13:00:00,191.78,191.71,6053516.0,191.244,191.297,0.0003130707018001684
2024-05-31 14:00:00,191.71,191.2001,7404282.0,191.28802,191.28800999999999,-0.002659746492097522
2024-05-31 15:00:00,191.205,190.335,5608228.0,191.21902,191.18351,-0.004524579223546348
2024-05-31 16:00:00,190.33,190.04,3619836.0,190.98701999999997,191.03551,-0.0015498988625319353
2024-05-31 17:00:00,190.04,190.7701,2972908.0,190.81104,190.97152,0.003841822774152923
2024-05-31 18:00:00,190.78,190.76,3215300.0,190.62104,190.93252,-5.294330715359821e-05
2024-05-31 19:00:00,190.763,192.47,14170838.0,190.87502,191.08152,0.008964143426294863
2024-05-31 20:00:00,192.29,192.34,6472320.0,191.27602,191.24752,-0.0006754299371330361
2024-05-31 21:00:00,192.35,192.46,100315.0,191.76002,191.37352,0.0006238951856088413
2024-05-31 22:00:00,192.4435,192.47,31805.0,192.1,191.45552,5.1958848591867944e-05
2024-05-31 23:00:00,192.4509,192.48,15350.0,192.44400000000002,191.53252,5.195614901018811e-05
2024-06-03 08:00:00,192.45,193.1,80613.0,192.57,191.72251,0.003221113881961786
2024-06-03 09:00:00,193.0,192.98,41578.0,192.698,191.98701,-0.0006214396685655337
2024-06-03 10:00:00,193.0,192.8,22266.0,192.766,192.26301,-0.0009327391439526294
2024-06-03 11:00:00,192.85,192.95,65032.0,192.862,192.481,0.0007780082987550687
2024-06-03 12:00:00,192.8014,192.82,234458.0,192.92999999999998,192.687,-0.000673749676081863
2024-06-03 13:00:00,192.8,194.11,9048858.0,193.132,192.851,0.006690177367493105
2024-06-03 14:00:00,194.13,193.95,8849541.0,193.326,193.012,-0.0008242748956778373
2024-06-03 15:00:00,193.94,193.93,4963119.0,193.552,193.159,-0.00010311936065987013
2024-06-03 16:00:00,193.9202,193.255,4366901.0,193.613,193.2375,-0.003480637343371378
2024-06-03 17:00:00,193.255,193.61,4045228.0,193.77100000000002,193.3505,0.001836951178494829
2024-06-03 18:00:00,193.61,193.0499,3694936.0,193.55898,193.34548999999998,-0.002892929084241545
2024-06-03 19:00:00,193.04,194.09,7037846.0,193.58697999999998,193.45649,0.0053877261785683144
2024-06-03 20:00:00,194.03,194.1,1044744.0,193.62097999999997,193.58649,5.1522489566649006e-05
2024-06-03 21:00:00,194.1,194.1,41780.0,193.78997999999999,193.70149,0.0
2024-06-03 22:00:00,194.1,194.03,30998.0,193.87398,193.82249,-0.00036063884595565783
2024-06-03 23:00:00,194.03,194.08,20771.0,194.07999999999998,193.81949,0.0002576921094676667
2024-06-04 08:00:00,194.03,193.31,19151.0,193.92399999999998,193.75549,-0.003967436108821157
2024-06-04 09:00:00,193.25,193.2,18089.0,193.744,193.68249,-0.0005690341937820788
2024-06-04 10:00:00,193.21,193.3,6980.0,193.584,193.68699,0.0005175983436854179
2024-06-04 11:00:00,193.46,193.68,34349.0,193.514,193.69398999999999,0.0019658561821003385
2024-06-04 12:00:00,193.41,193.88,111484.0,193.474,193.777,0.001032631144155249
2024-06-04 13:00:00,193.99,193.18,6447800.0,193.448,193.686,-0.0036104807097172924
2024-06-04 14:00:00,193.18,194.1801,7110733.0,193.64402,193.69401,0.005177036960347879
2024-06-04 15:00:00,194.19,193.8499,3733493.0,193.75400000000002,193.669,-0.0017004832112045422
2024-06-04 16:00:00,193.845,194.525,3654976.0,193.923,193.7185,0.0034825914276974852
2024-06-04 17:00:00,194.525,194.57,2985547.0,194.061,193.7675,0.00023133273358173754
2024-06-04 18:00:00,194.57,194.67,5422046.0,194.35899999999998,193.90349999999998,0.0005139538469445152
2024-06-04 19:00:00,194.66,194.365,7231983.0,194.39598,194.02,-0.001566753993938349
2024-06-04 20:00:00,194.35,194.4,2061486.0,194.506,194.13,0.00018007357291691708
2024-06-04 21:00:00,194.4,194.3994,143605.0,194.48088,194.20193999999998,-3.086419753042676e-06
2024-06-04 22:00:00,194.4,194.5,614289.0,194.46688,194.26394,0.0005174913091294819
2024-06-04 23:00:00,194.51,194.64,23561.0,194.46088,194.40994,0.0007197943444729375
2024-06-05 08:00:00,194.99,194.81,21011.0,194.54987999999997,194.47293,0.0008734073160707764
2024-06-05 09:00:00,194.85,194.79,25516.0,194.62788,194.56694,-0.00010266413428474017
2024-06-05 10:00:00,194.67,194.61,25785.0,194.67000000000002,194.57544000000001,-0.0009240720776219437
2024-06-05 11:00:00,194.82,194.83,45731.0,194.73600000000002,194.60144,0.0011304660603257738
2024-06-05 12:00:00,194.79,195.12,141336.0,194.83200000000002,194.64644,0.0014884771339115743
2024-06-05 13:00:00,195.11,195.78,7548681.0,195.026,194.78794,0.0033825338253382358
2024-06-05 14:00:00,195.75,195.27,6666900.0,195.122,194.87494,-0.002604964756359132
2024-06-05 15:00:00,195.27,196.02,7579242.0,195.404,195.037,0.0038408357658626514
2024-06-05 16:00:00,196.01,196.035,4216039.0,195.64500000000004,195.1905,7.652280379546146e-05
2024-06-05 17:00:00,196.04,196.67,5054941.0,195.95499999999998,195.3935,0.003239217486673252
2024-06-05 18:00:00,196.665,195.83,4348089.0,195.965,195.4955,-0.004271114048914298
2024-06-05 19:00:00,195.83,195.9,8892170.0,196.091,195.6065,0.000357452892815162
2024-06-05 20:00:00,195.87,195.45,1334960.0,195.977,195.69050000000001,-0.0022970903522206076
2024-06-05 21:00:00,195.5,195.4365,801654.0,195.85729999999998,195.75115,-6.907137375284424e-05
2024-06-05 22:00:00,195.42,195.59,44067.0,195.6413,195.79815000000002,0.0007854213516922796
2024-06-05 23:00:00,195.59,195.53,38492.0,195.5813,195.77315000000002,-0.0003067641494964071
2024-06-06 08:00:00,195.65,195.91,45106.0,195.58329999999998,195.83715,0.0019434357899043393
2024-06-06 09:00:00,196.0,195.82,20482.0,195.65730000000002,195.81715,-0.000459394619978579
2024-06-06 10:00:00,195.79,195.92,16215.0,195.754,195.80565,0.000510673067102412
2024-06-06 11:00:00,195.9,195.67,43013.0,195.76999999999998,195.70565,-0.0012760310330747246
2024-06-06 12:00:00,195.9,195.869,146034.0,195.8378,195.70954999999998,0.0010170184494302258
2024-06-06 13:00:00,195.86,196.1101,5640575.0,195.87781999999999,195.73056,0.0012309247507261934
2024-06-06 14:00:00,196.13,195.745,6283791.0,195.86282,195.76005999999998,-0.0018617093153283997
2024-06-06 15:00:00,195.74,195.53,3525750.0,195.78482,195.76941000000002,-0.0010983677744003852
2024-06-06 16:00:00,195.535,195.97,2926260.0,195.84482,195.80740999999998,0.002250294072520829
2024-06-06 17:00:00,195.96,195.475,3206094.0,195.76602,195.80191,-0.002525896820942004
2024-06-06 18:00:00,195.475,195.235,4103375.0,195.591,195.73440999999997,-0.0012277784882976375
2024-06-06 19:00:00,195.235,194.48,7713578.0,195.33800000000002,195.60040999999998,-0.003867134478961374
2024-06-06 20:00:00,194.48,194.45,874495.0,195.122,195.45341000000002,-0.00015425750719868953
2024-06-06 21:00:00,194.45,194.4,48827.0,194.808,195.32641,-0.0002571355104139005
2024-06-06 22:00:00,194.46,194.6408,28720.0,194.64115999999999,195.20359000000002,0.0012386831275720536
2024-06-06 23:00:00,194.63,194.59,18094.0,194.51216,195.05158,-0.0002609935840790292
2024-06-07 08:00:00,195.02,194.73,22774.0,194.56216,194.95008,0.000719461431728179
2024-06-07 09:00:00,194.7,194.89,3230.0,194.65016,194.88608,0.000821650490422619
2024-06-07 10:00:00,194.88,194.9,4528.0,194.75016,194.77908000000002,5.131099594653049e-05
2024-06-07 11:00:00,194.97,195.12,49310.0,194.846,194.74358,0.001128783991790656
2024-06-07 12:00:00,195.0,193.72,568686.0,194.672,194.59208,-0.007175071750717536
2024-06-07 13:00:00,193.65,194.68,6306388.0,194.66199999999998,194.61208000000002,0.00495560602932071
2024-06-07 14:00:00,194.69,195.63,6647853.0,194.81,194.73008,0.004879802753236021
2024-06-07 15:00:00,195.64,195.85,7419011.0,195.0,194.87507999999997,0.0011245718959259768
2024-06-07 16:00:00,195.86,196.32,5321509.0,195.24,195.043,0.0023997957620627976
2024-06-07 17:00:00,196.32,196.505,4306756.0,195.79699999999997,195.2345,0.0009423390383048201
2024-06-07 18:00:00,196.5,195.86,5264770.0,196.033,195.34750000000003,-0.00328235922750048
2024-06-07 19:00:00,195.87,196.9,10424039.0,196.287,195.5485,0.005309915245583539
2024-06-07 20:00:00,196.89,196.95,1176100.0,196.507,195.7535,0.00025393600812586567
2024-06-07 21:00:00,196.9501,196.74,89273.0,196.59099999999998,195.9155,-0.0010662604722009624
2024-06-07 22:00:00,196.8266,196.78,23997.0,196.64600000000002,196.2215,0.00020331401850153522
2024-06-07 23:00:00,196.79,196.9,36762.0,196.85399999999998,196.4435,0.000609818070942192
2024-06-10 08:00:00,197.0,197.39,73420.0,196.952,196.6195,0.002488572879634234
2024-06-10 09:00:00,197.41,197.37,34061.0,197.036,196.7715,-0.0001013222554333138
2024-06-10 10:00:00,197.37,197.42,45739.0,197.172,196.88150000000002,0.00025333130668279345
2024-06-10 11:00:00,197.42,197.59,95953.0,197.334,196.99,0.0008611082970317898
2024-06-10 12:00:00,197.32,197.55,443368.0,197.464,197.159,-0.00020243939470616955
2024-06-10 13:00:00,197.565,195.409,9885950.0,197.06779999999998,197.00990000000002,-0.010837762591749022
2024-06-10 14:00:00,195.42,195.385,8056908.0,196.67079999999999,196.85340000000002,-0.00012281931743164803
2024-06-10 15:00:00,195.38,195.23,5009383.0,196.2328,196.70239999999998,-0.0007933055249891299
2024-06-10 16:00:00,195.235,195.62,7027411.0,195.8388,196.5864,0.0019976438047431995
2024-06-10 17:00:00,195.61,194.95,13808515.0,195.3188,196.3914,-0.003425007667927696
2024-06-10 18:00:00,194.95,193.16,25410436.0,194.869,195.9684,-0.009181841497819913
2024-06-10 19:00:00,193.16,193.13,16383149.0,194.418,195.5444,-0.0001553116587285211
2024-06-10 20:00:00,193.12,192.85,1675871.0,193.942,195.08739999999997,-0.0014498006524102994
2024-06-10 21:00:00,192.8916,192.33,1055513.0,193.284,194.5614,-0.002696396162820751
2024-06-10 22:00:00,192.3,192.54,129539.0,192.802,194.06040000000002,0.0010918733426921413
2024-06-10 23:00:00,192.55,192.33,147580.0,192.636,193.7525,-0.0010906824555935366
2024-06-11 08:00:00,192.48,192.0,81130.0,192.41,193.414,-0.0017158009670878828
2024-06-11 09:00:00,191.93,191.85,32796.0,192.21,193.07599999999996,-0.0007812500000000296
2024-06-11 10:00:00,191.74,192.74,106024.0,192.292,192.788,0.004639040917383449
2024-06-11 11:00:00,192.75,192.85,175414.0,192.354,192.578,0.0005707170281207078
2024-06-11 12:00:00,192.5,193.05,375250.0,192.498,192.567,0.001037075447238875
2024-06-11 13:00:00,193.0,199.13,20501044.0,193.924,193.167,0.03149443149443141
2024-06-11 14:00:00,199.1316,203.24,38778390.0,196.202,194.20600000000002,0.020639783056294953
2024-06-11 15:00:00,203.235,204.3299,29975523.0,198.51998,195.40599,0.005362625467427672
2024-06-11 16:00:00,204.33,205.04,16440608.0,200.95798,196.65599,0.0034752623086488216
2024-06-11 17:00:00,205.0499,204.99,14076457.0,203.34598,197.92199,-0.00024385485758868
2024-06-11 18:00:00,204.985,205.6,11510966.0,204.63998,199.28199,0.002975754914873824
2024-06-11 19:00:00,205.595,207.14,23068942.0,205.41997999999998,200.81099,0.007490272373540817
2024-06-11 20:00:00,207.15,207.69,4270611.0,206.092,202.30599,0.0026552090373660876
2024-06-11 21:00:00,207.68,207.15,259576.0,206.51399999999998,203.73599,-0.002600028889209842
2024-06-11 22:00:00,207.15,206.95,309780.0,206.906,205.12599,-0.000965483948829433
2024-06-11 23:00:00,206.91,206.54,302648.0,207.094,205.86699,-0.0019811548683256663
2024-06-12 08:00:00,206.54,206.33,76514.0,206.93199999999996,206.17599,-0.0010167522029630074
2024-06-12 09:00:00,206.33,206.0,100514.0,206.594,206.343,-0.001599379634566047
2024-06-12 10:00:00,206.0,206.2,67800.0,206.404,206.459,0.0009708737864077118
2024-06-12 11:00:00,206.16,206.2,203915.0,206.254,206.58,0.0
2024-06-12 12:00:00,206.19,206.4,1651049.0,206.22600000000003,206.66,0.00096993210475275
2024-06-12 13:00:00,206.4,214.255,35209866.0,207.811,207.37150000000003,0.03805717054263561
2024-06-12 14:00:00,214.26,216.6031,33026876.0,209.93162,208.26281,0.010959370843154263
2024-06-12 15:00:00,216.61,216.5075,23667127.0,211.99312,209.19856,-0.0004413602575402604
2024-06-12 16:00:00,216.51,215.8257,15185227.0,213.91826,210.08613,-0.00314908259529107
2024-06-12 17:00:00,215.8399,217.49,11505087.0,216.13626,211.18113,0.007711315195548987
2024-06-12 18:00:00,217.49,219.78,24836352.0,217.24126,212.52613000000002,0.010529219734240617
2024-06-12 19:00:00,219.78,213.08,38597736.0,216.53663999999998,213.23413,-0.030485030485030432
2024-06-12 20:00:00,213.07,213.92,1550899.0,216.01914000000002,214.00613000000004,0.003942181340341538
2024-06-12 21:00:00,213.96,213.7,2596684.0,215.594,214.75612999999998,-0.0010284218399401594
2024-06-12 22:00:00,213.74,213.2,280309.0,214.73599999999996,215.43613,-0.002339728591483388
2024-06-12 23:00:00,213.2138,214.2,394421.0,213.61999999999998,215.43063,0.004690431519699813
2024-06-13 08:00:00,214.52,214.19,185969.0,213.842,215.18932,-4.6685340802945405e-05
2024-06-13 09:00:00,214.26,213.5,103311.0,213.75799999999998,214.88857,-0.0032214389093795123
2024-06-13 10:00:00,213.45,213.23,77911.0,213.664,214.629,-0.0012646370023419683
2024-06-13 11:00:00,213.24,213.0,209308.0,213.62399999999997,214.17999999999998,-0.0010786474698681694
2024-06-13 12:00:00,213.43,213.93,1607569.0,213.57,213.59499999999997,0.0043661971830986235
2024-06-13 13:00:00,213.94,214.73,19944000.0,213.67799999999997,213.76,0.0037395409713456874
2024-06-13 14:00:00,214.75,212.8601,13162726.0,213.55002,213.65401000000003,-0.008708145112466825
2024-06-13 15:00:00,212.88,213.74,9848332.0,213.65202,213.65801000000002,0.004133700961335735
2024-06-13 16:00:00,213.745,212.296,9260515.0,213.51122,213.56761,-0.006755871619724978
2024-06-13 17:00:00,212.29,212.6937,6673084.0,213.26396,213.41698000000002,0.0018733278064589753
2024-06-13 18:00:00,212.7,213.98,6902283.0,213.11396,213.39598,0.00604766384711904
2024-06-13 19:00:00,213.97,214.13,17103109.0,213.36794,213.45897999999997,0.0007010000934667057
2024-06-13 20:00:00,214.16,214.71,2986223.0,213.56194,213.60697999999996,0.0027086349413908022
2024-06-13 21:00:00,214.71,214.5,424154.0,214.00274,213.75697999999997,-0.0009780634343999253
2024-06-13 22:00:00,214.46,214.38,52333.0,214.34,213.80198000000001,-0.0005594405594405807
2024-06-13 23:00:00,214.4,214.6,67386.0,214.464,213.78897999999998,0.0010262151320085777
2024-06-14 08:00:00,214.4,214.23,89878.0,214.484,213.92597,-0.001724137931034504
2024-06-14 09:00:00,214.23,213.7,41997.0,214.28199999999998,213.92197000000002,-0.0024739765672408213
2024-06-14 10:00:00,213.65,213.55,93254.0,214.092,214.04737,-0.00070191857744491
2024-06-14 11:00:00,213.4,213.3,98089.0,213.87599999999998,214.108,-0.001170686022008897
2024-06-14 12:00:00,212.8,213.48,326270.0,213.652,214.058,0.000843881856539983
2024-06-14 13:00:00,213.49,213.7499,8663083.0,213.55598,214.01999,0.0012642870526513347
2024-06-14 14:00:00,213.74,213.1115,11403529.0,213.43828,213.86014,-0.0029866680639382293
2024-06-14 15:00:00,213.12,212.55,9157026.0,213.23828000000003,213.66513999999998,-0.002634771000157172
2024-06-14 16:00:00,212.54,212.18,9142480.0,213.01428,213.44513999999998,-0.0017407668783815786
2024-06-14 17:00:00,212.19,212.37,5800456.0,212.79227999999998,213.22214,0.0008954661136770559
2024-06-14 18:00:00,212.37,212.165,4731418.0,212.4753,213.01564,-0.0009652964166314099
2024-06-14 19:00:00,212.16,212.52,10451159.0,212.35700000000003,212.89764,0.0016732260269131016
2024-06-14 20:00:00,212.49,212.49,2566226.0,212.34499999999997,212.79164,-0.00014116318464145084
2024-06-14 21:00:00,212.48,212.6,120333.0,212.429,212.72163999999998,0.0005176714198314519
2024-06-14 22:00:00,212.62,212.69,166596.0,212.49300000000002,212.64263999999997,0.00042333019755410825
2024-06-14 23:00:00,212.69,212.44,45261.0,212.548,212.51165,-0.0011754196248060559
2024-06-17 08:00:00,212.62,214.04,203269.0,212.852,212.6045,0.007531538316701159
2024-06-17 09:00:00,214.01,213.8,47195.0,213.11399999999998,212.7295,-0.0011212857409829036
2024-06-17 10:00:00,213.9,213.89,87126.0,213.37199999999999,212.90050000000002,0.00042095416276882595
2024-06-17 11:00:00,213.71,213.92,147728.0,213.618,213.0555,0.0001402590116415033
2024-06-17 12:00:00,213.78,213.82,607051.0,213.894,213.221,-0.0004674644727000483
2024-06-17 13:00:00,213.87,213.55,11434797.0,213.796,213.324,-0.0012627443644185848
2024-06-17 14:00:00,213.54,216.88,17391465.0,214.41199999999998,213.76299999999998,0.015593537813158436
2024-06-17 15:00:00,216.88,216.345,10138044.0,214.90299999999996,214.1375,-0.0024668019181113823
2024-06-17 16:00:00,216.34,217.074,6220068.0,215.53379999999999,214.5759,0.003369617971295909
2024-06-17 17:00:00,217.08,217.9399,8184859.0,216.35778,215.12589000000003,0.003988962289357464
2024-06-17 18:00:00,217.92,218.7066,8511052.0,217.3891,215.59255000000002,0.0035179423318080555
2024-06-17 19:00:00,218.705,216.71,17135417.0,217.3551,215.88355,-0.009129125504214325
2024-06-17 20:00:00,216.67,216.58,2146742.0,217.40209999999996,216.15255000000002,-0.00059988002399518
2024-06-17 21:00:00,216.58,217.05,91516.0,217.3973,216.46554999999998,0.0021700988087542655
2024-06-17 22:00:00,217.05,216.82,53174.0,217.17332000000002,216.76555,-0.0010596636719650688
2024-06-17 23:00:00,216.8,216.76,76284.0,216.78400000000002,217.08655,-0.00027672723918458755
2024-06-18 08:00:00,216.81,216.9,61165.0,216.82200000000003,217.08855,0.0006458756228087045
2024-06-18 09:00:00,216.96,218.2,130297.0,217.14600000000002,217.27405,0.005993545412632471
2024-06-18 10:00:00,218.17,217.71,33485.0,217.27800000000002,217.33765,-0.0022456461961502324
2024-06-18 11:00:00,217.77,217.83,140446.0,217.48000000000002,217.32666,0.0005511919525975129
2024-06-18 12:00:00,217.8,217.3,419524.0,217.58800000000002,217.186,-0.0024330900243309055
2024-06-18 13:00:00,217.2,214.6666,13963380.0,217.14132,216.98166,-0.012118729866544053
2024-06-18 14:00:00,214.68,215.495,10965318.0,216.60032,216.87316,0.0038590074096297063
2024-06-18 15:00:00,215.4998,213.59,10735526.0,215.77632,216.52716,-0.008840112299589323
2024-06-18 16:00:00,213.58,214.2,7840152.0,215.05032,216.26516,0.0028559389484525736
2024-06-18 17:00:00,214.18,213.575,5741628.0,214.30532,215.94666,-0.0029178338001867414
2024-06-18 18:00:00,213.575,213.865,5641062.0,214.14499999999998,215.64316,0.0013578368254712418
2024-06-18 19:00:00,213.865,214.38,12307191.0,213.92200000000003,215.26116000000002,0.0024080611600775553
2024-06-18 20:00:00,214.29,214.17,1651452.0,214.038,214.90716000000003,-0.0009795689896445936
2024-06-18 21:00:00,214.21,214.06,146482.0,214.01,214.53015999999997,-0.0005136106831021396
2024-06-18 22:00:00,214.05,214.15,60696.0,214.125,214.21516000000003,0.0004204428664860479
2024-06-18 23:00:00,214.11,214.02,43353.0,214.156,214.15050000000002,-0.0006070511323838218
2024-06-20 08:00:00,215.31,214.62,102273.0,214.204,214.06300000000002,0.0028034763106251485
2024-06-20 09:00:00,214.66,214.65,26009.0,214.3,214.169,0.0001397819401733349
2024-06-20 10:00:00,214.69,214.37,35579.0,214.362,214.186,-0.0013044491031912468
2024-06-20 11:00:00,214.36,213.65,109333.0,214.262,214.1935,-0.003358678919624942
2024-06-20 12:00:00,214.3,213.7,1159481.0,214.198,214.177,0.00023402761525852069
2024-06-20 13:00:00,213.67,212.8168,10615246.0,213.83736,214.02068,-0.004132896583996201
2024-06-20 14:00:00,212.82,211.21,13756913.0,213.14935999999997,213.72467999999998,-0.007550155814766469
2024-06-20 15:00:00,211.22,210.8738,11212433.0,212.45011999999997,213.40606000000002,-0.0015917806922021655
2024-06-20 16:00:00,210.88,209.895,7408368.0,211.69912,212.98056000000003,-0.004641638743172354
2024-06-20 17:00:00,209.895,209.8,6556459.0,210.91911999999996,212.55856,-0.0004526072560089514
2024-06-20 18:00:00,209.79,210.022,6898934.0,210.36016,212.09876,0.0010581506196376549
2024-06-20 19:00:00,210.02,209.56,14169029.0,210.03015999999997,211.58976,-0.0021997695479520673
2024-06-20 20:00:00,209.68,209.95,2225471.0,209.8454,211.14776,0.0018610421836227637
2024-06-20 21:00:00,209.95,209.5,83636.0,209.76640000000003,210.73276,-0.002143367468444814
2024-06-20 22:00:00,209.69,210.02,46904.0,209.8104,210.36476000000002,0.0024821002386635335
2024-06-20 23:00:00,210.04,210.0,35543.0,209.80599999999998,210.08308000000002,-9.522902580711471e-05
2024-06-21 08:00:00,209.47,209.0,69549.0,209.69400000000002,209.86208000000002,-0.004761904761904762
2024-06-21 09:00:00,209.0,209.04,25310.0,209.512,209.67870000000002,0.00019138755980857436
2024-06-21 10:00:00,209.09,210.15,43584.0,209.642,209.7042,0.005309988518943808
2024-06-21 11:00:00,210.01,210.35,138942.0,209.708,209.75920000000002,0.000951701165833874
2024-06-21 12:00:00,210.3,211.2,467088.0,209.948,209.877,0.004040884240551435
2024-06-21 13:00:00,211.21,210.43,22473715.0,210.234,209.964,-0.0036458333333332475
2024-06-21 14:00:00,210.44,211.06,9416275.0,210.638,210.075,0.0029938696953856173
2024-06-21 15:00:00,211.055,211.2693,7263149.0,210.86185999999998,210.25193,0.0009916611390125307
2024-06-21 16:00:00,211.28,210.22,7927174.0,210.83586,210.27193000000003,-0.0049666468341590005
2024-06-21 17:00:00,210.225,210.3,5347921.0,210.65586000000002,210.30193,0.00038055370564176816
2024-06-21 18:00:00,210.3,210.16,6575608.0,210.60186,210.41793,-0.0006657156443177117
2024-06-21 19:00:00,210.1699,207.11,24560464.0,209.81186000000002,210.22493,-0.014512752188808447
2024-06-21 20:00:00,207.49,207.65,15697132.0,209.08800000000002,209.97493,0.0026073101250542806
2024-06-21 21:00:00,207.63,207.6999,319055.0,208.58397999999997,209.70992,0.00024030821093189525
2024-06-21 22:00:00,207.69,207.42,161923.0,208.00798,209.33192,-0.001347617403763922
2024-06-21 23:00:00,207.43,207.22,147164.0,207.41998000000004,209.01092,-0.00096422717192165
2024-06-24 08:00:00,207.4,207.78,61974.0,207.55398,208.68292000000002,0.002702441849242362
2024-06-24 09:00:00,207.73,207.06,70844.0,207.43597999999997,208.26199000000003,-0.0034652035807103613
2024-06-24 10:00:00,207.1,207.8,66736.0,207.456,208.01999,0.0035738433304356664
2024-06-24 11:00:00,207.84,207.75,215351.0,207.52200000000002,207.76498999999998,-0.0002406159769009209
2024-06-24 12:00:00,207.7504,207.976,327026.0,207.6732,207.54659,0.0010878459687123903
2024-06-24 13:00:00,207.96,208.7,9592947.0,207.8572,207.70558999999997,0.003481170904335065
2024-06-24 14:00:00,208.7,210.57,11354224.0,208.5592,207.99759,0.008960229995208456
2024-06-24 15:00:00,210.562,211.8499,12721137.0,209.36918,208.41259,0.006078263760269734
2024-06-24 16:00:00,211.83,209.7699,7318659.0,209.77316000000002,208.64757999999998,-0.009818272276739258
2024-06-24 17:00:00,209.765,209.26,5885920.0,210.02996,208.85158,-0.002430758655078808
2024-06-24 18:00:00,209.25,208.85,5978763.0,210.05996,208.95857999999998,-0.0019592850998757364
2024-06-24 19:00:00,208.845,208.15,10952940.0,209.57595999999998,209.06758,-0.003351687814220678
2024-06-24 20:00:00,208.14,208.84,2754160.0,208.97397999999998,209.17158,0.0033149171270718124
2024-06-24 21:00:00,208.9,208.75,68333.0,208.76999999999998,209.27158,-0.0004309519249186143
2024-06-24 22:00:00,208.75,208.9571,57380.0,208.70942,209.36969,0.000992095808383219
2024-06-24 23:00:00,208.95,209.12,58334.0,208.76342,209.41169,0.0007795858575755866
2024-06-25 08:00:00,208.92,209.15,48442.0,208.96341999999999,209.26969,0.00014345830145371622
2024-06-25 09:00:00,208.91,209.01,43186.0,208.99742,208.9857,-0.0006693760459001424
2024-06-25 10:00:00,209.0,209.71,43703.0,209.18942,208.97970999999998,0.003349122051576561
2024-06-25 11:00:00,209.8,209.7,75580.0,209.33800000000002,209.02371,-4.7684898192834514e-05
2024-06-25 12:00:00,209.7,209.7997,534851.0,209.47394,209.11867999999998,0.00047544110634245487
2024-06-25 13:00:00,209.71,210.1096,9548535.0,209.66585999999998,209.31464,0.0014771231798710815
2024-06-25 14:00:00,210.11,209.3,7167897.0,209.72386,209.36064000000002,-0.0038532270776775028
2024-06-25 15:00:00,209.29,210.33,4854305.0,209.84786,209.51864,0.004921165790731014
2024-06-25 16:00:00,210.32,209.7166,3176198.0,209.85118000000003,209.59459,-0.0029163695145723997
2024-06-25 17:00:00,209.715,210.28,3559511.0,209.94724000000002,209.71059,0.0026864826151101126
2024-06-25 18:00:00,210.2801,210.46,3555972.0,210.01732,209.84159,0.0008560015217805156
2024-06-25 19:00:00,210.45,209.07,7637311.0,209.97132000000002,209.84759,-0.006604580442839564
2024-06-25 20:00:00,209.07,209.1608,1803288.0,209.73748,209.79267,0.00043430429999522435
2024-06-25 21:00:00,209.14,209.26,364826.0,209.64616,209.74867,0.0004742762506167321
2024-06-25 22:00:00,209.26,209.19,31118.0,209.42816,209.6877,-0.0003345120902226569
2024-06-25 23:00:00,209.13,209.14,42661.0,209.16415999999998,209.59074,-0.00023901716143224518
2024-06-26 08:00:00,209.35,209.9,44706.0,209.33015999999998,209.65073999999998,0.003633929425265465
2024-06-26 09:00:00,209.73,209.7,5235.0,209.43800000000002,209.58774,-0.0009528346831825491
2024-06-26 10:00:00,209.7,211.0,140149.0,209.786,209.71608,0.006199332379589945
2024-06-26 11:00:00,211.0,211.15,149083.0,210.17799999999997,209.80308,0.0007109004739336763
2024-06-26 12:00:00,210.9,210.38,343927.0,210.42600000000002,209.79508,-0.003646696661141417
2024-06-26 13:00:00,210.3969,211.53,8850916.0,210.752,210.04107999999997,0.005466299077859139
2024-06-26 14:00:00,211.49,213.195,10616524.0,211.45100000000002,210.4445,0.007871223939866648
2024-06-26 15:00:00,213.195,214.27,7706558.0,212.10500000000002,210.94549999999998,0.005042332137245325
2024-06-26 16:00:00,214.26,213.83,5815138.0,212.641,211.40949999999998,-0.0020534839221542805
2024-06-26 17:00:00,213.83,214.0122,3837066.0,213.36744000000004,211.89672000000002,0.000852078754150468
2024-06-26 18:00:00,214.01,214.15,6086433.0,213.89144000000002,212.32172,0.0006438885259812225
2024-06-26 19:00:00,214.15,213.1,9195956.0,213.87244,212.66172,-0.004903105300023401
2024-06-26 20:00:00,213.25,213.22,1512902.0,213.66244,212.88371999999998,0.000563115908024423
2024-06-26 21:00:00,213.23,212.95,1527993.0,213.48644,213.06372000000002,-0.0012662977206641507
2024-06-26 22:00:00,212.96,212.65,37233.0,213.214,213.29072000000002,-0.001408781404085386
2024-06-26 23:00:00,212.61,212.8,68839.0,212.94400000000002,213.41772,0.0007053844345168384
2024-06-27 08:00:00,213.08,213.1,8398.0,212.94400000000002,213.40821999999997,0.0014097744360901453
2024-06-27 09:00:00,213.19,213.8,29810.0,213.06,213.36122,0.00328484279680909
2024-06-27 10:00:00,213.84,213.99,16817.0,213.26799999999997,213.37722,0.0008886810102899799
2024-06-27 11:00:00,214.06,214.16,63233.0,213.57,213.392,0.0007944296462450932
2024-06-27 12:00:00,213.92,214.41,206556.0,213.892,213.41799999999998,0.0011673515128875606
2024-06-27 13:00:00,214.4195,214.41,9643428.0,214.154,213.54900000000004,0.0
2024-06-27 14:00:00,214.42,213.28,8449049.0,214.05,213.555,-0.005270276572921018
2024-06-27 15:00:00,213.275,213.205,4814111.0,213.89300000000003,213.58049999999997,-0.0003516504126030975
2024-06-27 16:00:00,213.2,213.67,4391510.0,213.795,213.68250000000003,0.0021809995075161227
2024-06-27 17:00:00,213.67,213.635,2811241.0,213.64000000000001,213.766,-0.0001638039968175064
2024-06-27 18:00:00,213.635,213.74,3597346.0,213.506,213.83,0.000491492498888376
2024-06-27 19:00:00,213.75,214.11,6892840.0,213.67200000000003,213.86100000000002,0.001731075138018174
2024-06-27 20:00:00,214.07,214.15,735213.0,213.86100000000002,213.877,0.0001868198589509693
2024-06-27 21:00:00,214.15,214.19,18890.0,213.965,213.88000000000002,0.0001867849638103761
2024-06-27 22:00:00,214.1201,214.47,33556.0,214.13199999999998,213.88600000000002,0.0013072505719221306
2024-06-27 23:00:00,214.4666,214.45,27557.0,214.27399999999997,213.89000000000001,-9.325313563673349e-05
2024-06-28 08:00:00,214.12,214.69,12664.0,214.39000000000001,214.031,0.0011191419911401683
2024-06-28 09:00:00,214.68,216.32,81306.0,214.82399999999998,214.34249999999997,0.0075923424472495015
2024-06-28 10:00:00,216.3,216.15,44401.0,215.21599999999998,214.59050000000002,-0.000785872781065031
2024-06-28 11:00:00,216.11,215.92,124279.0,215.506,214.81900000000002,-0.0010640758732362626
2024-06-28 12:00:00,215.8,215.839,380431.0,215.78379999999999,215.02890000000002,-0.00037513894034822557
2024-06-28 13:00:00,215.8,214.325,7759838.0,215.7108,215.0504,-0.00701448765051733
2024-06-28 14:00:00,214.34,214.37,8376329.0,215.32080000000002,215.07240000000002,0.00020996150705711382
2024-06-28 15:00:00,214.36,214.19,5908951.0,214.9288,215.07240000000002,-0.0008396697299062687
2024-06-28 16:00:00,214.185,213.955,5384908.0,214.53580000000002,215.02089999999998,-0.0010971567300060005
2024-06-28 17:00:00,213.95,213.92,3929889.0,214.152,214.96790000000001,-0.00016358580075261157
2024-06-28 18:00:00,213.92,213.145,4456278.0,213.916,214.8134,-0.0036228496634254734
2024-06-28 19:00:00,213.15,210.61,16327171.0,213.164,214.2424,-0.011893312064556976
2024-06-28 20:00:00,210.63,211.23,8074179.0,212.57199999999997,213.75039999999998,0.002943829827643398
2024-06-28 21:00:00,211.2107,211.18,130624.0,212.017,213.27640000000002,-0.00023670880083313426
2024-06-28 22:00:00,211.2,211.19,13339.0,211.471,212.81150000000002,4.735296903111519e-05
2024-06-28 23:00:00,211.19,211.66,50076.0,211.17399999999998,212.545,0.002225484161181869
2024-07-01 08:00:00,211.89,211.09,53813.0,211.26999999999998,212.217,-0.0026929982046678316
2024-07-01 09:00:00,211.09,210.99,36353.0,211.22199999999998,211.89700000000002,-0.0004737315836846573
2024-07-01 10:00:00,211.19,211.15,9813.0,211.21599999999998,211.6165,0.0007583297786624796
2024-07-01 11:00:00,211.14,211.65,57258.0,211.308,211.3895,0.0023679848448969927
2024-07-01 12:00:00,211.32,211.45,204114.0,211.266,211.22000000000003,-0.0009449562957714011
2024-07-01 13:00:00,211.51,213.15,7982331.0,211.67800000000003,211.474,0.00803972570347608
2024-07-01 14:00:00,213.15,215.36,10725670.0,212.552,211.887,0.010368285245132574
2024-07-01 15:00:00,215.36,215.69,6204418.0,213.45999999999998,212.33800000000002,0.0015323179791975486
2024-07-01 16:00:00,215.685,216.9824,9128005.0,214.52648,212.91724,0.005991932866614191
2024-07-01 17:00:00,216.9999,216.72,5525382.0,215.58048,213.42324,-0.0012093146725264986
2024-07-01 18:00:00,216.72,215.75,4471988.0,216.10048,213.88924000000003,-0.004475821336286447
2024-07-01 19:00:00,215.74,216.73,8220383.0,216.37448,214.46323999999998,0.00454229432213205
2024-07-01 20:00:00,216.75,216.95,1393331.0,216.62648,215.04324000000003,0.0010150878973838365
2024-07-01 21:00:00,216.93,217.05,167252.0,216.63999999999996,215.58324,0.00046093569947002876
2024-07-01 22:00:00,217.05,216.8006,38801.0,216.65612000000002,216.1183,-0.0011490439990785924
2024-07-01 23:00:00,216.9267,216.66,49191.0,216.83811999999998,216.46930000000003,-0.0006485221904367713
2024-07-02 08:00:00,216.5,216.1,40576.0,216.71212,216.5433,-0.0025846949136896624
2024-07-02 09:00:00,216.07,215.9,18157.0,216.50212000000002,216.5643,-0.0009254974548819465
2024-07-02 10:00:00,215.9,215.99,8978.0,216.29012000000003,216.46506,0.00041685965724874203
2024-07-02 11:00:00,216.05,215.7,52669.0,216.07,216.36306,-0.0013426547525349343
2024-07-02 12:00:00,215.92,215.7,181140.0,215.878,216.35805999999997,0.0
2024-07-02 13:00:00,215.76,217.985,8055169.0,216.25500000000002,216.48355999999998,0.0105934167825685
2024-07-02 14:00:00,218.0,219.5398,11621365.0,216.98296,216.74254000000002,0.0071326008670321355
2024-07-02 15:00:00,219.54,219.27,8841214.0,217.63896,216.96454,-0.0012289343435677885
2024-07-02 16:00:00,219.26,219.17,4020105.0,218.33296,217.20148,-0.00045605874036586276
2024-07-02 17:00:00,219.1601,219.5998,3207431.0,219.11291999999997,217.49546,0.001961034813158736
2024-07-02 18:00:00,219.59,219.78,5020530.0,219.47192,217.86346000000003,0.0008205836253039095
2024-07-02 19:00:00,219.78,220.37,6748517.0,219.63796000000002,218.31046,0.0026845026845027
2024-07-02 20:00:00,220.27,219.68,1789491.0,219.71996,218.67946,-0.003131097699323854
2024-07-02 21:00:00,219.68,219.55,73889.0,219.79596,219.06446,-0.0005917698470502342
2024-07-02 22:00:00,219.6,219.5915,42516.0,219.79430000000002,219.45361000000003,0.00018902300159410153
2024-07-02 23:00:00,219.6,219.41,42541.0,219.7203,219.59611,-0.0008265347247047348
2024-07-03 08:00:00,220.0,219.7,34981.0,219.5863,219.61212999999998,0.00132172644820196
2024-07-03 09:00:00,219.62,219.71,26352.0,219.59229999999997,219.65613,4.551661356403881e-05
2024-07-03 10:00:00,219.71,219.6,24804.0,219.6023,219.69913000000003,-0.000500659960857556
2024-07-03 11:00:00,219.64,219.45,71816.0,219.57399999999998,219.68415,-0.0006830601092896434
2024-07-03 12:00:00,219.635,219.61,229498.0,219.61399999999998,219.66715,0.0007290954659376852
2024-07-03 13:00:00,219.6001,221.14,8294137.0,219.902,219.74415,0.006966895860844099
2024-07-03 14:00:00,221.16,220.54,9067357.0,220.06799999999998,219.83015,-0.0027132133490096514
2024-07-03 15:00:00,220.55,220.3099,5592732.0,220.20998,219.90614,-0.0010433481454611095
2024-07-03 16:00:00,220.32,221.54,8297898.0,220.62797999999998,220.10099,0.005583498517315804
2024-07-03 17:00:00,221.51,221.55,4468411.0,221.01597999999998,220.31499,4.5138575426646775e-05
2024-07-03 20:00:00,220.88,221.08,14189.0,221.00398,220.45299,-0.002121417287294059
2024-07-05 08:00:00,221.86,221.31,32353.0,221.15798,220.61299,0.0010403473855617412
2024-07-05 09:00:00,221.34,221.5,7709.0,221.39600000000002,220.80299,0.000858524242013455
2024-07-05 10:00:00,221.46,221.46,6684.0,221.38000000000002,221.00399,-0.000180586907449174
2024-07-05 11:00:00,221.38,221.73,59210.0,221.416,221.21599,0.0012191817935518008
2024-07-05 12:00:00,221.15,221.3,207446.0,221.45999999999998,221.23199,-0.0019392955396201614
2024-07-05 13:00:00,221.4628,224.1052,9442013.0,222.01904,221.58850999999999,0.012676005422503321
2024-07-05 14:00:00,224.11,224.26,11256664.0,222.57103999999998,221.98352,0.0006907470241654121
2024-07-05 15:00:00,224.25,225.3,5607281.0,223.33904,222.35952000000003,0.004637474360117812
2024-07-05 16:00:00,225.3,225.07,4113376.0,224.00704000000002,222.71151999999998,-0.0010208610741234718
2024-07-05 17:00:00,225.065,225.135,4643187.0,224.77404,223.11702,0.0002887990402985637
2024-07-05 18:00:00,225.1399,225.23,3668253.0,224.99900000000002,223.50902000000002,0.0004219690407977385
2024-07-05 19:00:00,225.23,226.32,9741993.0,225.411,223.99102,0.004839497402655079
2024-07-05 20:00:00,226.34,226.2,2555968.0,225.59099999999998,224.46502,-0.0005302226935313032
2024-07-05 21:00:00,226.2,226.3116,37298.0,225.83932,224.92318,0.0004933687002652958
2024-07-05 22:00:00,226.32,226.35,21192.0,226.08231999999998,225.42817999999997,0.00016967755961248018
2024-07-05 23:00:00,226.35,226.5092,60531.0,226.33816000000002,225.66858000000002,0.0007033355423017383
2024-07-08 08:00:00,227.6,227.5,61379.0,226.57415999999998,225.99258,0.004374215263662612
2024-07-08 09:00:00,227.36,227.16,21446.0,226.76615999999999,226.17857999999995,-0.0014945054945055096
2024-07-08 10:00:00,227.23,227.1,15437.0,226.92384,226.38157999999999,-0.00026413100898046434
2024-07-08 11:00:00,227.1,227.84,108457.0,227.22184,226.65207999999998,0.003258476442096033
2024-07-08 12:00:00,227.0,227.48,662545.0,227.416,226.87707999999998,-0.0015800561797753407
2024-07-08 13:00:00,227.48,223.67,10590261.0,226.65,226.61207999999996,-0.016748725162651672
2024-07-08 14:00:00,223.67,225.42,8718618.0,226.302,226.53408,0.007824026467563822
2024-07-08 15:00:00,225.43,226.5,7216874.0,226.18200000000002,226.55292,0.004791056694170937
2024-07-08 16:00:00,226.49,226.68,5105139.0,225.95,226.58592,0.000794701986754997
2024-07-08 17:00:00,226.69,226.46,4309816.0,225.746,226.581,-0.0009705311452267463
2024-07-08 18:00:00,226.45,226.976,4766366.0,226.40720000000002,226.5286,0.002278548087962515
2024-07-08 19:00:00,226.975,227.8,8535529.0,226.88320000000004,226.5926,0.0036303397716058628
2024-07-08 20:00:00,227.82,227.65,1331014.0,227.1132,226.6476,-0.0006584723441615701
2024-07-08 21:00:00,227.64,227.95,153421.0,227.3672,226.65859999999998,0.0013178124313638609
2024-07-08 22:00:00,227.9,227.86,33997.0,227.64719999999997,226.6966,-0.00039482342618984425
2024-07-08 23:00:00,227.9176,228.39,78998.0,227.93,227.16860000000003,0.00232598964276298
2024-07-09 08:00:00,228.27,227.55,46737.0,227.88000000000002,227.3816,-0.003677919348482749
2024-07-09 09:00:00,227.74,227.47,25062.0,227.844,227.4786,-0.00035157108327845527
2024-07-09 10:00:00,227.63,227.74,9126.0,227.802,227.5846,0.001186969710291512
2024-07-09 11:00:00,227.74,227.53,62949.0,227.73600000000002,227.69160000000002,-0.0009221041538596995
2024-07-09 12:00:00,227.75,228.3002,235025.0,227.71804000000003,227.82402000000002,0.0033850481255218584
2024-07-09 13:00:00,228.3,228.175,7097198.0,227.84304000000003,227.86151999999998,-0.0005484007460351687
2024-07-09 14:00:00,228.175,228.42,11235687.0,228.03303999999997,227.93852,0.0010737372630655248
2024-07-09 15:00:00,228.43,228.2001,4943433.0,228.12506,227.96353,-0.0009627002889414043
2024-07-09 16:00:00,228.21,228.5101,4301927.0,228.32108,228.02854000000002,0.0013584568981345857
2024-07-09 17:00:00,228.525,228.1,3397684.0,228.28104,227.99953999999997,-0.0017946690321346843
2024-07-09 18:00:00,228.1,228.29,3321088.0,228.30404,228.07354,0.0008329679964927564
2024-07-09 19:00:00,228.28,228.7,6505828.0,228.36003999999997,228.19654,0.0017959612773226887
2024-07-09 20:00:00,228.68,228.62,1077004.0,228.44402,228.28454000000002,-0.0003498032356798605
2024-07-09 21:00:00,228.6196,228.68,38347.0,228.47799999999998,228.39953999999997,0.0002624442306010072
2024-07-09 22:00:00,228.68,228.9365,61904.0,228.6453,228.46317000000005,0.0011216547140107942
2024-07-09 23:00:00,228.95,229.0,38464.0,228.78730000000002,228.54567000000003,0.0002773694889194374
2024-07-10 08:00:00,229.11,229.11,21731.0,228.8693,228.61467,0.0004803493449782255
2024-07-10 09:00:00,229.21,229.12,10156.0,228.96930000000003,228.70666,4.364715638772164e-05
2024-07-10 10:00:00,229.13,229.55,50730.0,229.1433,228.81064999999998,0.0018767458100558956
2024-07-10 11:00:00,229.42,229.7,41797.0,229.296,228.97065000000003,0.000653452406882933
2024-07-10 12:00:00,229.57,229.55,316628.0,229.406,229.09665,-0.000653025685676871
2024-07-10 13:00:00,229.56,231.3013,9043449.0,229.84426000000002,229.35678,0.0076292746678283
2024-07-10 14:00:00,231.31,230.2872,8945499.0,230.0777,229.5235,-0.004384324688188025
2024-07-10 15:00:00,230.29,231.28,4803127.0,230.4237,229.7835,0.004311138439305304
2024-07-10 16:00:00,231.29,231.324,11223801.0,230.7485,230.02224999999999,0.00019024558976137642
2024-07-10 17:00:00,231.32,231.96,5798984.0,231.23050000000003,230.31824999999998,0.0027493904653213487
2024-07-10 18:00:00,231.965,232.155,3656340.0,231.40124,230.62275000000005,0.0008406621831349939
2024-07-10 19:00:00,232.145,232.91,9492023.0,231.92580000000004,231.00175,0.00325213758049577
2024-07-10 20:00:00,232.98,232.55,997041.0,232.17979999999997,231.30175,-0.0015456614142801306
2024-07-10 21:00:00,232.54,232.6742,100222.0,232.44984,231.59917000000002,0.0005340786927542544
2024-07-10 22:00:00,232.6802,232.5018,40010.0,232.5582,231.89435000000003,-0.0007409502213825611
2024-07-10 23:00:00,232.5,232.37,34632.0,232.6012,232.00122000000002,-0.0005668773317023712
2024-07-11 08:00:00,232.81,232.7,37698.0,232.5592,232.24249999999998,0.001420148900460404
2024-07-11 09:00:00,232.68,232.7,14912.0,232.58919999999998,232.38450000000003,0.0
2024-07-11 10:00:00,232.69,232.63,9975.0,232.58035999999998,232.5151,-0.00030081650193379105
2024-07-11 11:00:00,232.62,232.14,61111.0,232.50799999999998,232.53310000000002,-0.002106349138116361
2024-07-11 12:00:00,232.58,232.06,735257.0,232.446,232.5236,-0.00034461962608763714
2024-07-11 13:00:00,232.0,231.83,8733382.0,232.27200000000002,232.41559999999998,-0.0009911229854347573
2024-07-11 14:00:00,231.83,226.66,12467578.0,231.064,231.82659999999996,-0.022300823879566993
2024-07-11 15:00:00,226.66,226.86,9308693.0,229.91,231.24517999999998,0.0008823788934969428
2024-07-11 16:00:00,226.864,227.72,6994714.0,229.026,230.767,0.00379088424579029
2024-07-11 17:00:00,227.72,226.82,3442991.0,227.978,230.212,-0.003952222027050789
2024-07-11 18:00:00,226.82,227.87,3575593.0,227.186,229.72899999999998,0.004629221409046871
2024-07-11 19:00:00,227.88,227.55,8354897.0,227.36400000000003,229.214,-0.0014043094747004572
2024-07-11 20:00:00,227.69,227.71,688402.0,227.53400000000002,228.72200000000004,0.0007031421665567856
2024-07-11 21:00:00,227.7,227.9,72261.0,227.57,228.298,0.0008343946247419864
2024-07-11 22:00:00,227.85,228.34,92484.0,227.87400000000002,227.926,0.0019306713470820436
2024-07-11 23:00:00,228.42,228.05,128412.0,227.91,227.548,-0.0012700359113602174
2024-07-12 08:00:00,228.0,228.37,40825.0,228.074,227.719,0.0014032010524007593
2024-07-12 09:00:00,228.47,228.44,23400.0,228.21999999999997,227.877,0.0003065201208564749
2024-07-12 10:00:00,228.47,228.3,18300.0,228.3,227.93500000000003,-0.0006128523901242618
2024-07-12 11:00:00,228.3,228.58,70265.0,228.348,228.11100000000002,0.0012264564169951868
2024-07-12 12:00:00,228.31,228.2,717904.0,228.37800000000001,228.144,-0.0016624376585879074
2024-07-12 13:00:00,228.27,231.35,8270479.0,228.97400000000002,228.52400000000003,0.013803680981595118
2024-07-12 14:00:00,231.36,231.85,8779050.0,229.656,228.93800000000002,0.002161227577263886
2024-07-12 15:00:00,231.84,230.9001,6397054.0,230.17602000000002,229.23800999999997,-0.004097045503558272
2024-07-12 16:00:00,230.9,231.445,4765757.0,230.74902000000003,229.54851000000002,0.0023598950368578626
2024-07-12 17:00:00,231.45,232.295,4461024.0,231.56802,229.97301000000002,0.0036725787984186065
2024-07-12 18:00:00,232.28,232.22,3214275.0,231.74202,230.35801,-0.0003228653221119208
2024-07-12 19:00:00,232.215,230.56,7879621.0,231.48402000000002,230.57001,-0.007148393764533617
2024-07-12 20:00:00,230.54,230.18,1252972.0,231.33999999999997,230.75801,-0.0016481609993060178
2024-07-12 21:00:00,230.18,230.28,168369.0,231.10700000000003,230.92801,0.00043444261013117697
2024-07-12 22:00:00,230.27,230.23,10980.0,230.69400000000002,231.13101,-0.00021712697585552965
2024-07-12 23:00:00,230.23,230.427,24644.0,230.3354,231.03870999999998,0.0008556660730573893
2024-07-15 08:00:00,232.22,234.4,226373.0,231.10340000000002,231.29371,0.0172419030755945
2024-07-15 09:00:00,234.5,235.07,175817.0,232.08139999999997,231.7107,0.002858361774743974
2024-07-15 10:00:00,235.0,235.09,66472.0,233.04340000000002,232.0752,8.508103969034855e-05
2024-07-15 11:00:00,235.03,234.7,225517.0,233.93739999999997,232.31569999999996,-0.0016589391296950732
2024-07-15 12:00:00,234.9101,235.06,552522.0,234.86399999999998,232.59969999999998,0.0015338730293992912
2024-07-15 13:00:00,235.1,234.4901,13966205.0,234.88202,232.99271,-0.0024244873649280603
2024-07-15 14:00:00,234.5,235.5013,8688567.0,234.96828,233.52483999999998,0.004312335574081694
2024-07-15 15:00:00,235.51,235.09,7987526.0,234.96828,234.00583999999998,-0.001746487174380706
2024-07-15 16:00:00,235.09,235.4529,3690337.0,235.11885999999998,234.52813,0.001543664128631572
2024-07-15 17:00:00,235.46,234.5499,4208948.0,235.01684,234.94042,-0.003835161936845932
2024-07-15 18:00:00,234.538,234.7837,3611405.0,235.07556,234.97879000000003,0.0009968028125358493
2024-07-15 19:00:00,234.78,234.42,8079199.0,234.8593,234.91379,-0.0015490853922142925
2024-07-15 20:00:00,234.4,234.95,4320792.0,234.8313,234.89979,0.002260899240679128
2024-07-15 21:00:00,234.9799,234.99,108210.0,234.73872,234.92879000000002,0.00017024898914671404
2024-07-15 22:00:00,234.99,235.26,42048.0,234.88074,234.94879,0.001148985063194101
2024-07-15 23:00:00,235.26,235.57,52508.0,235.038,235.05678000000003,0.0013176910652044644
2024-07-16 08:00:00,236.0,235.01,54990.0,235.156,235.00764999999996,-0.0023772127180880513
2024-07-16 09:00:00,235.05,234.99,22259.0,235.164,234.99765000000002,-8.510276158453602e-05
2024-07-16 10:00:00,235.0,235.15,13911.0,235.196,234.96736,0.0006808800374483875
2024-07-16 11:00:00,235.15,235.18,49701.0,235.17999999999998,235.03037,0.00012757814161174202
2024-07-16 12:00:00,235.08,234.82,225559.0,235.03000000000003,235.03400000000002,-0.0015307424100689413
2024-07-16 13:00:00,234.85,234.4,6921829.0,234.908,235.03199999999998,-0.0017886040371347734
2024-07-16 14:00:00,234.37,234.1,7223363.0,234.73000000000002,234.94700000000003,-0.0012798634812287175
2024-07-16 15:00:00,234.092,233.91,3540704.0,234.48200000000003,234.839,-0.000811618966253728
2024-07-16 16:00:00,233.92,233.59,5200785.0,234.164,234.67200000000003,-0.0013680475396519738
2024-07-16 17:00:00,233.56,234.13,2957492.0,234.026,234.52799999999996,0.0023117427972087507
2024-07-16 18:00:00,234.1136,234.79,3113904.0,234.10399999999998,234.506,0.0028189467389911444
2024-07-16 19:00:00,234.795,234.81,4563513.0,234.246,234.488,8.518250351382185e-05
2024-07-16 20:00:00,234.82,234.55,587825.0,234.37399999999997,234.42799999999997,-0.0011072782249477915
2024-07-16 21:00:00,234.56,234.64,23041.0,234.584,234.37399999999997,0.00038371349392442967
2024-07-16 22:00:00,234.62,234.65,20006.0,234.68800000000002,234.35699999999997,4.2618479372738354e-05
2024-07-16 23:00:00,234.6512,234.3195,35332.0,234.59390000000002,234.34895,-0.0014084807159599432
2024-07-17 08:00:00,233.41,231.14,146320.0,233.8599,234.05294999999995,-0.01356907982476925
2024-07-17 09:00:00,231.0,231.0,49887.0,233.14990000000003,233.76194999999998,-0.0006056935190792869
2024-07-17 10:00:00,230.94,230.15,92555.0,232.25189999999998,233.41794999999996,-0.003679653679653655
2024-07-17 11:00:00,230.49,229.8,288530.0,231.2819,232.98495000000003,-0.0015207473386921325
2024-07-17 12:00:00,230.5469,230.1002,556357.0,230.43804,232.51597,0.0013063533507397284
2024-07-17 13:00:00,230.1001,229.01,10330637.0,230.01204,231.93597,-0.004737935907921897
2024-07-17 14:00:00,229.0,227.77,9285999.0,229.36604000000003,231.25797000000003,-0.005414610715689187
2024-07-17 15:00:00,227.765,228.71,5233229.0,229.07804000000002,230.66497000000004,0.004126970189225964
2024-07-17 16:00:00,228.72,228.71,3943532.0,228.86004000000003,230.07097000000005,0.0
2024-07-17 17:00:00,228.72,228.631,3478637.0,228.56620000000004,229.50212000000002,-0.0003454155917975066
2024-07-17 18:00:00,228.64,229.2,4859122.0,228.6042,229.30812,0.0024887263756882853
2024-07-17 19:00:00,229.195,228.88,8880075.0,228.82620000000003,229.09612,-0.0013961605584641937
2024-07-17 20:00:00,228.88,229.05,1236065.0,228.8942,228.98612000000003,0.0007427472911570077
2024-07-17 21:00:00,229.05,228.93,871143.0,228.9382,228.89911999999998,-0.0005239030779306027
2024-07-17 22:00:00,228.97,229.1859,45110.0,229.04918000000004,228.80769,0.0011178089372297073
2024-07-17 23:00:00,229.1,229.13,33969.0,229.03518,228.81968999999998,-0.0002439068022945926
2024-07-18 08:00:00,229.34,231.04,57747.0,229.46718,229.14668999999998,0.008335879195216675
2024-07-18 09:00:00,231.1,230.48,40219.0,229.75318000000001,229.32369,-0.0024238227146814503
2024-07-18 10:00:00,230.34,230.07,33451.0,229.98118,229.45968999999997,-0.0017788962165914467
2024-07-18 11:00:00,230.09,230.0,64099.0,230.144,229.59658999999996,-0.00030425522667011423
2024-07-18 12:00:00,229.85,230.94,295044.0,230.506,229.77059,0.004086956521739121
2024-07-18 13:00:00,230.912,227.03,7302709.0,229.704,229.58559,-0.016930804537975217
2024-07-18 14:00:00,227.005,226.59,9377687.0,228.92600000000002,229.33959,-0.0019380698586089844
2024-07-18 15:00:00,226.59,223.49,12214995.0,227.60999999999999,228.79559,-0.01368109801844739
2024-07-18 16:00:00,223.49,224.21,6840341.0,226.452,228.298,0.0032216206541679665
2024-07-18 17:00:00,224.2,224.7,5884951.0,225.204,227.85499999999996,0.0021854511395565795
2024-07-18 18:00:00,224.71,224.785,4093703.0,224.75500000000002,227.2295,0.000378282153983124
2024-07-18 19:00:00,224.78,224.19,7776628.0,224.275,226.6005,-0.0026469737749404937
2024-07-18 20:00:00,224.18,224.74,4995889.0,224.525,226.06750000000002,0.0024532762389045514
2024-07-18 21:00:00,224.73,225.17,75625.0,224.717,225.5845,0.0019133220610482262
2024-07-18 22:00:00,225.17,225.26,49369.0,224.829,225.0165,0.00039969800595107436
2024-07-18 23:00:00,225.25,224.9887,21479.0,224.86974,224.81237000000002,-0.0012043860427949772
2024-07-19 08:00:00,224.13,223.0,85232.0,224.63173999999998,224.45337,-0.008839110586442761
2024-07-19 09:00:00,222.93,224.85,72027.0,224.65374000000003,224.58937,0.008295964125560513
2024-07-19 10:00:00,224.79,225.1,57424.0,224.63974,224.67837,0.0011118523460084502
2024-07-19 11:00:00,225.0,225.9,84463.0,224.76774,224.79836999999998,0.0035539760106619786
2024-07-19 12:00:00,225.15,226.28,678824.0,225.026,224.94787000000002,0.0016821602478972796
2024-07-19 13:00:00,226.3,225.825,9813652.0,225.59099999999998,225.11137,-0.0020107831005834035
2024-07-19 14:00:00,225.81,224.8,6506610.0,225.581,225.11737,-0.004538912875013738
2024-07-19 15:00:00,224.81,224.99,6046776.0,225.55900000000003,225.09937,0.0008451957295373564
2024-07-19 16:00:00,224.97,223.99,3853144.0,225.177,224.97237,-0.004444641984088182
2024-07-19 17:00:00,223.97,224.61,3120084.0,224.84300000000002,224.9345,0.0027679807134247266
2024-07-19 18:00:00,224.6,224.44,3221792.0,224.56599999999997,225.0785,-0.0007568674591514888
2024-07-19 19:00:00,224.45,224.33,7448044.0,224.47200000000004,225.0265,-0.0004901087150239941
2024-07-19 20:00:00,224.31,224.46,366172.0,224.36600000000004,224.9625,0.0005795034101546625
2024-07-19 21:00:00,224.46,224.35,448959.0,224.43800000000002,224.80749999999998,-0.0004900650449969422
2024-07-19 22:00:00,224.35,224.3,136846.0,224.37599999999998,224.60949999999997,-0.00022286605749936682
2024-07-19 23:00:00,224.3007,224.3271,10439.0,224.35342,224.45971,0.00012082032991524802
2024-07-22 08:00:00,224.35,225.4,20577.0,224.56742,224.51970999999998,0.004782748049611501
2024-07-22 09:00:00,225.4,225.65,8079.0,224.80542,224.58571,0.0011091393078970719
2024-07-22 10:00:00,225.62,226.5,28506.0,225.23542000000003,224.83670999999998,0.00376689563483268
2024-07-22 11:00:00,226.5,226.78,69534.0,225.73141999999999,225.05371,0.0012362030905077313
2024-07-22 12:00:00,226.4091,226.8,313759.0,226.22600000000003,225.28971,8.819119851843298e-05
2024-07-22 13:00:00,226.8,226.71,6063265.0,226.488,225.52771,-0.00039682539682541184
2024-07-22 14:00:00,226.7,225.96,6117944.0,226.55,225.67771000000002,-0.0033081910811168453
2024-07-22 15:00:00,225.96,224.0007,6677349.0,226.05014,225.64278,-0.008671003717472177
2024-07-22 16:00:00,224.0,224.28,3752577.0,225.55014,225.64078,0.0012468711035278296
2024-07-22 17:00:00,224.31,225.19,3521927.0,225.22814,225.72707,0.00405742821473157
2024-07-22 18:00:00,225.21,225.14,2842161.0,224.91414,225.70107,-0.00022203472623123305
2024-07-22 19:00:00,225.14,223.93,7316462.0,224.50814,225.52907,-0.005374433685706581
2024-07-22 20:00:00,223.96,224.03,1200933.0,224.51399999999998,225.28207000000003,0.0004465681239672858
2024-07-22 21:00:00,224.02,224.02,17194.0,224.462,225.00607,-4.4636878989380465e-05
2024-07-22 22:00:00,224.1,224.16,15128.0,224.256,224.74207,0.0006249442014105274
2024-07-22 23:00:00,224.1597,223.89,27939.0,224.006,224.46007,-0.001204496788008611
2024-07-23 08:00:00,224.24,223.38,27302.0,223.89600000000002,224.20207,-0.002277904328018183
2024-07-23 09:00:00,223.3,223.81,13006.0,223.852,224.183,0.0019249709016026808
2024-07-23 10:00:00,223.7,223.54,14971.0,223.756,224.109,-0.001206380411956616
2024-07-23 11:00:00,223.82,224.28,34091.0,223.78000000000003,224.01799999999997,0.003310369508812781
2024-07-23 12:00:00,224.07,223.8,121608.0,223.762,223.88400000000001,-0.0021401819154627686
2024-07-23 13:00:00,223.78,224.15,4665773.0,223.916,223.906,0.001563896336014273
2024-07-23 14:00:00,224.175,224.65,4340044.0,224.084,223.96800000000002,0.002230649118893598
2024-07-23 15:00:00,224.67,226.61,6255663.0,224.698,224.227,0.008724682839973326
2024-07-23 16:00:00,226.63,225.254,3553967.0,224.8928,224.3364,-0.005983848903402422
2024-07-23 17:00:00,225.26,225.008,3414375.0,225.1344,224.44819999999999,-0.0010921004732434537
2024-07-23 18:00:00,225.0,224.78,2598243.0,225.26040000000003,224.5882,-0.00101329730498475
2024-07-23 19:00:00,224.78,224.98,5396406.0,225.3264,224.70520000000002,0.000889758875344731
2024-07-23 20:00:00,225.01,224.93,3382519.0,224.9904,224.8442,-0.00022224197706455218
2024-07-23 21:00:00,224.98,224.5626,211695.0,224.85212,224.87246,-0.0016333970568621504
2024-07-23 22:00:00,224.56,224.76,70935.0,224.80252000000002,224.96846,0.0008790421913532689
2024-07-23 23:00:00,224.6,224.2781,43918.0,224.70214,224.98127,-0.002144064780209984
2024-07-24 08:00:00,223.44,223.76,30895.0,224.45814000000001,224.89227,-0.0023100784249554637
2024-07-24 09:00:00,223.84,224.1,38917.0,224.29214000000002,224.64127,0.0015194851626743092
2024-07-24 10:00:00,224.27,225.0,58851.0,224.37962000000002,224.61587,0.004016064257028138
2024-07-24 11:00:00,225.0,224.8,48655.0,224.38762000000003,224.59507,-0.0008888888888888384
2024-07-24 12:00:00,225.0,223.88,241874.0,224.308,224.50507,-0.0040925266903915295
2024-07-24 13:00:00,223.8,221.29,7242080.0,223.81400000000002,224.13607000000002,-0.011568697516526727
2024-07-24 14:00:00,221.28,218.8302,8376949.0,222.76004000000003,223.52608999999998,-0.011115730489403052
2024-07-24 15:00:00,218.86,218.04,7255470.0,221.36804,222.87383,-0.00361101895442219
2024-07-24 16:00:00,218.04,217.815,5947519.0,219.97104,222.17933,-0.0010319207484864902
2024-07-24 17:00:00,217.83,218.1803,3728251.0,218.83109999999996,221.56955,0.0016771113100566566
2024-07-24 18:00:00,218.19,218.1735,4051024.0,218.2078,221.0109,-3.116688353622377e-05
2024-07-24 19:00:00,218.17,218.57,10129443.0,218.15576000000001,220.45790000000002,0.0018173609535530356
2024-07-24 20:00:00,218.54,218.41,1110116.0,218.22976,219.7989,-0.0007320309283067054
2024-07-24 21:00:00,218.4101,217.85,1768971.0,218.23676,219.1039,-0.00256398516551441
2024-07-24 22:00:00,217.86,217.9601,94973.0,218.19272,218.51191,0.0005053936194630111
2024-07-24 23:00:00,217.9841,218.1448,81744.0,218.18698,218.19738999999998,0.0008474028044582119
2024-07-25 08:00:00,217.4,217.14,127000.0,217.90097999999998,218.02837,-0.004606114837484172
2024-07-25 09:00:00,217.1,216.46,57393.0,217.51097999999996,217.87037,-0.0031316201528966492
2024-07-25 10:00:00,216.5,217.2,70173.0,217.38098,217.80887,0.00341864547722434
2024-07-25 11:00:00,217.06,217.0,144538.0,217.18896,217.69084000000004,-0.0009208103130754541
2024-07-25 12:00:00,217.24,218.16,310957.0,217.192,217.68948999999998,0.005345622119815653
2024-07-25 13:00:00,218.14,215.56,7191224.0,216.87600000000003,217.38849,-0.011917858452511892
2024-07-25 14:00:00,215.55,218.5599,10687753.0,217.29598000000001,217.40348,0.013916774911857471
2024-07-25 15:00:00,218.54,219.3549,5475512.0,217.72696000000002,217.55397,0.0036374467594466665
2024-07-25 16:00:00,219.36,220.2089,5012045.0,218.36873999999997,217.77885,0.0038932342063022684
2024-07-25 17:00:00,220.2,220.348,3763029.0,218.80634,217.99917,0.0006316729251179827
2024-07-25 18:00:00,220.35,218.64,3546876.0,219.42234,218.14917,-0.007751375097573052
2024-07-25 19:00:00,218.62,217.49,7505357.0,219.20836,218.25217000000004,-0.005259787778997335
2024-07-25 20:00:00,217.49,218.06,897916.0,218.94938000000002,218.33817,0.002620810152190874
2024-07-25 21:00:00,218.1,217.8501,42362.0,218.47762000000003,218.42318,-0.0009625791066679108
2024-07-25 22:00:00,217.85,217.7,61633.0,217.94801999999999,218.37718,-0.0006890058806491666
2024-07-25 23:00:00,217.7,217.91,35395.0,217.80202,218.61218,0.0009646302250804225
2024-07-26 08:00:00,218.9,220.0,34011.0,218.30401999999998,218.75619,0.009591115598182752
2024-07-26 09:00:00,220.25,219.63,13973.0,218.61801999999997,218.7837,-0.0016818181818182025
2024-07-26 10:00:00,219.63,219.2,23029.0,218.888,218.68280999999996,-0.0019578381823976997
2024-07-26 11:00:00,219.2,219.87,62449.0,219.32199999999997,218.63501000000002,0.003056569343065766
2024-07-26 12:00:00,219.4,219.45,220978.0,219.62999999999997,218.71601,-0.0019102196752627276
2024-07-26 13:00:00,219.4919,217.68,6449319.0,219.166,218.73501000000002,-0.008065618591934299
2024-07-26 14:00:00,217.664,217.515,6352201.0,218.743,218.68051,-0.0007579933847850995
2024-07-26 15:00:00,217.51,218.5,4655328.0,218.603,218.7455,0.004528423327126928
2024-07-26 16:00:00,218.5,219.26,3414888.0,218.481,218.9015,0.003478260869565176
2024-07-26 17:00:00,219.27,218.0762,3495925.0,218.20623999999998,218.91812,-0.005399069597737804
2024-07-26 18:00:00,218.06,217.7801,2939891.0,218.22626,218.69612999999998,-0.0013577822797719128
2024-07-26 19:00:00,217.78,218.1,6253622.0,218.34326000000001,218.54312999999996,0.001468912908020475
2024-07-26 20:00:00,217.99,217.87,1176581.0,218.21725999999998,218.41012999999998,-0.001054562127464419
2024-07-26 21:00:00,217.87,217.81,17565.0,217.92726000000002,218.20413,-0.00027539358332951883
2024-07-26 22:00:00,217.82,217.82,14318.0,217.87602,218.04112999999998,4.591157430784126e-05
2024-07-26 23:00:00,217.81,217.9,8928.0,217.9,218.06313,0.0003672757322560486
2024-07-29 08:00:00,218.69,218.29,29616.0,217.93800000000002,218.14063000000002,0.00178981184029365
2024-07-29 09:00:00,218.3,218.75,10712.0,218.11399999999998,218.16563000000002,0.002107288469467259
2024-07-29 10:00:00,218.51,217.7,55853.0,218.092,218.00963000000002,-0.004800000000000052
2024-07-29 11:00:00,217.8,218.0,76135.0,218.128,218.00201,0.0013780431786863177
2024-07-29 12:00:00,217.5,217.0,313016.0,217.948,217.92400000000004,-0.0045871559633027525
2024-07-29 13:00:00,217.02,218.94,6191847.0,218.07800000000003,218.00799999999998,0.008940092165898608
2024-07-29 14:00:00,218.95,217.815,5521755.0,217.891,218.0025,-0.0051383940805700195
2024-07-29 15:00:00,217.83,218.03,4129476.0,217.95699999999997,218.0245,0.0009870761885086125
2024-07-29 16:00:00,218.04,218.78,2711680.0,218.113,218.1205,0.0034398935926248683
2024-07-29 17:00:00,218.79,218.36,3003021.0,218.385,218.16649999999998,-0.0019197367218209502
2024-07-29 18:00:00,218.37,218.57,3061864.0,218.311,218.19449999999998,0.000961714599743449
2024-07-29 19:00:00,218.56,218.22,5564125.0,218.392,218.1415,-0.001601317655670926
2024-07-29 20:00:00,218.24,218.31,352984.0,218.448,218.20250000000001,0.0004124278251306178
2024-07-29 21:00:00,218.38,218.18,21287.0,218.32800000000003,218.2205,-0.0005954834867848264
2024-07-29 22:00:00,218.26,218.15,17992.0,218.286,218.3355,-0.00013750114584288724
2024-07-29 23:00:00,218.2997,217.19,30551.0,218.01,218.1605,-0.004400641760256741
2024-07-30 08:00:00,218.42,218.79,17568.0,218.12399999999997,218.25799999999998,0.007366821676872758
2024-07-30 09:00:00,218.8,218.69,13056.0,218.2,218.32399999999998,-0.0004570592805886664
2024-07-30 10:00:00,218.74,218.99,13492.0,218.362,218.34499999999997,0.001371804837898447
2024-07-30 11:00:00,219.0,219.15,35460.0,218.56199999999998,218.42399999999998,0.0007306269692679875
2024-07-30 12:00:00,218.9,219.59,107524.0,219.042,218.526,0.002007757243896864
2024-07-30 13:00:00,219.6,219.64,5060614.0,219.212,218.66799999999998,0.00022769707181557878
2024-07-30 14:00:00,219.66,218.7213,5512588.0,219.21826000000001,218.70913000000002,-0.004182753596794631
2024-07-30 15:00:00,218.729,216.545,5171987.0,218.72925999999998,218.54563,-0.009950105453835663
2024-07-30 16:00:00,216.5533,216.15,2973056.0,218.12926000000002,218.34563000000003,-0.0018241012260730187
2024-07-30 17:00:00,216.17,217.58,2905663.0,217.72726000000003,218.38463000000002,0.006615776081424968
2024-07-30 18:00:00,217.585,218.2,3220187.0,217.43926000000002,218.32563,0.0028495266109016273
2024-07-30 19:00:00,218.21,218.79,7355251.0,217.45299999999997,218.33562999999998,0.002703941338221831
2024-07-30 20:00:00,218.77,217.45,1559172.0,217.63400000000001,218.18162999999998,-0.006124594359888494
2024-07-30 21:00:00,217.4,217.12,682281.0,217.82800000000003,217.97862999999998,-0.0015175902506322561
2024-07-30 22:00:00,217.23,217.61,106403.0,217.834,217.78063000000003,0.0022568165070007786
2024-07-30 23:00:00,217.59,218.1,55230.0,217.814,217.62663000000003,0.0022517347548365453
2024-07-31 08:00:00,219.67,220.24,53743.0,218.10399999999998,217.77849999999998,0.009812012838147706
2024-07-31 09:00:00,220.33,220.49,26320.0,218.712,218.173,0.001135125317835089
2024-07-31 10:00:00,220.26,220.42,20850.0,219.372,218.6,-0.00031747471540669237
2024-07-31 11:00:00,220.32,220.25,112414.0,219.9,218.86700000000002,-0.0007712548770528423
2024-07-31 12:00:00,220.0,221.3,376320.0,220.54000000000002,219.177,0.0047673098751419354
2024-07-31 13:00:00,221.28,221.98,6377899.0,220.888,219.496,0.0030727519204698526
2024-07-31 14:00:00,221.98,222.61,6842225.0,221.31199999999998,220.012,0.002838093521939021
2024-07-31 15:00:00,222.605,222.55,3828197.0,221.738,220.555,-0.0002695296707245958
2024-07-31 16:00:00,222.57,222.54,2623326.0,222.196,221.048,-4.4933722759017415e-05
2024-07-31 17:00:00,222.54,222.17,4044635.0,222.36999999999998,221.455,-0.0016626224498966682
2024-07-31 18:00:00,222.19,222.665,3555974.0,222.50699999999998,221.6975,0.002228023585542623
2024-07-31 19:00:00,222.665,221.99,8635406.0,222.38299999999998,221.8475,-0.003031459816315914
2024-07-31 20:00:00,222.08,222.32,3128490.0,222.337,222.0375,0.0014865534483534577
2024-07-31 21:00:00,222.401,222.83,121835.0,222.39499999999998,222.2955,0.002293990644116676
2024-07-31 22:00:00,222.85,223.3,364090.0,222.621,222.4955,0.002109231252524341
2024-07-31 23:00:00,223.25,223.8,90021.0,222.848,222.6775,0.0022391401701746527
2024-08-01 08:00:00,223.8,223.05,44591.0,223.06,222.72150000000002,-0.0033512064343163535
2024-08-01 09:00:00,223.26,223.62,18201.0,223.32000000000002,222.8285,0.002555480833893715
2024-08-01 10:00:00,223.6,224.0,25534.0,223.554,222.97449999999998,0.001699311331723439
2024-08-01 11:00:00,224.0,224.25,136537.0,223.744,223.18249999999998,0.0011160714285714285
2024-08-01 12:00:00,223.98,224.44,335241.0,223.872,223.35999999999999,0.0008472686733556197
2024-08-01 13:00:00,224.44,224.28,5933066.0,224.11800000000002,223.589,-0.0007128854036713446
2024-08-01 14:00:00,224.24,220.985,7658230.0,223.59099999999998,223.45550000000003,-0.014691457107187389
2024-08-01 15:00:00,221.0,219.8,5043113.0,222.75099999999998,223.1525,-0.005362354910966817
2024-08-01 16:00:00,219.7901,218.74,4545337.0,221.64899999999997,222.69650000000001,-0.004822565969062794
2024-08-01 17:00:00,218.72,218.63,5485080.0,220.487,222.17950000000002,-0.0005028801316632241
2024-08-01 18:00:00,218.62,217.495,5882393.0,219.13000000000002,221.62400000000002,-0.00519141929286919
2024-08-01 19:00:00,217.48,218.28,10447032.0,218.58900000000003,221.09,0.0036092783742154833
2024-08-01 20:00:00,218.36,219.77,3940837.0,218.583,220.667,0.00682609492395093
2024-08-01 21:00:00,219.75,219.0,3292103.0,218.635,220.142,-0.0035036629203258414
2024-08-01 22:00:00,220.0,220.0,542730.0,218.90900000000002,219.698,0.0045662100456621
2024-08-01 23:00:00,220.0,219.6,260017.0,219.33,219.23000000000002,-0.001818181818181844
2024-08-02 08:00:00,217.9,218.15,83829.0,219.304,218.94650000000001,-0.006602914389799584
2024-08-02 09:00:00,218.0,218.01,39669.0,218.952,218.7675,-0.0006417602567041704
2024-08-02 10:00:00,218.05,220.47,105605.0,219.246,218.94050000000001,0.011283886060272502
2024-08-02 11:00:00,220.1,217.5,321140.0,218.746,218.82750000000001,-0.01347122057422778
2024-08-02 12:00:00,220.02,215.3,1291240.0,217.88600000000002,218.608,-0.01011494252873558
2024-08-02 13:00:00,215.36,223.24,17230299.0,218.904,219.10399999999998,0.036878773803994416
2024-08-02 14:00:00,223.205,222.4,19539631.0,219.782,219.36700000000002,-0.00376276652929584
2024-08-02 15:00:00,222.41,223.205,9945863.0,220.329,219.7875,0.0036196043165467933
2024-08-02 16:00:00,223.205,224.235,8681216.0,221.67600000000002,220.211,0.004614591967025833
2024-08-02 17:00:00,224.215,224.19,7072095.0,223.454,220.67,-0.00020068231988768886
2024-08-02 18:00:00,224.2,222.7,6555484.0,223.346,221.125,-0.0066461483563049605
2024-08-02 19:00:00,222.7,219.8,14662108.0,222.82600000000002,221.304,-0.013022002694207353
2024-08-02 20:00:00,219.86,219.82,1651376.0,222.14900000000003,221.23900000000003,9.09918107369509e-05
2024-08-02 21:00:00,219.82,219.34,384530.0,221.17,221.423,-0.002183604767537029
2024-08-02 22:00:00,219.5493,219.5,7036197.0,220.23200000000003,221.843,0.0007294611106045254
2024-08-02 23:00:00,219.53,219.25,41346.0,219.542,221.44400000000002,-0.0011389521640091116
2024-08-05 08:00:00,206.94,202.3,589069.0,216.042,219.43400000000003,-0.07730900798175594
2024-08-05 09:00:00,202.4,202.4,430826.0,212.558,217.3535,0.0004943153732080786
2024-08-05 10:00:00,202.39,203.25,411739.0,209.34,215.25500000000002,0.004199604743082975
2024-08-05 11:00:00,203.44,203.07,1322852.0,206.054,213.14299999999997,-0.0008856088560885944
2024-08-05 12:00:00,203.0,197.65,4052063.0,201.734,210.638,-0.026690303836115564
2024-08-05 13:00:00,197.65,207.63,27800821.0,202.8,209.421,0.0504932962307108
2024-08-05 14:00:00,207.83,209.5599,14942317.0,204.23198,208.39499,0.009294899580985424
2024-08-05 15:00:00,209.57,210.335,12311737.0,205.64898,207.49448999999998,0.0036987038073601343
2024-08-05 16:00:00,210.335,210.38,6842673.0,207.11098,206.58249,0.0002139444219934271
2024-08-05 17:00:00,210.36,210.76,5437018.0,209.73298,205.73349,0.0018062553474664676
2024-08-05 18:00:00,210.77,204.7596,12466614.0,209.1589,205.97944999999999,-0.028470297969254058
2024-08-05 19:00:00,204.79,209.2,18083933.0,209.08692000000002,206.65944999999996,0.021685918511268738
2024-08-05 20:00:00,209.27,210.7996,2155178.0,209.17983999999996,207.41441,0.007646271510516298
2024-08-05 21:00:00,210.64,210.34,1556282.0,209.17183999999997,208.14141,-0.002180269791783261
2024-08-05 22:00:00,210.33,210.45,98555.0,209.10984,209.42141,0.0005229628220974861
2024-08-05 23:00:00,210.5,211.85,109470.0,210.52792,209.84341,0.006652411499168476
2024-08-06 08:00:00,211.84,210.33,135869.0,210.75391999999997,209.92042,-0.007174887892376596
2024-08-06 09:00:00,210.32,209.21,81182.0,210.436,209.80792000000002,-0.0053249655303570795
2024-08-06 10:00:00,209.02,208.5,115579.0,210.06799999999998,209.61992,-0.003393719229482376
2024-08-06 11:00:00,208.45,207.74,229141.0,209.526,209.31792000000002,-0.0036450839328536736
2024-08-06 12:00:00,208.9,205.8907,3265682.0,208.33414000000002,209.43103000000002,-0.00890199287571002
2024-08-06 13:00:00,206.0,203.19,13558404.0,206.90614,208.83003,-0.013117153907388783
2024-08-06 14:00:00,203.19,207.546,10712572.0,206.57334,208.50467000000003,0.021438062896796076
2024-08-06 15:00:00,207.52,208.45,6748597.0,206.56333999999998,208.31567,0.004355660913725133
2024-08-06 16:00:00,208.46,209.7,4981411.0,206.95533999999998,208.24067,0.005996641880546894
2024-08-06 17:00:00,209.69,208.51,4087580.0,207.4792,207.90667,-0.005674773485932274
2024-08-06 18:00:00,208.51,208.78,4815308.0,208.5972,207.75167000000002,0.0012949019231692017
2024-08-06 19:00:00,208.74,207.125,9262794.0,208.513,207.54317,-0.007927004502346973
2024-08-06 20:00:00,207.23,205.5,5241057.0,207.923,207.24317000000002,-0.007845503922751962
2024-08-06 21:00:00,205.5,204.93,162174.0,206.969,206.96217000000001,-0.002773722627737193
2024-08-06 22:00:00,205.0,205.83,76151.0,206.433,206.95609999999996,0.004391743522178333
2024-08-06 23:00:00,206.16,205.01,55696.0,205.679,207.13809999999998,-0.003983870184132641
2024-08-07 08:00:00,208.3,208.33,77905.0,205.92000000000002,207.2165,0.016194331983805776
2024-08-07 09:00:00,208.31,208.44,49783.0,206.50799999999998,207.21549999999996,0.0005280084481350992
2024-08-07 10:00:00,208.5,209.27,33718.0,207.37600000000003,207.17249999999999,0.003981961235847306
2024-08-07 11:00:00,208.91,207.95,147130.0,207.8,207.1165,-0.0063076408467531014
2024-08-07 12:00:00,208.8,208.0799,2909178.0,208.41397999999998,207.04649,0.0006246693916807913
2024-08-07 13:00:00,208.03,212.4,7943224.0,209.22798000000003,207.57399,0.020761736236897442
2024-08-07 14:00:00,212.43,213.15,8125470.0,210.16997999999998,208.33899000000002,0.0035310734463276836
2024-08-07 15:00:00,213.18,212.5799,5604886.0,210.83196000000004,209.10398,-0.0026746422707013677
2024-08-07 16:00:00,212.5799,211.555,4668480.0,211.55295999999998,209.67648,-0.004821246035020255
2024-08-07 17:00:00,211.54,210.93,4714356.0,212.12298,210.26848,-0.0029543144808678594
2024-08-07 18:00:00,210.9,208.94,6086623.0,211.43098,210.32948000000002,-0.00943440951974593
2024-08-07 19:00:00,208.945,209.86,8438477.0,210.77298000000002,210.47148,0.004403177945821843
2024-08-07 20:00:00,209.82,208.71,5224349.0,209.99900000000002,210.41548000000003,-0.0054798437053273875
2024-08-07 21:00:00,208.63,208.39,72120.0,209.36599999999999,210.45947999999999,-0.0015332279239136676
2024-08-07 22:00:00,208.39,208.9,58594.0,208.95999999999998,210.54149,0.0024473343250636754
2024-08-07 23:00:00,208.71,208.25,74104.0,208.82199999999997,210.12649000000002,-0.0031115366203925596
2024-08-08 08:00:00,209.75,209.8,38104.0,208.81,209.79149,0.007442977190876405
2024-08-08 09:00:00,209.8,209.37,10503.0,208.942,209.4705,-0.0020495710200190984
2024-08-08 10:00:00,209.46,209.61,33024.0,209.186,209.276,0.0011462960309500361
2024-08-08 11:00:00,209.4,209.76,44206.0,209.358,209.15900000000002,0.0007156147130383915
2024-08-08 12:00:00,209.5,211.6,311785.0,210.02799999999996,209.425,0.00877192982456142
2024-08-08 13:00:00,211.54,210.73,5987608.0,210.214,209.512,-0.004111531190926297
2024-08-08 14:00:00,210.67,212.19,5976385.0,210.77800000000002,209.85999999999999,0.006928296872775627
2024-08-08 15:00:00,212.19,212.39,4499939.0,211.334,210.26,0.0009425514868749169
2024-08-08 16:00:00,212.37,213.175,4457830.0,212.017,210.6875,0.0036960308865766987
2024-08-08 17:00:00,213.22,213.68,4194586.0,212.433,211.23050000000003,0.0023689457018880988
2024-08-08 18:00:00,213.67,212.915,3140251.0,212.86999999999998,211.542,-0.00358011980531643
2024-08-08 19:00:00,212.91,213.34,6943993.0,213.1,211.939,0.001996101730737672
2024-08-08 20:00:00,213.31,213.54,2903833.0,213.33,212.33199999999997,0.0009374707040404454
2024-08-08 21:00:00,213.5016,213.3534,450749.0,213.36567999999997,212.69134,-0.0008738409665636347
2024-08-08 22:00:00,213.4,213.465,19621.0,213.32268,212.87784000000002,0.0005230757981827799
2024-08-08 23:00:00,213.5,213.9482,32501.0,213.52932,213.19966,0.0022636029325651076
2024-08-09 08:00:00,213.41,214.1,63725.0,213.68132,213.39065999999997,0.0007095175374225171
2024-08-09 09:00:00,214.14,212.44,59281.0,213.46132000000003,213.39566,-0.007753386268099003
2024-08-09 10:00:00,212.4,212.3,61558.0,213.25064000000003,213.30816,-0.0006590096027112896
2024-08-09 11:00:00,212.46,211.62,189527.0,212.88164,213.10216,-0.0032030146019783644
2024-08-09 12:00:00,212.7,211.18,139694.0,212.32800000000003,212.92865999999998,-0.0020791985634628
2024-08-09 13:00:00,211.2,212.56,4246228.0,212.01999999999998,212.85065999999998,0.006534709726299818
2024-08-09 14:00:00,212.58,214.82,5623578.0,212.496,212.97866,0.010632292058712791
2024-08-09 15:00:00,214.82,214.7,4117549.0,212.97600000000003,213.11332000000002,-0.000558607206032979
2024-08-09 16:00:00,214.7,215.435,3901265.0,213.73899999999998,213.31032,0.0034233814625058857
2024-08-09 17:00:00,215.4382,215.9164,3817952.0,214.68627999999998,213.50714,0.002234548703785401
2024-08-09 18:00:00,215.93,215.61,3770389.0,215.29628000000002,213.65814,-0.0014190677502959315
2024-08-09 19:00:00,215.605,216.3,7407864.0,215.59228000000002,214.04414000000003,0.003200222624182541
2024-08-09 20:00:00,216.24,216.12,2149576.0,215.87628,214.42613999999998,-0.0008321775312066889
2024-08-09 21:00:00,216.09,216.1703,19159.0,216.02334000000002,214.88117000000003,0.00023274106977601752
2024-08-09 22:00:00,216.17,216.25,9866.0,216.09006,215.38817,0.0003686907960991984
2024-08-09 23:00:00,216.31,216.468,19882.0,216.26165999999998,215.77897,0.0010080924855490835
2024-08-12 08:00:00,216.77,216.7,32826.0,216.34166,215.96697,0.0010717519448602071
2024-08-12 09:00:00,216.79,216.92,11235.0,216.50166,216.18897,0.001015228426395934
2024-08-12 10:00:00,216.9,216.85,27956.0,216.63759999999996,216.33047000000002,-0.00032269961276043324
2024-08-12 11:00:00,216.8,216.8,49311.0,216.74759999999998,216.41882999999999,-0.0002305741295825822
2024-08-12 12:00:00,216.7,216.68,125716.0,216.79000000000002,216.52582999999998,-0.0005535055350553715
2024-08-12 13:00:00,216.72,216.9924,4821895.0,216.84848000000002,216.59507,0.0014417574303119654
2024-08-12 14:00:00,217.0,218.63,6154150.0,217.19047999999998,216.84607,0.007546808090974577
2024-08-12 15:00:00,218.64,218.7301,5556532.0,217.5665,217.10205000000002,0.0004578511640671346
2024-08-12 16:00:00,218.73,217.19,3114423.0,217.64449999999997,217.19605,-0.007041097681571925
2024-08-12 17:00:00,217.19,216.845,3476125.0,217.6775,217.23375000000001,-0.0015884709240756888
2024-08-12 18:00:00,216.85,217.3852,2390802.0,217.75606,217.30227,0.0024911803361848265
2024-08-12 19:00:00,217.4,217.55,4705100.0,217.54005999999998,217.36527,0.0007581012874842162
2024-08-12 20:00:00,217.53,217.6182,884094.0,217.31768000000002,217.44209,0.00031349115145938984
2024-08-12 21:00:00,217.6,217.53,38464.0,217.38568,217.51509000000001,-0.00040529698343245415
2024-08-12 22:00:00,217.55,217.65,8376.0,217.54668,217.61209,0.0005516480485450491
2024-08-12 23:00:00,217.6,217.59,27010.0,217.58764000000002,217.67185,-0.00027567195037905937
2024-08-13 08:00:00,218.31,218.54,25269.0,217.78564,217.66285,0.004366009467346793
2024-08-13 09:00:00,218.54,218.66,7059.0,217.994,217.65583999999998,0.0005490985631921139
2024-08-13 10:00:00,218.65,217.89,25258.0,218.06599999999997,217.72583999999998,-0.003521448824659335
2024-08-13 11:00:00,217.92,218.24,25698.0,218.18400000000003,217.86534,0.0016063151131305831
2024-08-13 12:00:00,217.97,218.5009,1700885.0,218.36617999999999,217.97691,0.0011954728739002583
2024-08-13 13:00:00,218.58,221.13,7090817.0,218.88418000000001,218.33490999999998,0.012032444717618985
2024-08-13 14:00:00,221.13,220.97,5367106.0,219.34618,218.67009000000002,-0.0007235562791118193
2024-08-13 15:00:00,220.98,221.1203,4279692.0,219.99223999999998,219.02911999999998,0.0006801828302483922
2024-08-13 16:00:00,221.1,221.585,2724225.0,220.66124,219.42262,0.0021015709548151927
2024-08-13 17:00:00,221.57,220.93,3139496.0,221.14706,219.75661999999997,-0.0029559762619310926
2024-08-13 18:00:00,220.93,221.23,2358966.0,221.16706,220.02561999999998,0.0013578961662064136
2024-08-13 19:00:00,221.23,221.27,5367035.0,221.22706,220.28662,0.00018080730461519896
2024-08-13 20:00:00,221.27,220.44,3371453.0,221.09099999999998,220.54162000000002,-0.003751073349301814
2024-08-13 21:00:00,220.45,220.68,32112.0,220.91,220.78562000000002,0.0010887316276538246
2024-08-13 22:00:00,220.69,220.65,23727.0,220.85399999999998,221.00052999999997,-0.0001359434475258344
2024-08-13 23:00:00,220.6,220.7,40300.0,220.748,220.95753,0.00022660321776561497
2024-08-14 08:00:00,221.28,221.07,42335.0,220.708,220.96752999999998,0.0016764839148165137
2024-08-14 09:00:00,221.19,221.61,15638.0,220.942,221.0165,0.0024426652191614443
2024-08-14 10:00:00,221.69,221.35,15651.0,221.07600000000002,220.993,-0.0011732322548622324
2024-08-14 11:00:00,221.33,221.04,34261.0,221.154,221.004,-0.001400496950530844
2024-08-14 12:00:00,221.2,221.41,1333982.0,221.296,221.02200000000002,0.0016739051755338607
2024-08-14 13:00:00,221.35,220.95,6251706.0,221.27200000000002,220.99,-0.00207759360462494
2024-08-14 14:00:00,220.945,221.6901,4979140.0,221.28802000000002,221.11500999999998,0.003349626612355793
2024-08-14 15:00:00,221.695,222.9701,3936281.0,221.61203999999998,221.34402,0.005773825714364337
2024-08-14 16:00:00,222.97,221.04,4048549.0,221.61203999999998,221.38302,-0.008656317595946766
2024-08-14 17:00:00,221.03,221.27,3326989.0,221.58404000000002,221.44002,0.0010405356496562533
2024-08-14 18:00:00,221.26,221.57,2910963.0,221.70803999999998,221.49002000000002,0.0013558096443258595
2024-08-14 19:00:00,221.58,221.61,5775363.0,221.69202,221.49002000000002,0.00018052985512488363
2024-08-14 20:00:00,221.72,221.68,2047538.0,221.43400000000003,221.52302,0.00031587022246285445
2024-08-14 21:00:00,221.71,221.85,14023.0,221.596,221.60402,0.0007668711656441153
2024-08-14 22:00:00,221.85,221.6081,18551.0,221.66361999999998,221.62383,-0.0010903763804371734
2024-08-14 23:00:00,221.6,222.0,53626.0,221.74962,221.72883000000002,0.0017684371645259923
2024-08-15 08:00:00,222.34,222.22,19360.0,221.87161999999998,221.78182,0.0009909909909909859
2024-08-15 09:00:00,222.21,222.44,8317.0,222.02362000000002,221.72880999999998,0.0009900099000989958
2024-08-15 10:00:00,222.46,221.84,12569.0,222.02161999999998,221.80881,-0.002697356590541244
2024-08-15 11:00:00,221.91,222.28,28423.0,222.156,221.90981000000002,0.001983411467724476
2024-08-15 12:00:00,221.94,223.43,276292.0,222.442,222.09581000000003,0.005173654849739093
2024-08-15 13:00:00,223.53,224.43,6019266.0,222.88400000000001,222.37781,0.004475674707962225
2024-08-15 14:00:00,224.4201,224.45,6820985.0,223.286,222.65481,8.911464599198774e-05
2024-08-15 15:00:00,224.44,224.65,3801672.0,223.848,222.93481000000003,0.0008910670527957989
2024-08-15 16:00:00,224.65,224.57,2865119.0,224.30599999999998,223.231,-0.00035610950367243494
2024-08-15 17:00:00,224.5601,224.6761,3300057.0,224.55522000000002,223.49861,0.00047245847619894853
2024-08-15 18:00:00,224.6801,225.11,3367895.0,224.69122,223.78761,0.0019312245494737651
2024-08-15 19:00:00,225.11,224.71,6802648.0,224.74321999999998,224.01461,-0.0017769090666785378
2024-08-15 20:00:00,224.72,224.78,818858.0,224.76922,224.30861,0.0003115126162609282
2024-08-15 21:00:00,224.8,224.8199,973560.0,224.8192,224.56259999999997,0.00017750689563123375
2024-08-15 22:00:00,224.83,225.39,41762.0,224.96197999999998,224.75860000000003,0.0025358075508440155
2024-08-15 23:00:00,225.38,225.3901,38190.0,225.01799999999997,224.85461,4.436754070869145e-07
2024-08-16 08:00:00,225.61,225.3,36493.0,225.13599999999997,224.93961,-0.00039975136441209404
2024-08-16 09:00:00,225.38,225.4,11431.0,225.26,225.01461,0.0004438526409231882
2024-08-16 10:00:00,225.37,225.2,16211.0,225.33602000000002,225.07761,-0.0008873114463177331
2024-08-16 11:00:00,225.27,224.9,36525.0,225.23802,225.1,-0.001332149200710404
2024-08-16 12:00:00,224.9,224.04,1544617.0,224.968,224.993,-0.003823921742996948
2024-08-16 13:00:00,223.9994,224.115,7760219.0,224.731,224.9335,0.00033476164970548585
2024-08-16 14:00:00,224.08,224.16,4659056.0,224.483,224.87149999999997,0.0002007897731075006
2024-08-16 15:00:00,224.15,225.915,4861187.0,224.62599999999998,224.98100999999997,0.007829229122055654
2024-08-16 16:00:00,225.91,226.6073,4833607.0,224.96746,225.10273999999998,0.0030644268862183442
2024-08-16 17:00:00,226.61,226.14,3078333.0,225.38746,225.17772999999997,-0.0020621577504344427
2024-08-16 18:00:00,226.14,226.13,2995928.0,225.79046,225.26073000000002,-4.422039444587824e-05
2024-08-16 19:00:00,226.124,226.1,4528040.0,226.17846,225.33073,-0.00013266704992703814
2024-08-16 20:00:00,226.09,226.15,687575.0,226.22545999999997,225.42573000000002,0.00022114108801420332
2024-08-16 21:00:00,226.15,226.22,267067.0,226.148,225.55773,0.0003095290736236709
2024-08-16 22:00:00,226.22,226.0,28121.0,226.11999999999998,225.75373,-0.0009725046414994203
2024-08-16 23:00:00,226.02,225.95,20998.0,226.084,225.93723,-0.00022123893805314765
2024-08-19 08:00:00,226.44,225.6,29195.0,225.984,226.08123,-0.001549015268864768
2024-08-19 09:00:00,225.6,225.38,17407.0,225.82999999999998,226.02772999999996,-0.000975177304964534
2024-08-19 10:00:00,225.43,225.1,29364.0,225.606,225.877,-0.0012423462596503733
2024-08-19 11:00:00,225.19,225.98,47664.0,225.602,225.86100000000002,0.0039093736117281
2024-08-19 12:00:00,225.35,226.0936,139332.0,225.63072000000003,225.85736000000003,0.0005026993539252123
2024-08-19 13:00:00,226.13,224.4,4820787.0,225.39072000000002,225.68735999999998,-0.007490702965497491
2024-08-19 14:00:00,224.4,224.21,6703338.0,225.15672,225.49336000000002,-0.0008467023172905424
2024-08-19 15:00:00,224.23,223.8647,3566558.0,224.90966000000003,225.25783,-0.0015400740377325222
2024-08-19 16:00:00,223.88,224.375,3101943.0,224.58866000000003,225.09533000000002,0.002279501859828731
2024-08-19 17:00:00,224.36,224.315,2742787.0,224.23294,224.93183,-0.0002674094707520993
2024-08-19 18:00:00,224.31,224.785,3673649.0,224.30994,224.85033000000004,0.0020952678153489464
2024-08-19 19:00:00,224.78,225.9,6235226.0,224.64794,224.90232999999998,0.004960295393375933
2024-08-19 20:00:00,225.89,225.84,2299042.0,225.04300000000003,224.97633000000002,-0.00026560424966800476
2024-08-19 21:00:00,225.83,225.8088,80306.0,225.32976,224.95920999999998,-0.00013815090329442328
2024-08-19 22:00:00,225.81,225.9,43733.0,225.64676,224.93984999999998,0.0004038815139180352
2024-08-19 23:00:00,225.92,225.7,13136.0,225.82976,225.06985,-0.0008853474988933911
2024-08-20 08:00:00,226.11,225.79,26312.0,225.80776,225.22785,0.0003987594151528729
2024-08-20 09:00:00,225.81,226.05,7328.0,225.84976,225.44638,0.0011515124673369915
2024-08-20 10:00:00,225.98,226.21,10844.0,225.93,225.62988,0.0007078080070780649
2024-08-20 11:00:00,226.12,226.0,17163.0,225.95,225.79838,-0.0009283409221520178
2024-08-20 12:00:00,225.99,225.9019,88489.0,225.99038000000002,225.91007,-0.00043407079646012425
2024-08-20 13:00:00,225.98,227.02,4940293.0,226.23638,226.02206999999999,0.004949493563356476
2024-08-20 14:00:00,227.02,225.96,4802615.0,226.21838000000002,226.03407,-0.0046691921416615375
2024-08-20 15:00:00,225.96,226.9268,2719257.0,226.36174,226.14587,0.00427863338643998
2024-08-20 16:00:00,226.92,226.52,2277308.0,226.46574,226.20787,-0.001792648554511744
2024-08-20 17:00:00,226.53,226.76,1869887.0,226.63736,226.31387,0.001059509094119639
2024-08-20 18:00:00,226.75,226.525,2093844.0,226.53836,226.38737,-0.0010363379784793846
2024-08-20 19:00:00,226.52,226.51,3962199.0,226.64836,226.43337000000002,-6.621785674876848e-05
2024-08-20 20:00:00,226.51,226.53,2689306.0,226.56900000000002,226.46536999999998,8.829632245821479e-05
2024-08-20 21:00:00,226.58,226.4503,316276.0,226.55506,226.51039999999998,-0.0003518297797201366
2024-08-20 22:00:00,226.53,226.3584,26581.0,226.47474000000003,226.55605,-0.00040582856370695753
2024-08-20 23:00:00,226.52,226.55,33006.0,226.47974,226.50905000000003,0.0008464452832323537
2024-08-21 08:00:00,225.89,226.73,8210.0,226.52374,226.58605000000003,0.0007945265945706395
2024-08-21 09:00:00,226.63,226.58,6280.0,226.53374000000002,226.55137,-0.0006615798526881193
2024-08-21 10:00:00,226.6,227.01,10466.0,226.64568,226.60037000000003,0.0018977844469943437
2024-08-21 11:00:00,226.99,226.92,21919.0,226.75799999999998,226.61637000000002,-0.00039645830580152156
2024-08-21 12:00:00,227.0,226.84,1716531.0,226.81599999999997,226.64787,-0.00035254715318166796
2024-08-21 13:00:00,226.84,227.06,3689665.0,226.882,226.70287,0.0009698465879033629
2024-08-21 14:00:00,227.07,226.28,5735852.0,226.82199999999997,226.67786999999998,-0.0034352153615784422
2024-08-21 15:00:00,226.26,226.21,3246058.0,226.66199999999998,226.65384,-0.00030935124624356186
2024-08-21 16:00:00,226.205,226.42,2274607.0,226.56199999999998,226.66,0.0009283409221518922
2024-08-21 17:00:00,226.42,226.15,2099594.0,226.42399999999998,226.61999999999998,-0.00119247416305972
2024-08-21 18:00:00,226.17,226.416,2718622.0,226.29520000000002,226.58859999999999,0.001176210479770025
2024-08-21 19:00:00,226.41,226.36,5462526.0,226.3112,226.56660000000002,-0.000247332344003883
2024-08-21 20:00:00,226.4,226.64,1320379.0,226.39719999999997,226.5296,0.0012369676621309979
2024-08-21 21:00:00,226.65,226.6663,1325441.0,226.44645999999997,226.50423,0.0001160430638899595
2024-08-21 22:00:00,226.69,226.65,12550.0,226.54646000000002,226.48523,-7.191188103393001e-05
2024-08-21 23:00:00,226.74,226.59,23197.0,226.58126000000001,226.43822999999998,-0.00026472534745202857
2024-08-22 08:00:00,226.2,226.45,11949.0,226.59926000000002,226.45522999999997,-0.0006178560395428517
2024-08-22 09:00:00,226.57,226.4,3836.0,226.55126,226.47422999999998,-0.00022079929344218568
2024-08-22 10:00:00,226.46,227.57,18227.0,226.73199999999997,226.58923,0.005167844522968142
2024-08-22 11:00:00,227.12,227.74,99636.0,226.95,226.74823,0.0007470228940546466
2024-08-22 12:00:00,226.44,227.5202,139234.0,227.13604,226.85864999999998,-0.0009651356810398728
2024-08-22 13:00:00,227.57,227.93,5274284.0,227.43204,227.01565,0.001801158754255747
2024-08-22 14:00:00,227.96,226.785,4800514.0,227.50904,227.03015,-0.005023472118632959
2024-08-22 15:00:00,226.785,225.51,4093175.0,227.09704000000002,226.91451999999998,-0.005622064951385699
2024-08-22 16:00:00,225.51,225.505,2684203.0,226.65004,226.80002,-2.2171965766464693e-05
2024-08-22 17:00:00,225.51,224.39,3848099.0,226.02400000000003,226.58002000000002,-0.004944457994279546
2024-08-22 18:00:00,224.4,224.4,2703397.0,225.31799999999998,226.37502,4.456526583189682e-05
2024-08-22 19:00:00,224.4,224.53,6390562.0,224.86700000000002,226.18802,0.0005793226381461473
2024-08-22 20:00:00,224.57,224.83,1668537.0,224.731,225.91402,0.0013361243486394306
2024-08-22 21:00:00,224.85,225.08,226322.0,224.64600000000002,225.64802,0.0011119512520571097
2024-08-22 22:00:00,225.08,225.05,9048.0,224.77800000000002,225.40099999999998,-0.00013328594277590695
2024-08-22 23:00:00,225.04,225.0011,16798.0,224.89821999999998,225.10811000000004,-0.0002172850477671774
2024-08-23 08:00:00,225.5,225.65,11389.0,225.12222000000003,224.99461000000002,0.0028839859005133643
2024-08-23 09:00:00,225.71,225.7,7807.0,225.29622,225.01361000000003,0.00022158209616655417
2024-08-23 10:00:00,225.65,225.96,5106.0,225.47222000000002,225.05911,0.0011519716437750082
2024-08-23 11:00:00,225.87,226.14,21210.0,225.69022,225.23411000000002,0.0007966011683482846
2024-08-23 12:00:00,225.99,226.34,110372.0,225.958,225.42811,0.0008844078889184446
2024-08-23 13:00:00,226.34,227.04,4321539.0,226.23599999999996,225.67910999999998,0.00309269240964915
2024-08-23 14:00:00,227.06,226.2399,7369083.0,226.34398000000002,225.8201,-0.0035240486257927515
2024-08-23 15:00:00,226.21,225.84,3733769.0,226.31998,225.8961,-0.0017675927190561982
2024-08-23 16:00:00,225.85,225.3,3293014.0,226.15198,225.92109999999997,-0.0023910733262486362
2024-08-23 17:00:00,225.33,226.21,2276262.0,226.12598000000003,226.04199,0.004039059032401228
2024-08-23 18:00:00,226.21,226.47,2039783.0,226.01198,226.12399,0.0011493744750452717
2024-08-23 19:00:00,226.47,226.773604,5291275.0,226.11872079999998,226.23135040000003,0.0013405925729677534
2024-08-23 20:00:00,226.84,226.95,3405135.0,226.3407208,226.3303504,0.0007778506708390218
2024-08-23 21:00:00,226.99,226.9783,14475.0,226.67638079999998,226.4141804,0.00012469706983917844
2024-08-23 22:00:00,226.98,227.1,13241.0,226.8543808,226.4901804,0.0005361746034753285
2024-08-23 23:00:00,227.1292,227.1631,18028.0,226.99300079999998,226.5024904,0.00027785116688679656
2024-08-26 08:00:00,226.75,227.31,15209.0,227.10028000000003,226.60950040000003,0.0006466719286715865
2024-08-26 09:00:00,227.39,227.43,8146.0,227.19627999999997,226.7685004,0.0005279134221987794
2024-08-26 10:00:00,227.44,227.25,4847.0,227.25061999999997,226.9635004,-0.0007914523149980513
2024-08-26 11:00:00,227.24,226.64,44982.0,227.15861999999998,227.0065004,-0.0026842684268427444
2024-08-26 12:00:00,227.3,227.0,179625.0,227.12599999999998,227.0595004,0.001588422167313862
2024-08-26 13:00:00,227.04,226.34,3278673.0,226.93200000000002,227.01614,-0.002907488986784126
2024-08-26 14:00:00,226.35,224.82,5078557.0,226.41,226.80313999999998,-0.0067155606609525945
2024-08-26 15:00:00,224.8066,224.87,2856096.0,225.93400000000003,226.59231,0.00022240014233614166
2024-08-26 16:00:00,224.84,226.185,3026496.0,225.843,226.50081,0.0058478231867301
2024-08-26 17:00:00,226.1887,225.6,2339700.0,225.56300000000002,226.3445,-0.002586378407056206
2024-08-26 18:00:00,225.61,226.325,2032013.0,225.56,226.246,0.0032136524822694783
2024-08-26 19:00:00,226.32,227.22,4957974.0,226.04000000000002,226.225,0.003954490224235106
2024-08-26 20:00:00,227.18,225.67,836402.0,226.2,226.067,-0.006821582607164913
2024-08-26 21:00:00,225.71,226.1,89139.0,226.183,226.013,0.0019054371427305661
2024-08-26 22:00:00,226.08,225.97,38751.0,226.257,225.91,-0.0005749668288367777
2024-08-26 23:00:00,225.9,226.5,31590.0,226.292,225.926,0.00234544408549808
2024-08-27 08:00:00,226.09,226.73,22309.0,226.19399999999996,226.11700000000002,0.0010154525386313015
2024-08-27 09:00:00,226.66,226.83,12224.0,226.426,226.31300000000002,0.00044105323512557993
2024-08-27 10:00:00,226.89,226.38,17159.0,226.48200000000003,226.33249999999998,-0.0019838645681788873
2024-08-27 11:00:00,226.44,226.0,49664.0,226.488,226.3725,-0.0016785935153281891
2024-08-27 12:00:00,226.54,225.7,116242.0,226.32800000000003,226.31,-0.0013274336283186344
2024-08-27 13:00:00,225.7,226.745,4186609.0,226.331,226.2625,0.004630039875941586
2024-08-27 14:00:00,226.745,228.3067,6560206.0,226.62633999999997,226.52617,0.006887472711636428
2024-08-27 15:00:00,228.32,228.165,3754930.0,226.98334,226.73267,-0.0006206563364106895
2024-08-27 16:00:00,228.145,228.09,2438615.0,227.40133999999998,226.94467,-0.0003287094865557322
2024-08-27 17:00:00,228.0804,228.525,1994498.0,227.96634,227.14717000000002,0.00190714191766409
2024-08-27 18:00:00,228.53,228.43,1799354.0,228.30334000000002,227.31716999999998,-0.0004157094409801941
2024-08-27 19:00:00,228.43,228.14,4451484.0,228.26999999999998,227.44816999999998,-0.001269535525106249
2024-08-27 20:00:00,228.03,228.05,5333736.0,228.24699999999999,227.61516999999998,-0.0003944946085735732
2024-08-27 21:00:00,228.09,227.85,26216.0,228.199,227.80016999999998,-0.000877000657750568
2024-08-27 22:00:00,227.8503,227.73,23707.0,228.04000000000002,228.00317,-0.0005266622778143716
2024-08-27 23:00:00,227.62,227.3,27002.0,227.814,228.05867000000003,-0.0018882009397092102
2024-08-28 08:00:00,228.0,228.9,30125.0,227.96599999999998,228.11800000000002,0.007039155301363811
2024-08-28 09:00:00,228.9,228.58,9152.0,228.07199999999997,228.15950000000004,-0.001397990388816047
2024-08-28 10:00:00,228.61,228.65,7706.0,228.23200000000003,228.21549999999996,0.00030623851605561807
2024-08-28 11:00:00,228.54,228.25,18793.0,228.336,228.18800000000002,-0.0017493986442160755
2024-08-28 12:00:00,228.6,228.28,82647.0,228.532,228.173,0.00013143483023001594
2024-08-28 13:00:00,228.3,228.6,4822399.0,228.47200000000004,228.219,0.0014017872787804152
2024-08-28 14:00:00,228.6,227.48,6619951.0,228.252,228.16199999999998,-0.004899387576552951
2024-08-28 15:00:00,227.45,226.83,4569352.0,227.888,228.06,-0.0028573940566202624
2024-08-28 16:00:00,226.82,227.519,3963824.0,227.7418,228.0389,0.0030375170832781947
2024-08-28 17:00:00,227.515,225.895,2426829.0,227.2648,227.89839999999998,-0.00713786540904274
2024-08-28 18:00:00,225.895,227.1639,2463866.0,226.97758,227.72478999999998,0.005617211536333261
2024-08-28 19:00:00,227.16,226.51,5424529.0,226.78357999999997,227.51778999999996,-0.0028785383593080654
2024-08-28 20:00:00,226.45,225.7,1098572.0,226.55758,227.22278999999997,-0.00357600105955588
2024-08-28 21:00:00,225.8,226.25,172739.0,226.30378000000002,227.02279,0.002436863092600848
2024-08-28 22:00:00,226.41,225.6396,97654.0,226.2527,226.75875000000002,-0.0026979005524861814
2024-08-28 23:00:00,225.63,225.7,42776.0,225.95991999999995,226.46875,0.0002676835094548436
2024-08-29 08:00:00,226.89,228.77,63678.0,226.41192,226.59775,0.013602126716880911
2024-08-29 09:00:00,228.73,229.21,75500.0,227.11392,226.83575000000002,0.001923329107837556
2024-08-29 10:00:00,229.33,229.25,55660.0,227.71392,227.00885,0.0001745124558264999
2024-08-29 11:00:00,229.25,229.98,263178.0,228.58200000000002,227.41735,0.0031842966194110785
2024-08-29 12:00:00,229.4,226.49,555893.0,228.74,227.34996,-0.015175232628924172
2024-08-29 13:00:00,230.37,231.57,10330873.0,229.3,227.85596,0.02242924632434096
2024-08-29 14:00:00,231.58,232.37,8214967.0,229.93200000000002,228.52296,0.00345467893077692
2024-08-29 15:00:00,232.34,231.6799,5168679.0,230.41798,229.06595000000002,-0.0029698325945690107
2024-08-29 16:00:00,231.67,232.54,4906789.0,230.92997999999997,229.75599000000003,0.003712449806823935
2024-08-29 17:00:00,232.53,231.74,3802664.0,231.97997999999998,230.35998999999998,-0.0034402683409305193
2024-08-29 18:00:00,231.75,230.45,4884563.0,231.75598,230.52799,-0.005566583239837837
2024-08-29 19:00:00,230.43,229.83,6870026.0,231.24798,230.58999,-0.0026903883705791977
2024-08-29 20:00:00,229.79,230.25,737168.0,230.962,230.68999,0.001827437671322227
2024-08-29 21:00:00,230.24,230.33,231015.0,230.51999999999998,230.72499,0.0003474484256243757
2024-08-29 22:00:00,230.33,230.1,52395.0,230.192,231.08598999999998,-0.000998567273043104
2024-08-29 23:00:00,230.0203,230.29,23253.0,230.16,230.95798999999997,0.0008257279443720023
2024-08-30 08:00:00,230.55,230.64,25870.0,230.32199999999997,230.78499000000002,0.0015198228320812642
2024-08-30 09:00:00,230.68,230.89,13130.0,230.45,230.706,0.0010839403399236906
2024-08-30 10:00:00,230.85,231.27,28113.0,230.638,230.579,0.0016458053618607297
2024-08-30 11:00:00,231.29,230.99,36248.0,230.81599999999997,230.504,-0.0012107061010939643
2024-08-30 12:00:00,231.3,230.6019,238413.0,230.87838000000002,230.51918999999998,-0.0016801593142560653
2024-08-30 13:00:00,230.67,229.07,5556989.0,230.56437999999997,230.44319000000002,-0.00664305020903994
2024-08-30 14:00:00,229.1,228.69,5542681.0,230.12438000000003,230.28719,-0.0016588815645872243
2024-08-30 15:00:00,228.7,228.62,4336978.0,229.59438,230.11619000000002,-0.00030609121518209445
2024-08-30 16:00:00,228.61,228.36,3015780.0,229.06838,229.94219000000004,-0.0011372583326042817
2024-08-30 17:00:00,228.37,227.76,2088391.0,228.5,229.68919,-0.0026274303730952123
2024-08-30 18:00:00,227.77,228.56,2805025.0,228.398,229.48118999999997,0.0035124692658939733
2024-08-30 19:00:00,228.56,228.86,8804170.0,228.43200000000002,229.27819,0.0013125656282814639
2024-08-30 20:00:00,229.0,228.9801,1628116.0,228.50402,229.0492,0.0005247749715982672
2024-08-30 21:00:00,229.0,229.15,23673.0,228.66201999999998,228.86520000000002,0.0007419858756285485
2024-08-30 22:00:00,229.09,229.15,16006.0,228.94002,228.72001,0.0
2024-08-30 23:00:00,229.14,229.1114,14159.0,229.05030000000002,228.72415,-0.0001684486144446974
2024-09-03 08:00:00,229.27,228.59,45658.0,228.99629999999996,228.71414999999996,-0.002275748827862777
2024-09-03 09:00:00,228.57,228.47,33224.0,228.89427999999998,228.69915,-0.0005249573472155587
2024-09-03 10:00:00,228.29,228.21,9780.0,228.70628000000002,228.68415,-0.001138004989714146
2024-09-03 11:00:00,228.14,227.84,60891.0,228.44428,228.69215000000003,-0.0016213137022917687
2024-09-03 12:00:00,227.85,228.06,925381.0,228.234,228.64215000000004,0.0009655898876404444
2024-09-03 13:00:00,227.9207,226.16,6605224.0,227.748,228.37215,-0.008331140927826036
2024-09-03 14:00:00,226.19,223.645,6864531.0,226.783,227.83864,-0.011120445702157705
2024-09-03 15:00:00,223.65,223.54,4297520.0,225.84900000000002,227.27764000000002,-0.0004694940642536975
2024-09-03 16:00:00,223.55,223.71,3058522.0,225.023,226.73364,0.0007604902925651602
2024-09-03 17:00:00,223.72,223.21,2638177.0,224.05300000000003,226.1435,-0.0022350364310938266
2024-09-03 18:00:00,223.24,221.935,4671417.0,223.208,225.478,-0.005712109672505738
2024-09-03 19:00:00,221.945,222.76,9170783.0,223.031,224.907,0.0037173046162164085
2024-09-03 20:00:00,222.77,222.0,2944865.0,222.723,224.286,-0.0034117435805350645
2024-09-03 21:00:00,222.0,221.21,345729.0,222.223,223.623,-0.0035585585585585226
2024-09-03 22:00:00,221.47,220.89,100081.0,221.75900000000001,222.906,-0.0014465892138692718
2024-09-03 23:00:00,220.9,220.8519,91227.0,221.54238,222.37519000000003,-0.00017248404183071127
2024-09-04 08:00:00,220.1,220.54,59933.0,221.09838,222.06469,-0.001412258622180785
2024-09-04 09:00:00,220.5,221.08,51334.0,220.91438,221.81869,0.0024485354130770855
2024-09-04 10:00:00,221.15,220.75,19471.0,220.82237999999998,221.52269,-0.0014926723358060995
2024-09-04 11:00:00,220.7,220.7,38545.0,220.78438,221.27168999999998,-0.00022650056625146713
2024-09-04 12:00:00,220.65,221.5,129785.0,220.914,221.22818999999998,0.0036248300860897663
2024-09-04 13:00:00,221.5,219.57,6846222.0,220.71999999999997,220.90919,-0.00871331828442441
2024-09-04 14:00:00,219.56,219.45,9612653.0,220.394,220.65419000000003,-0.0005465227490094482
2024-09-04 15:00:00,219.48,219.32,4825605.0,220.108,220.46518999999998,-0.0005923900660742559
2024-09-04 16:00:00,219.315,220.215,3027696.0,220.01099999999997,220.39769,0.004080795185117683
2024-09-04 17:00:00,220.21,220.875,3015882.0,219.88599999999997,220.4,0.0029970710442067824
2024-09-04 18:00:00,220.875,220.51,3164318.0,220.07399999999998,220.397,-0.0016525183927561249
2024-09-04 19:00:00,220.52,220.79,6330047.0,220.342,220.36800000000002,0.001269783683279675
2024-09-04 20:00:00,220.85,220.67,947494.0,220.612,220.35999999999999,-0.000543502876036073
2024-09-04 21:00:00,220.66,220.9,156100.0,220.74899999999997,220.38000000000002,0.001042280328091803
2024-09-04 22:00:00,220.86,221.0,14733.0,220.77399999999997,220.33,0.00045269352648254555
2024-09-04 23:00:00,220.8,220.0,43339.0,220.67199999999997,220.373,-0.004524886877828055
2024-09-05 08:00:00,220.2,220.49,23791.0,220.612,220.477,0.0022272727272727687
2024-09-05 09:00:00,220.44,220.1,12209.0,220.498,220.55499999999998,-0.0017687877001225216
2024-09-05 10:00:00,220.17,221.2,45535.0,220.558,220.65349999999998,0.00499772830531574
2024-09-05 11:00:00,221.1,220.44,44497.0,220.446,220.60999999999999,-0.0034358047016274456
2024-09-05 12:00:00,221.2,220.36,227504.0,220.51799999999997,220.59499999999997,-0.0003629105425511889
2024-09-05 13:00:00,220.29,224.71,6783525.0,221.362,220.987,0.019740424759484454
2024-09-05 14:00:00,224.71,223.7,5733368.0,222.08200000000002,221.29000000000002,-0.004494682034622488
2024-09-05 15:00:00,223.7,221.97,4280323.0,222.23600000000002,221.39700000000002,-0.007733571747876575
2024-09-05 16:00:00,221.98,222.825,2632319.0,222.71300000000002,221.5795,0.0038518718745775993
2024-09-05 17:00:00,222.835,223.61,2546717.0,223.363,221.94050000000001,0.003522944014361158
2024-09-05 18:00:00,223.63,223.32,2530078.0,223.08499999999998,222.2235,-0.0012969008541658263
2024-09-05 19:00:00,223.33,222.38,4795863.0,222.821,222.45149999999998,-0.004209206519792216
2024-09-05 20:00:00,222.38,222.37,1523941.0,222.901,222.5685,-4.496807266836454e-05
2024-09-05 21:00:00,222.3106,222.35,36555.0,222.80599999999998,222.75950000000003,-8.994018977384643e-05
2024-09-05 22:00:00,222.35,222.3219,28001.0,222.54838,222.95569,-0.00012637733303348284
2024-09-05 23:00:00,222.41,222.21,29559.0,222.32638000000003,222.70569,-0.000503324233914839
2024-09-06 08:00:00,219.0,221.22,20450.0,222.09438,222.45769,-0.004455245038477157
2024-09-06 09:00:00,221.17,221.24,8167.0,221.86838000000003,222.38469,9.040773890249631e-05
2024-09-06 10:00:00,221.25,220.95,5207.0,221.58838,222.19719,-0.001310793708190293
2024-09-06 11:00:00,221.09,221.35,72859.0,221.394,221.97119000000004,0.00181036433582261
2024-09-06 12:00:00,221.8256,223.4,371133.0,221.63199999999998,221.97918999999996,0.0092613508018975
2024-09-06 13:00:00,223.38,224.045,6368148.0,222.19700000000003,222.14569,0.002887197851387564
2024-09-06 14:00:00,224.045,221.4,7185564.0,222.22899999999998,222.04869,-0.011805664040706028
2024-09-06 15:00:00,221.41,220.96,5243184.0,222.231,221.90969,-0.001987353206865392
2024-09-06 16:00:00,220.955,220.68,3313956.0,222.09700000000004,221.7455,-0.001267197682838528
2024-09-06 17:00:00,220.68,220.265,3187045.0,221.46999999999997,221.55100000000002,-0.0018805510241073973
2024-09-06 18:00:00,220.3079,220.54,3220469.0,220.769,221.483,0.001248496129662024
2024-09-06 19:00:00,220.545,220.95,6803553.0,220.679,221.454,0.0018590731840028866
2024-09-06 20:00:00,220.88,219.93,1298455.0,220.473,221.352,-0.004616429056347508
2024-09-06 21:00:00,220.03,219.9,393008.0,220.317,221.20700000000002,-0.0001364070386031971
2024-09-06 22:00:00,219.9,220.1128,29672.0,220.28656,220.87828,0.0009677125966347759
2024-09-06 23:00:00,220.2,220.1434,16180.0,220.20724,220.48811999999998,0.00013901962993529253
2024-09-09 08:00:00,221.95,222.95,57511.0,220.60724,220.64312,0.01274896272157137
2024-09-09 09:00:00,222.74,222.49,27986.0,221.11924,220.79612000000003,-0.0020632428795693187
2024-09-09 10:00:00,222.49,221.79,56804.0,221.49724,220.90712,-0.003146208818373936
2024-09-09 11:00:00,221.9,221.2,115989.0,221.71468,221.00061999999997,-0.0026601740385049076
2024-09-09 12:00:00,222.0019,221.0,264515.0,221.88599999999997,221.04662,-0.000904159132007182
2024-09-09 13:00:00,220.86,219.24,8838601.0,221.144,220.87561999999997,-0.007963800904977334
2024-09-09 14:00:00,219.2,217.2,8359174.0,220.086,220.60261999999997,-0.009304871373836983
2024-09-09 15:00:00,217.2,219.91,4731863.0,219.70999999999998,220.60362,0.01247697974217315
2024-09-09 16:00:00,219.89,220.15,4661932.0,219.5,220.60734000000002,0.0010913555545450826
2024-09-09 17:00:00,220.16,219.1694,7552041.0,219.13388,220.50994,-0.004454235748353439
2024-09-09 18:00:00,219.155,217.88,11694386.0,218.86188,220.00294,-0.005883120545112596
2024-09-09 19:00:00,217.87,220.99,11969536.0,219.61988000000002,219.85294,0.01427391224527269
2024-09-09 20:00:00,220.91,221.0449,1650758.0,219.84686000000002,219.77843000000001,0.00024842753065751165
2024-09-09 21:00:00,221.05,221.12,71504.0,220.04086,219.77042999999998,0.00033974997839801753
2024-09-09 22:00:00,221.15,220.4205,57319.0,220.29108000000002,219.71248,-0.0031634406657018834
2024-09-09 23:00:00,220.5,220.8797,67270.0,220.89102000000003,219.87645000000003,0.0020832908009917853
2024-09-10 08:00:00,219.69,218.43,119617.0,220.37902,219.99944999999997,-0.011090652513562844
2024-09-10 09:00:00,218.22,218.25,48209.0,219.82004,219.83345,-0.000824062628759817
2024-09-10 10:00:00,218.14,218.49,29200.0,219.29404,219.66745,0.001099656357388358
2024-09-10 11:00:00,218.5,218.74,160391.0,218.95794,219.62451000000001,0.0011442171266419516
2024-09-10 12:00:00,218.525,219.2,287105.0,218.622,219.75651,0.002102953277864037
2024-09-10 13:00:00,219.2,217.515,8243269.0,218.439,219.40901000000002,-0.007687043795620449
2024-09-10 14:00:00,217.5,219.1599,8673499.0,218.62098,219.22051000000002,0.007562237087097474
2024-09-10 15:00:00,219.15,218.34,5103033.0,218.59098,218.94251,-0.003741104097966781
2024-09-10 16:00:00,218.32,219.5461,3784866.0,218.7522,218.85506999999998,0.005523953467069672
2024-09-10 17:00:00,219.555,220.81,3497332.0,219.07420000000002,218.84810000000002,0.005756877484956493
2024-09-10 18:00:00,220.81,220.3756,5621538.0,219.64632,219.04265999999998,-0.0019673022055161035
2024-09-10 19:00:00,220.37,220.17,6814007.0,219.84834,219.23466,-0.0009329526499304098
2024-09-10 20:00:00,220.11,219.9,1175945.0,220.16034,219.37565999999998,-0.0012263251124130527
2024-09-10 21:00:00,219.84,219.98,19621.0,220.24712,219.49966,0.0003638017280581359
2024-09-10 22:00:00,219.88,219.96,15813.0,220.07712,219.57565999999997,-9.091735612320125e-05
2024-09-10 23:00:00,219.93,219.74,21148.0,219.95,219.79816,-0.0010001818512456759
2024-09-11 08:00:00,217.8,219.22,23960.0,219.76,219.80416999999997,-0.002366433057249523
2024-09-11 09:00:00,219.47,219.39,3126.0,219.658,219.90917,0.0007754766900829646
2024-09-11 10:00:00,219.56,219.63,14795.0,219.58800000000002,219.91756,0.0010939422945440043
2024-09-11 11:00:00,219.6,219.88,22688.0,219.57199999999997,219.82456000000002,0.0011382780130219006
2024-09-11 12:00:00,219.62,220.46,912584.0,219.71599999999998,219.833,0.002637802437693344
2024-09-11 13:00:00,220.6,220.505,5571853.0,219.973,219.8665,0.00020411866098152723
2024-09-11 14:00:00,220.55,218.59,5951749.0,219.81300000000002,219.7355,-0.00868461032629642
2024-09-11 15:00:00,218.55,219.68,3958119.0,219.823,219.70549999999997,0.004986504414657594
2024-09-11 16:00:00,219.6999,221.0728,3186018.0,220.06156000000001,219.81678000000002,0.006340131099781473
2024-09-11 17:00:00,221.07,221.08,3376138.0,220.18555999999998,219.95077999999998,3.256845708749173e-05
2024-09-11 18:00:00,221.08,221.45,3561773.0,220.37456000000003,220.17378,0.0016736023159036372
2024-09-11 19:00:00,221.44,222.86,7965765.0,221.22856000000002,220.52078,0.006367125762023143
2024-09-11 20:00:00,222.49,222.2,1991142.0,221.73256,220.77777999999998,-0.0029615004935835275
2024-09-11 21:00:00,222.22,222.0,35650.0,221.91799999999998,220.98978000000002,-0.000900090009000849
2024-09-11 22:00:00,222.09,222.32,41830.0,222.166,221.17577999999997,0.0014414414414414107
2024-09-11 23:00:00,222.3,222.1445,26615.0,222.3049,221.33973,-0.0007894026628283535
2024-09-12 08:00:00,222.5,222.65,29610.0,222.2629,221.74573,0.0022755458721688453
2024-09-12 09:00:00,222.61,222.62,9835.0,222.3469,222.03973000000002,-0.000134740624298231
2024-09-12 10:00:00,222.6,222.66,14096.0,222.47889999999998,222.19845,0.00017967837570744786
2024-09-12 11:00:00,222.6,222.6,32256.0,222.53490000000002,222.35045,-0.0002694691457828181
2024-09-12 12:00:00,222.69,222.76,116065.0,222.658,222.48145,0.000718778077268628
2024-09-12 13:00:00,222.6014,221.04,5099709.0,222.33599999999996,222.29944999999998,-0.00772131441910576
2024-09-12 14:00:00,221.04,221.8,4840092.0,222.17200000000003,222.25945000000002,0.0034382917119074345
2024-09-12 15:00:00,221.81,221.975,3670641.0,222.035,222.25695000000002,0.0007889990982866678
2024-09-12 16:00:00,221.98,222.5,2087225.0,222.01500000000001,222.27495,0.002365131208469448
2024-09-12 17:00:00,222.49,223.08,2876414.0,222.079,222.36849999999998,0.002606741573033764
2024-09-12 18:00:00,223.09,223.19,3542130.0,222.50900000000001,222.42249999999999,0.0004930966469427345
2024-09-12 19:00:00,223.18,222.87,6960588.0,222.723,222.4475,-0.00143375599265197
2024-09-12 20:00:00,222.77,222.29,842558.0,222.786,222.4105,-0.0026024139632970455
2024-09-12 21:00:00,222.282,222.2,56271.0,222.72600000000003,222.3705,-0.00040487651266365293
2024-09-12 22:00:00,222.41,222.64,38110.0,222.638,222.3585,0.0019801980198019702
2024-09-12 23:00:00,222.6,222.757,15910.0,222.5514,222.5302,0.0005255120373698287
2024-09-13 08:00:00,222.7,222.95,12086.0,222.5674,222.6452,0.0008664149723689205
2024-09-13 09:00:00,223.0,223.22,7564.0,222.7534,222.7697,0.0012110338640951345
2024-09-13 10:00:00,223.17,223.41,20030.0,222.99539999999996,222.8607,0.000851178209837818
2024-09-13 11:00:00,223.46,224.05,58987.0,223.2774,222.95770000000002,0.0028646882413500504
2024-09-13 12:00:00,223.49,224.48,844583.0,223.62199999999999,223.0867,0.0019192144610577031
2024-09-13 13:00:00,224.45,222.52,5160545.0,223.536,223.05169999999998,-0.008731290092658498
2024-09-13 14:00:00,222.5,223.16,5776363.0,223.52399999999997,223.13869999999997,0.0028761459644076324
2024-09-13 15:00:00,223.18,223.81,3704289.0,223.60399999999998,223.29970000000003,0.002912708370675774
2024-09-13 16:00:00,223.8,223.88,2506406.0,223.57000000000002,223.4237,0.00031276529198870996
2024-09-13 17:00:00,223.88,223.69,2220245.0,223.41199999999998,223.517,-0.0008486689297838026
2024-09-13 18:00:00,223.7,222.4701,3360769.0,223.40202,223.46901000000003,-0.005453529438061583
2024-09-13 19:00:00,222.47,222.46,6061271.0,223.26201999999998,223.39301,-4.5399359284659936e-05
2024-09-13 20:00:00,222.5,222.42,1914587.0,222.98402000000002,223.29401,-0.00017980760586181992
2024-09-13 21:00:00,222.42,222.35,49487.0,222.67802,223.12401,-0.0003147198992896016
2024-09-13 22:00:00,222.37,222.31,16424.0,222.40202,222.90700999999999,-0.0001798965594782642
2024-09-13 23:00:00,222.27,222.23,26849.0,222.35399999999998,222.87801,-0.00035985785614687827
2024-09-16 08:00:00,222.2,219.21,101381.0,221.704,222.48301,-0.013589524366647086
2024-09-16 09:00:00,219.16,218.82,49364.0,220.984,221.98400999999998,-0.0017791159162447643
2024-09-16 10:00:00,218.75,218.2,135177.0,220.154,221.41601,-0.002833379032995177
2024-09-16 11:00:00,218.25,217.0,432601.0,219.092,220.74701,-0.005499541704857877
2024-09-16 12:00:00,217.0,217.015,724140.0,218.04899999999998,220.20149999999998,6.912442396307077e-05
2024-09-16 13:00:00,217.0,215.195,14284808.0,217.246,219.475,-0.008386517061032616
2024-09-16 14:00:00,215.18,215.3,9910658.0,216.542,218.763,0.0004879295522666335
2024-09-16 15:00:00,215.29,215.955,6283387.0,216.093,218.1235,0.0030422666047375804
2024-09-16 16:00:00,215.97,215.59,4466661.0,215.81099999999998,217.45150000000004,-0.0016901669329258831
2024-09-16 17:00:00,215.59,216.21,3695537.0,215.65,216.84949999999998,0.002875829120089079
2024-09-16 18:00:00,216.215,216.4,3600477.0,215.891,216.5685,0.0008787752647888521
2024-09-16 19:00:00,216.405,216.3,7308355.0,216.09100000000004,216.3165,-0.0004621072088724321
2024-09-16 20:00:00,216.32,216.1,2181373.0,216.12000000000003,216.1065,-0.0009246417013408092
2024-09-16 21:00:00,216.09,216.0376,136428.0,216.20952000000003,216.01026000000002,-0.00028875520592316835
2024-09-16 22:00:00,216.002,216.1308,31187.0,216.19368,215.92183999999997,0.0004314063848144765
2024-09-16 23:00:00,216.155,216.249,44398.0,216.16348,216.02723999999998,0.0005468910493090371
2024-09-17 08:00:00,216.37,216.52,40404.0,216.20748000000003,216.14924000000002,0.0012531849858265934
2024-09-17 09:00:00,216.62,216.89,14010.0,216.36548000000002,216.24274,0.0017088490670606692
2024-09-17 10:00:00,216.85,216.65,13624.0,216.48796000000002,216.34874,-0.0011065517082391105
2024-09-17 11:00:00,216.6,216.26,160719.0,216.5138,216.35374000000002,-0.0018001384721902367
2024-09-17 12:00:00,216.53,216.07,257330.0,216.47799999999998,216.32073999999997,-0.0008785720891519363
2024-09-17 13:00:00,216.1,216.22,7499270.0,216.41799999999998,216.31274,0.0006942194659138505
2024-09-17 14:00:00,216.24,216.1299,6676038.0,216.26597999999998,216.31572999999997,-0.0004167052076588971
2024-09-17 15:00:00,216.105,216.6,4097073.0,216.25598,216.37196999999998,0.0021750808194516457
2024-09-17 16:00:00,216.6,215.795,4962850.0,216.16298,216.33838999999998,-0.0037165281625115734
2024-09-17 17:00:00,215.81,216.1301,4133746.0,216.175,216.32649999999998,0.0015528626705901957
2024-09-17 18:00:00,216.14,215.84,3063254.0,216.099,216.2585,-0.001342247100241916
2024-09-17 19:00:00,215.84,216.85,7047703.0,216.24301999999997,216.2545,0.004679392142327608
2024-09-17 20:00:00,216.79,216.6205,509673.0,216.24712,216.25155,-0.0010583352547844206
2024-09-17 21:00:00,216.62,216.595,17694.0,216.40712,216.28505,-0.00011771739055165075
2024-09-17 22:00:00,216.56,216.6,14031.0,216.5011,216.33805,2.3084558738638715e-05
2024-09-17 23:00:00,216.595,216.9,27444.0,216.7131,216.40605,0.0013850415512465899
2024-09-18 08:00:00,216.2,216.0,36807.0,216.5431,216.39305999999996,-0.004149377593361022
2024-09-18 09:00:00,216.12,215.88,11204.0,216.39499999999998,216.32106,-0.0005555555555555766
2024-09-18 10:00:00,215.97,216.72,64235.0,216.42,216.41356000000002,0.003891050583657603
2024-09-18 11:00:00,216.74,216.49,71140.0,216.398,216.44955,-0.0010612772240678745
2024-09-18 12:00:00,217.0,217.13,145956.0,216.44400000000002,216.57855,0.0029562566400294994
2024-09-18 13:00:00,217.13,219.205,7014128.0,217.08499999999998,216.81405,0.009556486897250574
2024-09-18 14:00:00,219.21,220.93,9336268.0,218.09499999999997,217.24499999999998,0.007869346045938707
2024-09-18 15:00:00,220.935,219.6115,5897925.0,218.6733,217.54665,-0.0059679536504775275
2024-09-18 16:00:00,219.61,221.285,4309593.0,219.6323,218.01515,0.0076202748945296125
2024-09-18 17:00:00,221.285,220.6816,4462351.0,220.34262000000004,218.39331,-0.0027268002801816367
2024-09-18 18:00:00,220.63,220.0501,8638352.0,220.51164,218.79832000000002,-0.0028615888229921154
2024-09-18 19:00:00,220.048,220.69,10241246.0,220.46364,219.27932,0.0029079741386166674
2024-09-18 20:00:00,220.69,221.4,2082974.0,220.82134000000002,219.74732,0.0032171824731524216
2024-09-18 21:00:00,221.3225,221.23,43728.0,220.81034,220.22132000000002,-0.0007678410117435226
2024-09-18 22:00:00,221.28,221.6,29520.0,220.99402,220.66832,0.0016724675676897552
2024-09-18 23:00:00,221.58,222.25,77765.0,221.43400000000003,220.97282,0.0029332129963899173
2024-09-19 08:00:00,222.79,224.5,96566.0,222.196,221.32982,0.010123734533183352
2024-09-19 09:00:00,224.34,224.38,49020.0,222.792,221.80667,-0.0005345211581291962
2024-09-19 10:00:00,224.23,224.84,38366.0,223.51399999999998,222.16216999999997,0.0020500935912292004
2024-09-19 11:00:00,224.5,224.7,109540.0,224.13400000000001,222.56401,-0.0006226650062267158
2024-09-19 12:00:00,224.14,225.105,457219.0,224.705,223.0695,0.0018024032042723683
2024-09-19 13:00:00,225.1,227.3,10318082.0,225.26500000000001,223.73049999999998,0.009751005086515278
2024-09-19 14:00:00,227.29,227.94,11940023.0,225.977,224.38449999999997,0.0028156621205454742
2024-09-19 15:00:00,227.96,228.37,7368762.0,226.683,225.09849999999997,0.0018864613494779627
2024-09-19 16:00:00,228.37,229.18,4487164.0,227.579,225.8565,0.003546875684196708
2024-09-19 17:00:00,229.18,229.38,4132629.0,228.43400000000003,226.5695,0.0008726764988218371
2024-09-19 18:00:00,229.38,229.32,4305936.0,228.83800000000002,227.05149999999998,-0.0002615746795710274
2024-09-19 19:00:00,229.32,228.81,10192161.0,229.012,227.49449999999996,-0.002223966509680756
2024-09-19 20:00:00,228.87,228.58,1055859.0,229.054,227.86850000000004,-0.001005200821642366
2024-09-19 21:00:00,228.6275,228.6293,21786.0,228.94386,228.26142999999996,0.00021567941202199723
2024-09-19 22:00:00,228.63,228.5,30565.0,228.76786,228.60092999999998,-0.0005655443112496983
2024-09-19 23:00:00,228.59,228.546,28832.0,228.61306,228.72553000000002,0.00020131291028443007
2024-09-20 08:00:00,228.15,227.84,45760.0,228.41906,228.71553000000003,-0.003089093661669812
2024-09-20 09:00:00,227.9,227.63,27386.0,228.22906000000003,228.64153000000002,-0.0009216994382022821
2024-09-20 10:00:00,227.5,227.2,21470.0,227.9432,228.44353,-0.001889030444141839
2024-09-20 11:00:00,227.47,227.9,82917.0,227.82319999999999,228.29552999999996,0.003080985915493033
2024-09-20 12:00:00,227.4573,229.442,472197.0,228.0024,228.30773,0.006766125493637567
2024-09-20 13:00:00,229.48,230.0,22001506.0,228.4344,228.42673,0.0024319871688705326
2024-09-20 14:00:00,230.0,230.305,9070357.0,228.9694,228.59922999999998,0.0013260869565217689
2024-09-20 15:00:00,230.305,230.8,12681095.0,229.68939999999998,228.8163,0.002149323722889232
2024-09-20 16:00:00,230.8,231.845,6354656.0,230.47840000000002,229.15080000000003,0.004527729636048473
2024-09-20 17:00:00,231.845,230.665,6954081.0,230.723,229.3627,-0.0050896072807263765
2024-09-20 18:00:00,230.665,231.48,9721687.0,231.019,229.72670000000002,0.0035332625235731377
2024-09-20 19:00:00,231.478,228.53,30818447.0,230.664,229.8167,-0.012744081562121949
2024-09-20 20:00:00,228.535,228.05,64142489.0,230.11399999999998,229.90169999999998,-0.002100380694000743
2024-09-20 21:00:00,228.05,227.8704,160203.0,229.31907999999999,229.89874,-0.0007875465906600393
2024-09-20 22:00:00,227.8732,227.85,60326.0,228.75607999999997,229.73954000000003,-8.95245718618789e-05
2024-09-20 23:00:00,227.86,227.76,45751.0,228.01207999999997,229.51554000000002,-0.0003949967083607786
2024-09-23 08:00:00,228.4,227.7,82385.0,227.84607999999997,229.25504,-0.00026343519494205427
2024-09-23 09:00:00,227.71,227.98,34530.0,227.83208,228.97304000000003,0.0012296881862099303
2024-09-23 10:00:00,227.87,228.2,34899.0,227.898,228.60854,0.0009649969295552192
2024-09-23 11:00:00,228.05,228.27,90778.0,227.98199999999997,228.36903999999998,0.0003067484662577634
2024-09-23 12:00:00,228.125,227.1995,391125.0,227.8699,227.94099,-0.004689621938932009
2024-09-23 13:00:00,227.18,226.935,7994072.0,227.71689999999998,227.78149000000002,-0.001164175097216315
2024-09-23 14:00:00,226.935,228.705,8577877.0,227.86190000000002,227.84699,0.007799590191023906
2024-09-23 15:00:00,228.7001,228.34,3633867.0,227.88989999999998,227.89395000000005,-0.0015959423711768832
2024-09-23 16:00:00,228.3389,226.7605,3576383.0,227.58800000000002,227.785,-0.0069173162827362526
2024-09-23 17:00:00,226.77,227.1,3255544.0,227.56810000000002,227.719,0.0014971743315082954
2024-09-23 18:00:00,227.08,226.68,2528994.0,227.51709999999997,227.61699999999996,-0.0018494055482165897
2024-09-23 19:00:00,226.68,226.45,6605419.0,227.0661,227.464,-0.001014646197282593
2024-09-23 20:00:00,226.47,226.29,1869718.0,226.6561,227.273,-0.0007065577390152201
2024-09-23 21:00:00,226.3,226.24,1487746.0,226.552,227.07,-0.0002209554111979449
2024-09-23 22:00:00,226.26,226.22,17092.0,226.37600000000003,226.97205,-8.840169731263363e-05
2024-09-23 23:00:00,226.18,226.23,21045.0,226.28599999999997,226.90155,4.420475643175186e-05
2024-09-24 08:00:00,226.97,227.97,58673.0,226.59,226.82805,0.0076912876276356325
2024-09-24 09:00:00,227.99,228.15,28040.0,226.962,226.80905,0.0007895775759968716
2024-09-24 10:00:00,228.12,227.85,24556.0,227.28400000000002,226.91799999999998,-0.0013149243918475185
2024-09-24 11:00:00,227.8,227.76,106011.0,227.592,226.984,-0.0003949967083607786
2024-09-24 12:00:00,227.5,228.1,257832.0,227.96599999999998,227.12599999999998,0.0014927994380049324
2024-09-24 13:00:00,228.08,227.41,4203926.0,227.85399999999998,227.22199999999998,-0.0030249890398947733
2024-09-24 14:00:00,227.43,227.185,5532891.0,227.661,227.31149999999997,-0.0009894024009498013
2024-09-24 15:00:00,227.1857,227.45,2852258.0,227.581,227.43249999999998,0.0011664502497963614
2024-09-24 16:00:00,227.465,227.0,2551379.0,227.429,227.5105,-0.0019784568036930695
2024-09-24 17:00:00,227.0195,227.29,2051659.0,227.267,227.6165,0.001277533039647542
2024-09-24 18:00:00,227.3,226.87,2032654.0,227.15900000000002,227.50649999999996,-0.0018478595626731818
2024-09-24 19:00:00,226.87,227.36,5556663.0,227.19400000000002,227.4275,0.002159827213822934
2024-09-24 20:00:00,227.37,227.56,6471074.0,227.21599999999998,227.3985,0.0008796622097114208
2024-09-24 21:00:00,227.52,227.5701,462697.0,227.33002000000002,227.37951000000004,4.438389875195212e-05
2024-09-24 22:00:00,227.64,227.54,17620.0,227.38002,227.32351,-0.00013226693664943002
2024-09-24 23:00:00,227.54,227.5128,45027.0,227.50858,227.33379,-0.0001195394216401224
2024-09-25 08:00:00,226.98,225.88,42581.0,227.21257999999997,227.20328999999998,-0.007176739066988772
2024-09-25 09:00:00,225.98,225.84,19454.0,226.86858,227.04229,-0.00017708517797056862
2024-09-25 10:00:00,225.97,225.0,85495.0,226.35456,226.84229,-0.0037194473963868377
2024-09-25 11:00:00,225.0,225.22,112065.0,225.89056,226.63529000000003,0.0009777777777777727
2024-09-25 12:00:00,225.05,225.1,228893.0,225.408,226.45828999999998,-0.0005328123612468012
2024-09-25 13:00:00,225.17,226.89,5369311.0,225.60999999999999,226.41129,0.007952021323856029
2024-09-25 14:00:00,226.895,226.371,4792397.0,225.71620000000001,226.29238999999998,-0.0022874520692845743
2024-09-25 15:00:00,226.3799,225.51,3549748.0,225.81820000000002,226.08638000000002,-0.0038034907298197134
2024-09-25 16:00:00,225.53,225.7999,2585130.0,225.93418000000003,225.91237,0.001285530575140868
2024-09-25 17:00:00,225.8,224.96,3104913.0,225.90618,225.65709,-0.003719665066282138
2024-09-25 18:00:00,224.965,224.9355,4160270.0,225.51528,225.56264000000002,-0.0001089082503556966
2024-09-25 19:00:00,224.93,226.31,5409157.0,225.50308,225.60963999999998,0.006110640605862623
2024-09-25 20:00:00,226.37,226.03,1466481.0,225.60708,225.71264000000002,-0.0012372409526755386
2024-09-25 21:00:00,226.03,226.11,377243.0,225.66910000000001,225.80164,0.0003539353183206322
2024-09-25 22:00:00,226.03,225.95,37720.0,225.86710000000002,225.88664,-0.0007076201848658838
2024-09-25 23:00:00,225.94,226.15,24726.0,226.10999999999999,225.81264000000002,0.0008851515822085287
2024-09-26 08:00:00,227.12,227.95,51168.0,226.43800000000002,225.97053999999997,0.007959319036037952
2024-09-26 09:00:00,228.07,228.12,40086.0,226.856,226.23154,0.0007457775828033162
2024-09-26 10:00:00,228.0,228.1,34655.0,227.254,226.46155,-8.767315448014305e-05
2024-09-26 11:00:00,228.06,227.81,78458.0,227.62600000000003,226.74654999999998,-0.0012713722051731348
2024-09-26 12:00:00,227.95,228.1,278317.0,228.016,227.06300000000002,0.0012729906501031212
2024-09-26 13:00:00,228.13,226.52,5324688.0,227.73000000000002,227.084,-0.0069267864971503034
2024-09-26 14:00:00,226.51,227.17,5831300.0,227.54000000000002,227.198,0.0028695037965741532
2024-09-26 15:00:00,227.19,227.7,4106323.0,227.45999999999998,227.35700000000003,0.00233305454065238
2024-09-26 16:00:00,227.69,227.2567,1685153.0,227.34933999999998,227.48766999999998,-0.0019468599033816145
2024-09-26 17:00:00,227.24,227.135,2241732.0,227.15634,227.58616999999998,-0.0005355177647127857
2024-09-26 18:00:00,227.15,227.78,2278264.0,227.40834,227.56916999999999,0.002839720870847779
2024-09-26 19:00:00,227.78,227.52,5142942.0,227.47834000000003,227.50916999999998,-0.001141452278514316
2024-09-26 20:00:00,227.52,227.93,962817.0,227.52434,227.49217,0.0018020393811532902
2024-09-26 21:00:00,227.52,227.89,44147.0,227.651,227.50017000000003,-0.00017549247576019157
2024-09-26 22:00:00,227.95,228.2,54231.0,227.86400000000003,227.51017000000002,0.0013603054105050783
2024-09-26 23:00:00,228.13,228.066,21892.0,227.9212,227.66477,-0.0005872042068360479
2024-09-27 08:00:00,226.4,227.24,29835.0,227.86520000000002,227.67176999999998,-0.003621758613734592
2024-09-27 09:00:00,227.24,228.11,30052.0,227.90119999999996,227.71277,0.00382855131138886
2024-09-27 10:00:00,227.92,227.72,13846.0,227.8672,227.75910000000005,-0.0017097014598220805
2024-09-27 11:00:00,227.68,228.01,13531.0,227.8292,227.8466,0.0012734937642718779
2024-09-27 12:00:00,227.69,228.0195,142416.0,227.81990000000002,227.87055,4.166483926144787e-05
2024-09-27 13:00:00,228.04,228.8,4233813.0,228.1319,227.99854999999997,0.0034229528614878016
2024-09-27 14:00:00,228.81,228.64,4400190.0,228.2379,228.06955,-0.0006993006993008086
2024-09-27 15:00:00,228.64,227.51,4385304.0,228.1959,228.03155,-0.004942267319804039
2024-09-27 16:00:00,227.51,228.33,2075938.0,228.25989999999996,228.04455,0.003604237176387946
2024-09-27 17:00:00,228.34,228.365,1910899.0,228.329,228.07444999999998,0.00015328690929793101
2024-09-27 18:00:00,228.36,228.1066,2231623.0,228.19031999999999,228.16111,-0.0011315219057212052
2024-09-27 19:00:00,228.12,227.82,4674239.0,228.02632,228.13211,-0.0012564301076776949
2024-09-27 20:00:00,227.79,227.5985,790974.0,228.04402,228.11996,-0.0009722588008076193
2024-09-27 21:00:00,227.57,227.57,17026.0,227.89202,228.07595999999998,-0.00012522050892254644
2024-09-27 22:00:00,227.505,227.57,2348.0,227.73301999999998,228.03101,0.0
2024-09-27 23:00:00,227.5,227.4982,27071.0,227.61134,227.90082999999998,-0.0003155073164300922
2024-09-30 08:00:00,227.33,229.0,85848.0,227.84733999999997,227.93683000000001,0.00660137091194569
2024-09-30 09:00:00,229.0,230.2,75170.0,228.36764,228.20582999999996,0.005240174672489033
2024-09-30 10:00:00,230.12,229.9,33523.0,228.83364,228.36282999999997,-0.0013032145960034012
2024-09-30 11:00:00,229.85,229.42,168244.0,229.20364,228.46833,-0.002087864288821306
2024-09-30 12:00:00,229.4,230.35,1326733.0,229.77399999999997,228.69267,0.004053700636387441
2024-09-30 13:00:00,230.35,230.925,7208047.0,230.15900000000002,229.00317,0.0024962014326026355
2024-09-30 14:00:00,230.925,231.61,5140798.0,230.44099999999997,229.40432,0.0029663310598679322
2024-09-30 15:00:00,231.6,232.25,4405794.0,230.911,229.87232000000003,0.0027632658348084554
2024-09-30 16:00:00,232.25,231.7878,3087886.0,231.38456000000002,230.2941,-0.0019900968783638138
2024-09-30 17:00:00,231.78,231.84,2550516.0,231.68256000000002,230.72827999999998,0.00022520598581978488
2024-09-30 18:00:00,231.825,231.7516,3421941.0,231.84787999999998,231.00344,-0.0003812974465148686
2024-09-30 19:00:00,231.735,233.0,10554085.0,232.12588,231.28344,0.0053868020760158885
2024-09-30 20:00:00,233.0,232.88,2485928.0,232.25187999999997,231.58144000000001,-0.0005150214592274874
2024-09-30 21:00:00,232.88,232.88,128940.0,232.47032,231.92744000000002,0.0
2024-09-30 22:00:00,232.9,232.782,39882.0,232.65872,232.17064,-0.0004208175884575093
2024-09-30 23:00:00,232.782,233.15,40467.0,232.9384,232.39314,0.0015808782465998015
2024-10-01 08:00:00,233.33,233.09,13482.0,232.95639999999997,232.54113999999998,-0.0002573450568303765
2024-10-01 09:00:00,233.23,233.42,7128.0,233.06440000000003,232.65814,0.0014157621519584028
2024-10-01 10:00:00,233.39,233.0,37477.0,233.0884,232.77936,-0.0017993316768057043
2024-10-01 11:00:00,233.0,230.32,657259.0,232.596,232.62736,-0.01150214592274681
2024-10-01 12:00:00,230.3,230.0,571654.0,231.96599999999998,232.4522,-0.0013893713094824296
2024-10-01 13:00:00,230.0,226.125,11906819.0,230.573,231.7647,-0.01684782608695652
2024-10-01 14:00:00,226.13,225.32,8910712.0,228.95299999999997,231.0087,-0.0035599778883361275
2024-10-01 15:00:00,225.29,225.22,6277009.0,227.397,230.2427,-0.0004438132433871575
2024-10-01 16:00:00,225.21,224.75,5193565.0,226.283,229.4395,-0.0020868484148832203
2024-10-01 17:00:00,224.77,225.13,4461401.0,225.30900000000003,228.6375,0.0016907675194660532
2024-10-01 18:00:00,225.12,225.604,3725807.0,225.20480000000003,227.88889999999998,0.002105450184338018
2024-10-01 19:00:00,225.61,226.26,7427226.0,225.3928,227.17289999999997,0.002907749862590989
2024-10-01 20:00:00,226.21,225.67,1216511.0,225.4828,226.4399,-0.0026076195527269664
2024-10-01 21:00:00,225.67,225.5665,191055.0,225.6461,225.96455,-0.00045863428900605674
2024-10-01 22:00:00,225.57,225.62,49785.0,225.74409999999997,225.52655,0.00023718060970939333
2024-10-01 23:00:00,225.68,225.72,46475.0,225.76729999999998,225.48605000000003,0.0004432231185178367
2024-10-02 08:00:00,225.6,225.75,12410.0,225.66529999999997,225.52905,0.00013290802764487477
2024-10-02 09:00:00,225.65,224.8,22391.0,225.4913,225.48705,-0.004208194905869274
2024-10-02 10:00:00,224.64,224.84,49512.0,225.346,225.49605000000003,0.0001779359430604628
2024-10-02 11:00:00,224.82,224.75,48684.0,225.17199999999997,225.45805000000001,-0.00040028464686000446
2024-10-02 12:00:00,224.66,225.2,142094.0,225.06800000000004,225.41765,0.00200222469410451
2024-10-02 13:00:00,225.2,223.38,6119636.0,224.594,225.12965,-0.00808170515097688
2024-10-02 14:00:00,223.375,226.08,5654209.0,224.85,225.17065000000002,0.012087026591458577
2024-10-02 15:00:00,226.085,226.84,4173536.0,225.25,225.298,0.0033616418966737035
2024-10-02 16:00:00,226.85,226.635,2802785.0,225.627,225.3995,-0.0009037206841827389
2024-10-02 17:00:00,226.63,227.116,2336732.0,226.0102,225.53910000000002,0.002122355329053425
2024-10-02 18:00:00,227.11,226.9,2026766.0,226.71419999999998,225.65410000000003,-0.0009510558481128946
2024-10-02 19:00:00,226.9,226.81,4003728.0,226.8602,225.8551,-0.0003966505068312182
2024-10-02 20:00:00,226.78,227.2,390435.0,226.93220000000002,226.0911,0.0017195009038401584
2024-10-02 21:00:00,227.299,227.0982,122054.0,227.02483999999998,226.32592,-0.00044806338028167796
2024-10-02 22:00:00,227.06,227.0287,19408.0,227.00738,226.50879,-0.0003060350104052124
2024-10-02 23:00:00,227.0,226.9715,23644.0,227.02168,226.86794,-0.0002519505243169458
2024-10-03 08:00:00,226.2,225.86,18489.0,226.83168,226.84594,-0.004897090603886295
2024-10-03 09:00:00,225.86,225.74,922.0,226.53968,226.73593999999997,-0.0005313025768175177
2024-10-03 10:00:00,225.79,225.75,17410.0,226.27003999999997,226.64744000000002,4.429875077518785e-05
2024-10-03 11:00:00,225.8,225.53,57907.0,225.9703,226.48883999999998,-0.0009745293466223648
2024-10-03 12:00:00,225.5,225.21,190054.0,225.61800000000002,226.31983999999997,-0.0014188799716223703
2024-10-03 13:00:00,225.15,226.305,3359407.0,225.70700000000002,226.26934,0.004862128679898756
2024-10-03 14:00:00,226.31,224.34,5037911.0,225.427,225.98334,-0.008682972095181297
2024-10-03 15:00:00,224.33,225.13,3074644.0,225.30300000000003,225.78652000000002,0.003521440670410948
2024-10-03 16:00:00,225.1472,223.82,3693908.0,224.961,225.46565,-0.005818860214098531
2024-10-03 17:00:00,223.8,224.3,2621046.0,224.779,225.19850000000002,0.0021445804664463326
2024-10-03 18:00:00,224.29,223.63,1942725.0,224.244,224.9755,-0.0029870708872047074
2024-10-03 19:00:00,223.62,225.67,7118667.0,224.51,224.9685,0.009122210794616071
2024-10-03 20:00:00,225.67,225.73,685379.0,224.63000000000002,224.9665,0.0002658749501484569
2024-10-03 21:00:00,225.71,225.65,144099.0,224.996,224.9785,-0.00035440570593179503
2024-10-03 22:00:00,225.5252,225.8,37162.0,225.296,225.0375,0.0006647462884999144
2024-10-03 23:00:00,225.8805,226.07,45876.0,225.78400000000002,225.01399999999998,0.0011957484499556324
2024-10-04 08:00:00,226.08,225.86,26124.0,225.82199999999997,225.166,-0.0009289158225327533
2024-10-04 09:00:00,225.83,225.87,6798.0,225.85,225.24,4.427521473475119e-05
2024-10-04 10:00:00,225.95,226.18,12360.0,225.956,225.47600000000003,0.0013724708903351587
2024-10-04 11:00:00,226.01,226.5,27261.0,226.096,225.696,0.0014148023697939391
2024-10-04 12:00:00,226.0,227.85,227745.0,226.452,226.118,0.005960264900662227
2024-10-04 13:00:00,227.9,225.1899,5011815.0,226.31797999999998,226.06999000000002,-0.011674786043449637
2024-10-04 14:00:00,225.18,225.1088,5433717.0,226.16574,226.00787,-0.00036014048587433177
2024-10-04 15:00:00,225.1,225.53,3186677.0,226.03573999999998,225.99587000000002,0.0018710952215106602
2024-10-04 16:00:00,225.54,225.14,2870222.0,225.76374,225.92987,-0.0017292599654148662
2024-10-04 17:00:00,225.15,224.88,2074577.0,225.16974,225.81086999999997,-0.0011548369903170957
2024-10-04 18:00:00,224.89,225.53,2476679.0,225.23775999999998,225.77786999999998,0.0028904304517965392
2024-10-04 19:00:00,225.53,226.8,6603816.0,225.57600000000002,225.87087000000002,0.0056311798873764475
2024-10-04 20:00:00,226.8,226.59,2642409.0,225.788,225.91187,-0.000925925925925961
2024-10-04 21:00:00,226.6,226.77,28558.0,226.11399999999998,225.93887,0.0007943863365550413
2024-10-04 22:00:00,226.74,226.56,22486.0,226.45,225.80987,-0.000926048419103091
2024-10-04 23:00:00,226.59,226.3745,17173.0,226.6189,225.92833000000002,-0.0008187676553671895
2024-10-07 08:00:00,224.88,224.0,82278.0,226.0589,225.81745,-0.010489255636125145
2024-10-07 09:00:00,224.0,223.7,61830.0,225.48090000000002,225.63445000000002,-0.001339285714285765
2024-10-07 10:00:00,223.6,223.62,33960.0,224.8509,225.48245000000003,-0.00035762181493063965
2024-10-07 11:00:00,223.65,224.17,117451.0,224.3729,225.41145,0.0024595295590733516
2024-10-07 12:00:00,223.85,224.65,247425.0,224.02799999999996,225.32345,0.00214123210063799
2024-10-07 13:00:00,224.64,225.065,4541362.0,224.24099999999999,225.14995,0.001847318050300432
2024-10-07 14:00:00,225.03,225.31,4282172.0,224.56300000000002,225.02194999999998,0.0010885744118366008
2024-10-07 15:00:00,225.31,224.89,2868946.0,224.817,224.83395000000002,-0.0018640983533798584
2024-10-07 16:00:00,224.89,223.9575,2747354.0,224.7745,224.5737,-0.00414647160834175
2024-10-07 17:00:00,223.96,223.8598,2516203.0,224.61646000000002,224.32223,-0.00043624348369669793
2024-10-07 18:00:00,223.86,222.33,3812908.0,224.06946000000002,224.15523000000002,-0.0068337414756914575
2024-10-07 19:00:00,222.32,221.72,6417367.0,223.35146,223.95722999999998,-0.002743669320379677
2024-10-07 20:00:00,221.69,221.84,2813171.0,222.74146000000002,223.77923,0.0005412231643514547
2024-10-07 21:00:00,221.69,221.99,82310.0,222.34796,223.56123000000002,0.0006761630003606459
2024-10-07 22:00:00,222.0,221.47,64872.0,221.87000000000003,223.24322999999998,-0.0023424478580116683
2024-10-07 23:00:00,221.38,221.8,30014.0,221.76400000000004,222.91673,0.0014900437982571567
2024-10-08 08:00:00,222.1,221.97,24402.0,221.814,222.58273,0.0007664562669070671
2024-10-08 09:00:00,222.07,222.8,16585.0,222.006,222.37373000000002,0.0037392440419877124
2024-10-08 10:00:00,222.77,223.13,25350.0,222.234,222.29098000000005,0.0014811490125672534
2024-10-08 11:00:00,223.08,223.18,48932.0,222.57599999999996,222.223,0.00022408461435042965
2024-10-08 12:00:00,223.2,223.4404,1156734.0,222.90408000000002,222.33404000000002,0.0011667712160588054
2024-10-08 13:00:00,223.45,225.07,4821072.0,223.52408,222.66904,0.007293220026458877
2024-10-08 14:00:00,225.08,225.04,5318511.0,223.97208,222.98904000000002,-0.00013329186475319294
2024-10-08 15:00:00,225.045,225.3452,2553409.0,224.41512000000003,223.32456000000002,0.001356203341628215
2024-10-08 16:00:00,225.34,224.7098,1690870.0,224.72107999999997,223.64854,-0.002819673993499769
2024-10-08 17:00:00,224.692,224.9611,2002155.0,225.02522,223.96464999999998,0.0011183312877319383
2024-10-08 18:00:00,224.96,225.34,1914048.0,225.07922,224.30165000000002,0.0016842911952333795
2024-10-08 19:00:00,225.32,225.78,4943821.0,225.22722,224.59964999999997,0.0019526049525161876
2024-10-08 20:00:00,225.65,225.51,1330362.0,225.26018,224.83765,-0.0011958543715121367
2024-10-08 21:00:00,225.5,225.4,37420.0,225.39821999999998,225.05965,-0.0004877832468626013
2024-10-08 22:00:00,225.49,225.53,22187.0,225.512,225.26861,0.0005767524401064572
2024-10-08 23:00:00,225.53,225.2212,10351.0,225.48824,225.28373000000002,-0.001369219172615576
2024-10-09 08:00:00,225.12,224.72,8412.0,225.27624,225.25173,-0.0022253677717728676
2024-10-09 09:00:00,224.83,225.13,6477.0,225.20024000000004,225.23021,0.0018244927020291768
2024-10-09 10:00:00,224.99,225.0,7011.0,225.12024000000002,225.25923000000003,-0.0005774441433838025
2024-10-09 11:00:00,225.14,225.5,36260.0,225.11424000000002,225.31312000000003,0.0022222222222222222
2024-10-09 12:00:00,225.3,225.65,81157.0,225.2,225.34411999999998,0.0006651884700665441
2024-10-09 13:00:00,225.59,226.15,3590377.0,225.48600000000002,225.38112,0.0022158209616662972
2024-10-09 14:00:00,226.15,227.65,5449263.0,225.99,225.59512,0.006632765863365023
2024-10-09 15:00:00,227.66,228.4245,3989930.0,226.67490000000004,225.89757,0.0034021524269711796
2024-10-09 16:00:00,228.425,228.65,2729177.0,227.3049,226.20956999999999,0.0009871970826247224
2024-10-09 17:00:00,228.64,228.5032,2006253.0,227.87554,226.53777,-0.000642029302427348
2024-10-09 18:00:00,228.51,229.3,3241376.0,228.50554000000002,226.99577,0.003487040881703271
2024-10-09 19:00:00,229.31,229.49,4916729.0,228.87354,227.43177,0.0008286088094199639
2024-10-09 20:00:00,229.54,229.18,471186.0,229.02464,227.84976999999998,-0.001350821386552801
2024-10-09 21:00:00,229.22,229.14,78468.0,229.12264,228.21377,-0.00017453529976446664
2024-10-09 22:00:00,229.19,229.1503,19882.0,229.25206000000003,228.5638,4.495068517064181e-05
2024-10-09 23:00:00,229.14,229.3961,23923.0,229.27128,228.88840999999996,0.0010726584254962908
2024-10-10 08:00:00,229.4,228.83,11650.0,229.13928,229.00640999999996,-0.0024677838899614135
2024-10-10 09:00:00,228.84,228.66,21237.0,229.03527999999997,229.02996000000002,-0.0007429095835336971
2024-10-10 10:00:00,228.68,228.49,15180.0,228.90528,229.01396,-0.0007434619085103975
2024-10-10 11:00:00,228.57,229.0,29876.0,228.87521999999998,229.06364,0.00223204516609038
2024-10-10 12:00:00,228.6,227.8,381659.0,228.55599999999998,228.91364000000004,-0.005240174672489033
2024-10-10 13:00:00,227.82,228.44,4192295.0,228.478,228.80864000000003,0.002809482001755866
2024-10-10 14:00:00,228.44,227.83,3429925.0,228.31199999999998,228.67364000000003,-0.0026702854141130504
2024-10-10 15:00:00,227.85,228.655,2447459.0,228.34499999999997,228.62513999999996,0.0036211210112802907
2024-10-10 16:00:00,228.66,228.44,2242176.0,228.233,228.55410999999998,-0.0009402812096827247
2024-10-10 17:00:00,228.44,228.62,1936392.0,228.39700000000002,228.47650000000004,0.0007879530730170146
2024-10-10 18:00:00,228.6499,228.485,1533269.0,228.406,228.442,-0.0005904995188522041
2024-10-10 19:00:00,228.48,229.03,4179071.0,228.64600000000002,228.47899999999998,0.0023852769328401753
2024-10-10 20:00:00,229.04,229.1915,847553.0,228.7533,228.54915,0.000705147797231758
2024-10-10 21:00:00,229.208,229.12,7311.0,228.8893,228.56115,-0.00031196619420871254
2024-10-10 22:00:00,229.15,229.2284,25344.0,229.01098000000002,228.70398999999998,0.0004731145251396166
2024-10-10 23:00:00,229.2464,229.36,28782.0,229.18598000000003,228.79599,0.0005740998933815363
2024-10-11 08:00:00,228.5,229.09,10324.0,229.19798,228.92199,-0.0011771886989885342
2024-10-11 09:00:00,228.65,228.71,2513.0,229.10168000000004,228.92749000000003,-0.0016587367410187937
2024-10-11 10:00:00,228.73,228.75,816.0,229.02768,228.95849000000004,0.00017489397053033117
2024-10-11 11:00:00,228.8,229.12,21241.0,229.00600000000003,229.00849,0.001617486338797834
2024-10-11 12:00:00,228.85,228.96,90247.0,228.926,229.05599,-0.0006983240223463538
2024-10-11 13:00:00,228.97,227.96,3903817.0,228.7,228.94899,-0.004367575122292103
2024-10-11 14:00:00,227.965,228.09,4177446.0,228.57600000000002,228.83884000000003,0.0005702754869275112
2024-10-11 15:00:00,228.08,228.0699,2857659.0,228.43998000000002,228.73383000000004,-8.812310929902035e-05
2024-10-11 16:00:00,228.065,227.87,2787142.0,228.18998000000002,228.59799000000004,-0.0008764856739095572
2024-10-11 17:00:00,227.87,227.8342,1966728.0,227.96482,228.44540999999998,-0.00015710712248209386
2024-10-11 18:00:00,227.83,228.585,2496964.0,228.08982,228.39490999999998,0.0032953788325018724
2024-10-11 19:00:00,228.57,227.51,5624766.0,227.97382000000002,228.27491,-0.004702845768532568
2024-10-11 20:00:00,227.55,227.45,1045935.0,227.84984,228.14490999999998,-0.0002637246714430235
2024-10-11 21:00:00,227.461,227.49,13248.0,227.77383999999998,227.98191000000003,0.00017586282699503391
2024-10-11 22:00:00,227.45,227.3533,16123.0,227.67765999999997,227.82124,-0.0006009055343092836
2024-10-11 23:00:00,227.35,227.4,8518.0,227.44066000000004,227.76524,0.0002054071790469525
2024-10-14 08:00:00,228.0,227.85,30522.0,227.50866000000002,227.74123999999998,0.0019788918205804248
2024-10-14 09:00:00,227.98,228.24,13285.0,227.66666,227.75825,0.0017116524028967075
2024-10-14 10:00:00,228.04,229.0,48818.0,227.96866,227.87125,0.0033298282509638577
2024-10-14 11:00:00,229.0,228.8,60148.0,228.25799999999998,227.96783,-0.0008733624454147975
2024-10-14 12:00:00,229.0,228.79,115197.0,228.536,227.98833,-4.370629370637817e-05
2024-10-14 13:00:00,228.75,230.555,5754087.0,229.077,228.29283,0.007714498011276782
2024-10-14 14:00:00,230.57,229.48,4460691.0,229.325,228.49583,-0.004662661837739442
2024-10-14 15:00:00,229.47,230.346,2780543.0,229.5942,228.78143,0.003773749346348326
2024-10-14 16:00:00,230.34,230.33,2174250.0,229.90019999999998,229.0791,-6.946072430166415e-05
2024-10-14 17:00:00,230.355,230.19,1647856.0,230.1802,229.3581,-0.0006078235575045143
2024-10-14 18:00:00,230.19,231.15,3114992.0,230.2992,229.68810000000002,0.00417046787436469
2024-10-14 19:00:00,231.16,231.4,6259523.0,230.6832,230.00409999999997,0.001081548777849881
2024-10-14 20:00:00,231.3,231.19,1613376.0,230.852,230.2231,-0.000907519446845324
2024-10-14 21:00:00,231.19,231.14,303433.0,231.01400000000004,230.4571,-0.00021627233011813386
2024-10-14 22:00:00,231.14,231.2235,17644.0,231.2207,230.70045,0.0003612529203081034
2024-10-14 23:00:00,231.2235,231.3,16626.0,231.2507,230.77495,0.0003308487242862858
2024-10-15 08:00:00,231.34,230.54,29653.0,231.07869999999997,230.88094999999998,-0.003285776048422046
2024-10-15 09:00:00,230.55,230.81,13294.0,231.0027,230.92735,0.0011711633555999404
2024-10-15 10:00:00,230.86,232.65,106753.0,231.3047,231.15935,0.007971924959923762
2024-10-15 11:00:00,232.54,233.99,173999.0,231.858,231.53935,0.005759724908661093
2024-10-15 12:00:00,232.68,234.3185,330827.0,232.4617,231.8562,0.001403906149835425
2024-10-15 13:00:00,234.21,236.635,13524363.0,233.68070000000003,232.3797,0.009886116546495436
2024-10-15 14:00:00,236.635,235.38,11580537.0,234.59470000000002,232.7987,-0.005303526528197416
2024-10-15 15:00:00,235.37,235.37,6140393.0,235.13870000000003,233.22169999999997,-4.248449315995796e-05
2024-10-15 16:00:00,235.38,234.48,4229715.0,235.2367,233.54735,-0.0037812805370268715
2024-10-15 17:00:00,234.4699,233.76,3699365.0,235.125,233.79335,-0.0030706243602865867
2024-10-15 18:00:00,233.77,233.78,2591881.0,234.554,234.11735,8.555783709792194e-05
2024-10-15 19:00:00,233.8,233.8,7961290.0,234.238,234.41635000000002,8.555051758067513e-05
2024-10-15 20:00:00,233.85,233.8436,2440820.0,233.93272000000002,234.53571000000002,0.00018648417450811745
2024-10-15 21:00:00,233.85,233.6,1417540.0,233.75672,234.49671000000004,-0.0010417219030155835
2024-10-15 22:00:00,233.56,233.83,21262.0,233.77071999999998,234.44786,0.0009845890410959683
2024-10-15 23:00:00,233.99,234.1,21671.0,233.83472,234.19436000000002,0.0011546850275840645
2024-10-16 08:00:00,234.34,234.15,13438.0,233.90472,234.07136,0.0002135839384878743
2024-10-16 09:00:00,234.18,233.54,12721.0,233.844,233.88836,-0.0026051676275892104
2024-10-16 10:00:00,233.46,233.55,6266.0,233.834,233.79536000000002,4.281921726479116e-05
2024-10-16 11:00:00,233.69,233.95,32085.0,233.858,233.81436,0.001712695354313754
2024-10-16 12:00:00,233.8,232.91,575748.0,233.61999999999998,233.72736,-0.004445394315024544
2024-10-16 13:00:00,232.91,230.08,6816223.0,232.80599999999998,233.35536000000002,-0.01215061611781368
2024-10-16 14:00:00,230.085,230.3995,5217845.0,232.1779,233.01095,0.0013886474269818175
2024-10-16 15:00:00,230.4,230.1988,3375293.0,231.50766,232.67082999999997,-0.0008710956403984533
2024-10-16 16:00:00,230.1901,231.035,2968097.0,230.92466,232.39133,0.0036325124196998028
2024-10-16 17:00:00,231.05,230.805,2159019.0,230.50366,232.06183000000001,-0.0009955201592831812
2024-10-16 18:00:00,230.824206,231.2676,2261743.0,230.74117999999999,231.77359,0.0020042893351529673
2024-10-16 19:00:00,231.27,231.75,4321708.0,231.01128,231.59459,0.0020858953005090755
2024-10-16 20:00:00,231.78,231.48,595870.0,231.26752000000002,231.38759,-0.0011650485436893645
2024-10-16 21:00:00,231.47,231.6,100200.0,231.38052,231.15259,0.0005184033177812534
2024-10-16 22:00:00,231.6,231.65,9010.0,231.54951999999997,231.02659000000003,0.0002158894645941769
2024-10-16 23:00:00,231.59,231.3605,12313.0,231.56810000000002,231.15463999999997,-0.0012497301964170251
2024-10-17 08:00:00,232.0,232.9,60732.0,231.79809999999998,231.40469,0.006654117708078967
2024-10-17 09:00:00,232.86,233.65,112451.0,232.2321,231.74981000000002,0.0032202662086732504
2024-10-17 10:00:00,233.49,233.65,62801.0,232.64210000000003,232.01131,0.0
2024-10-17 11:00:00,233.53,233.47,81299.0,233.00609999999998,232.27781,-0.0007703830515728945
2024-10-17 12:00:00,233.53,233.76,230330.0,233.48599999999996,232.52704999999997,0.0012421296097999402
2024-10-17 13:00:00,233.792,231.72,5046407.0,233.25,232.52405,-0.00872689938398354
2024-10-17 14:00:00,231.76,231.3599,3822918.0,232.79198000000002,232.51203999999998,-0.0015540307267391186
2024-10-17 15:00:00,231.36,232.5462,2450623.0,232.57121999999998,232.60666,0.005127509131876304
2024-10-17 16:00:00,232.54,232.1761,1724641.0,232.31244,232.65926999999996,-0.0015915117082111335
2024-10-17 17:00:00,232.18,232.43,2328719.0,232.04644,232.76622000000003,0.0010935664782034662
2024-10-17 18:00:00,232.43,232.1,3291829.0,232.12244,232.68622,-0.0014197823000473798
2024-10-17 19:00:00,232.1,232.26,4578741.0,232.30246000000002,232.54721999999998,0.0006893580353295847
2024-10-17 20:00:00,232.15,232.15,771054.0,232.22322,232.39721999999998,-0.0004736071643846776
2024-10-17 21:00:00,232.1,232.1,4103.0,232.208,232.26021999999998,-0.0002153779883696376
2024-10-17 22:00:00,232.11,232.28,11307.0,232.17799999999997,232.11222000000004,0.0007755277897458287
2024-10-17 23:00:00,232.229,232.16,4238.0,232.19,232.15622,-0.0005166178749784939
2024-10-18 08:00:00,233.3,234.41,87917.0,232.62000000000003,232.46123000000003,0.00969159200551344
2024-10-18 09:00:00,234.5,235.02,65847.0,233.19400000000002,232.70861,0.0026022780598097934
2024-10-18 10:00:00,234.95,235.75,98724.0,233.92400000000004,233.06600000000003,0.0031061186282018115
2024-10-18 11:00:00,235.76,236.35,295422.0,234.738,233.458,0.002545068928950135
2024-10-18 12:00:00,235.69,236.3124,462037.0,235.56848,233.87923999999998,-0.00015908610112120854
2024-10-18 13:00:00,236.35,235.42,12692907.0,235.77048,234.19524,-0.0037763570595534097
2024-10-18 14:00:00,235.43,234.69,5844843.0,235.70448000000002,234.44924,-0.0031008410500381863
2024-10-18 15:00:00,234.7,235.0275,4544675.0,235.55998,234.74199000000004,0.0014380672376326459
2024-10-18 16:00:00,235.02,235.464,2943808.0,235.38278,235.06039,0.001857229473146739
2024-10-18 17:00:00,235.465,235.648,2703128.0,235.24989999999997,235.40919,0.0007814358033499707
2024-10-18 18:00:00,235.64,235.56,2208247.0,235.2779,235.52419,-0.0003734383487234938
2024-10-18 19:00:00,235.55,234.98,4773510.0,235.33589999999998,235.52019,-0.0024622176940058264
2024-10-18 20:00:00,235.0,235.02,2042864.0,235.33440000000002,235.44719,0.00017022725338335375
2024-10-18 21:00:00,235.02,234.898,44651.0,235.2212,235.30199,-0.0005191047570420139
2024-10-18 22:00:00,234.89,234.7856,14256.0,235.04872,235.14931,-0.0004785055641172256
2024-10-18 23:00:00,234.86,234.89,5756.0,234.91472,235.09631,0.00044466100135612355
2024-10-21 08:00:00,234.8,234.4,29810.0,234.79872,235.06731,-0.0020860828472901386
2024-10-21 09:00:00,234.42,234.03,15291.0,234.60072,234.96755999999996,-0.0015784982935153778
2024-10-21 10:00:00,234.02,233.52,31085.0,234.32512000000003,234.77316000000002,-0.0021792077938725418
2024-10-21 11:00:00,233.52,233.75,51044.0,234.11800000000002,234.58336000000003,0.000984926344638531
2024-10-21 12:00:00,233.79,233.85,1136443.0,233.91,234.41235999999998,0.00042780748663099173
2024-10-21 13:00:00,233.85,235.1703,3802348.0,234.06405999999998,234.43139000000002,0.0056459268762027075
2024-10-21 14:00:00,235.175,235.88,4257321.0,234.43406,234.51738999999998,0.003017813048671529
2024-10-21 15:00:00,235.88,236.24,6060628.0,234.97806,234.65159000000003,0.001526199762591206
2024-10-21 16:00:00,236.23,236.51,2865143.0,235.53006,234.82403,0.0011429055198102854
2024-10-21 17:00:00,236.51,236.67,2198330.0,236.09405999999998,235.00203000000002,0.0006765041647287497
2024-10-21 18:00:00,236.69,235.985,2061476.0,236.257,235.16053000000002,-0.002894325432036058
2024-10-21 19:00:00,235.99,236.58,4462263.0,236.39700000000002,235.41553000000005,0.0025213466957645565
2024-10-21 20:00:00,236.48,236.55,1578867.0,236.459,235.71852999999996,-0.0001268069997463908
2024-10-21 21:00:00,236.57,236.6,176313.0,236.477,236.00353,0.0002113718030014075
2024-10-21 22:00:00,236.6,236.49,14638.0,236.44100000000003,236.26753,-0.000464919695688864
2024-10-21 23:00:00,236.56,236.57,18611.0,236.558,236.40750000000003,0.00033828068840113356
2024-10-22 08:00:00,235.61,235.61,14957.0,236.36399999999998,236.38049999999998,-0.004057995519296528
2024-10-22 09:00:00,235.6,234.91,30457.0,236.036,236.2475,-0.0029710114171725183
2024-10-22 10:00:00,234.88,234.89,13702.0,235.69400000000002,236.0855,-8.513898940023937e-05
2024-10-22 11:00:00,234.96,234.9,79645.0,235.37600000000003,235.9085,4.257311933253577e-05
2024-10-22 12:00:00,235.1,234.1801,1479234.0,234.89802,235.72800999999998,-0.003064708386547448
2024-10-22 13:00:00,234.2001,233.16,5760514.0,234.40802,235.38601,-0.004356049040887819
2024-10-22 14:00:00,233.164595,234.225,4732054.0,234.27102,235.15351,0.004567678847143583
2024-10-22 15:00:00,234.23,234.4903,3050088.0,234.19108,234.94253999999995,0.0011326715764755954
2024-10-22 16:00:00,234.495,234.94,2830804.0,234.19908,234.78753999999998,0.0019177765562157884
2024-10-22 17:00:00,234.935,235.68,2749665.0,234.49906000000001,234.69854,0.003149740359240696
2024-10-22 18:00:00,235.675,235.37,2742676.0,234.94106000000002,234.67454000000004,-0.001315342837746106
2024-10-22 19:00:00,235.37,235.86,3864708.0,235.26806000000002,234.76954,0.0020818286102732256
2024-10-22 20:00:00,235.86,235.89,968661.0,235.548,234.86954,0.00012719409819372812
2024-10-22 21:00:00,235.9,235.7,275310.0,235.7,234.94953999999998,-0.0008054601721141114
2024-10-22 22:00:00,235.66,235.45,22302.0,235.654,235.07653,-0.0010606703436571913
2024-10-22 23:00:00,235.45,235.6,9201.0,235.7,235.32053000000002,0.000637077935867512
2024-10-23 08:00:00,235.39,235.0,5825.0,235.52799999999996,235.39803,-0.0025466893039048995
2024-10-23 09:00:00,234.94,234.77,6825.0,235.304,235.42600000000002,-0.0009787234042552757
2024-10-23 10:00:00,234.72,234.4,13645.0,235.044,235.372,-0.001576010563530283
2024-10-23 11:00:00,234.53,234.45,47116.0,234.844,235.24899999999997,0.0002133105802047054
2024-10-23 12:00:00,234.74,233.9979,137054.0,234.52357999999998,235.11178999999998,-0.0019283429302623225
2024-10-23 13:00:00,233.93,234.915,4053616.0,234.50657999999999,235.01728999999995,0.003919265942130271
2024-10-23 14:00:00,234.915,234.2925,3478545.0,234.41108,234.85753999999997,-0.0026498946427431294
2024-10-23 15:00:00,234.29,231.56,8028186.0,233.84308000000001,234.44354000000004,-0.011662771962397378
2024-10-23 16:00:00,231.58,229.64,10707602.0,232.88108000000003,233.86254,-0.008291587493522266
2024-10-23 17:00:00,229.63,228.37,4937627.0,231.75549999999998,233.13953999999998,-0.005530395401497918
2024-10-23 18:00:00,228.36,229.26,4596687.0,230.62449999999998,232.56553999999997,0.0038971843937469297
2024-10-23 19:00:00,229.24,230.75,5985672.0,229.916,232.16354,0.006499171246619599
2024-10-23 20:00:00,230.76,230.35,2864233.0,229.67399999999998,231.75853999999998,-0.0017334777898158427
2024-10-23 21:00:00,230.51,230.49,222339.0,229.844,231.36254,0.000607770783590253
2024-10-23 22:00:00,230.49,230.25,33285.0,230.21999999999997,230.98775,-0.001041259924508695
2024-10-23 23:00:00,230.3,230.4178,35588.0,230.45156000000003,230.53803000000002,0.0007287730727470129
2024-10-24 08:00:00,230.66,231.2,30174.0,230.54155999999998,230.22878,0.003394703013395618
2024-10-24 09:00:00,231.28,231.34,9988.0,230.73955999999998,230.20677999999998,0.0006055363321799947
2024-10-24 10:00:00,231.36,231.4,5669.0,230.92156,230.38278,0.00025935851992738945
2024-10-24 11:00:00,231.4,231.33,31624.0,231.13755999999998,230.67878000000002,-0.0003025064822817337
2024-10-24 12:00:00,231.27,230.5,163284.0,231.154,230.80277999999998,-0.003587947953140589
2024-10-24 13:00:00,230.442,229.82,5319812.0,230.878,230.70977999999997,-0.0029501084598698778
2024-10-24 14:00:00,229.83,229.25,3843117.0,230.46000000000004,230.59978,-0.00248020189713686
2024-10-24 15:00:00,229.25,229.58,3115136.0,230.096,230.50878000000003,0.0014394765539804254
2024-10-24 16:00:00,229.59,230.308,2467514.0,229.8916,230.51458000000002,0.0031710079275197325
2024-10-24 17:00:00,230.31,230.255,2339177.0,229.8426,230.49829999999997,-0.00023012661305728534
2024-10-24 18:00:00,230.26,230.46,1640595.0,229.97060000000002,230.4243,0.0008903172569543007
2024-10-24 19:00:00,230.45,230.57,3755673.0,230.2346,230.3473,0.000477306257051051
2024-10-24 20:00:00,230.57,230.48,1150939.0,230.41459999999998,230.25529999999998,-0.00039033699093552247
2024-10-24 21:00:00,230.43,230.39,23538.0,230.43099999999998,230.16129999999998,-0.0003904894133981405
2024-10-24 22:00:00,230.42,230.2603,9659.0,230.43206,230.13732999999996,-0.0005629584617387278
2024-10-24 23:00:00,230.27,229.51,26477.0,230.24205999999998,230.10632999999999,-0.0032584861567539433
2024-10-25 08:00:00,229.13,228.05,131904.0,229.73806,229.98633,-0.006361378589168139
2024-10-25 09:00:00,228.18,228.61,28310.0,229.36405999999997,229.88932999999997,0.0024556018417013913
2024-10-25 10:00:00,228.64,228.45,21983.0,228.97606000000002,229.70353,-0.0006998818949303399
2024-10-25 11:00:00,228.4,228.68,94942.0,228.66000000000003,229.54603000000003,0.0010067848544540083
2024-10-25 12:00:00,228.25,229.76,301247.0,228.71000000000004,229.47602999999998,0.0047227566905719085
2024-10-25 13:00:00,229.74,231.9,5207059.0,229.48000000000002,229.60903,0.009314066852367752
2024-10-25 14:00:00,231.96,232.8446,4374106.0,230.32692000000003,229.84549,0.004073307460112153
2024-10-25 15:00:00,232.86,232.05,4128242.0,231.04692,230.01149,-0.0034125764565723343
2024-10-25 16:00:00,232.03,232.775,2387575.0,231.86592000000002,230.26296000000002,0.003124326653738394
2024-10-25 17:00:00,232.775,231.48,2785364.0,232.20992,230.45996,-0.005563312211362972
2024-10-25 18:00:00,231.49,232.14,2320589.0,232.25792,230.86896000000002,0.0028512182477967714
2024-10-25 19:00:00,232.12,231.41,4990664.0,231.971,231.14896,-0.0031446540880502704
2024-10-25 20:00:00,231.41,231.31,507527.0,231.823,231.43496,-0.0004321334428071143
2024-10-25 21:00:00,231.31,231.49,74213.0,231.56599999999997,231.71596,0.0007781764731313251
2024-10-25 22:00:00,231.57,231.25,6281.0,231.51999999999998,231.86495999999997,-0.0010367618471640637
2024-10-25 23:00:00,231.3,230.86,15801.0,231.26399999999998,231.76096,-0.0016864864864864276
2024-10-28 08:00:00,232.91,233.04,33821.0,231.59,231.7805,0.009442952438707347
2024-10-28 09:00:00,233.04,232.92,20943.0,231.91199999999998,231.8675,-0.0005149330587023882
2024-10-28 10:00:00,233.0,232.2,49504.0,232.054,231.81,-0.003091190108191649
2024-10-28 11:00:00,232.21,232.37,67660.0,232.27800000000002,231.89899999999997,0.0007321274763135914
2024-10-28 12:00:00,232.14,232.634,1147682.0,232.6328,231.9484,0.0011361191203682988
2024-10-28 13:00:00,232.69,233.18,4298619.0,232.66079999999997,232.12539999999998,0.002347034397379664
2024-10-28 14:00:00,233.18,233.93,3738873.0,232.86280000000002,232.38739999999999,0.003216399348143065
2024-10-28 15:00:00,233.935,233.57,3204392.0,233.1368,232.5954,-0.0015389218997136477
2024-10-28 16:00:00,233.545,234.31,3283818.0,233.5248,232.90140000000002,0.003168215096116835
2024-10-28 17:00:00,234.3053,234.395,1976586.0,233.877,233.2549,0.0003627672741240577
2024-10-28 18:00:00,234.395,233.76,1845840.0,233.993,233.32689999999997,-0.002709102156616051
2024-10-28 19:00:00,233.76,233.49,5090432.0,233.90500000000003,233.38389999999998,-0.0011550308008212774
2024-10-28 20:00:00,233.4,232.9,1610116.0,233.77100000000002,233.45390000000003,-0.002526874812625823
2024-10-28 21:00:00,232.89,232.9398,65353.0,233.49696,233.51088,0.00017088879347353114
2024-10-28 22:00:00,232.95,232.65,33537.0,233.14796,233.51248,-0.001244098260580568
2024-10-28 23:00:00,232.6778,232.5,27832.0,232.89596,233.44447999999997,-0.0006447453255964138
2024-10-29 08:00:00,232.7,232.98,21481.0,232.79396000000003,233.34948,0.002064516129032214
2024-10-29 09:00:00,233.11,232.68,12722.0,232.74996000000002,233.26048,-0.0012876641771825176
2024-10-29 10:00:00,232.69,232.6,10824.0,232.68199999999996,233.08948,-0.0003438198384047297
2024-10-29 11:00:00,232.58,232.27,72330.0,232.606,232.87698,-0.0014187446259672574
2024-10-29 12:00:00,232.35,232.25,133733.0,232.55599999999998,232.72598000000002,-8.610668618422625e-05
2024-10-29 13:00:00,232.36,233.605,3970319.0,232.68099999999998,232.73748,0.005834230355220623
2024-10-29 14:00:00,233.6,233.49,4078035.0,232.84300000000002,232.79647999999997,-0.0004922839836475276
2024-10-29 15:00:00,233.505,233.34,2540555.0,232.99099999999999,232.83650000000003,-0.0006424257998201451
2024-10-29 16:00:00,233.35,233.9501,2586724.0,233.32702,232.96651000000003,0.0026146395817261874
2024-10-29 17:00:00,233.95,233.82,1798071.0,233.64102000000003,233.09850999999998,-0.0005561014934381254
2024-10-29 18:00:00,233.815,234.09,3245341.0,233.73802,233.20951,0.0011547344110854941
2024-10-29 19:00:00,234.095,233.75,4858579.0,233.79002,233.31650999999997,-0.0014524328249818591
2024-10-29 20:00:00,233.67,232.51,1934993.0,233.62401999999997,233.30751,-0.005304812834224638
2024-10-29 21:00:00,232.51,232.46,1544245.0,233.32599999999996,233.32651,-0.00021504451421436907
2024-10-29 22:00:00,232.4,232.83,40712.0,233.12800000000001,233.38451,0.00159167168545128
2024-10-29 23:00:00,232.8,232.93,44795.0,232.89600000000002,233.31700999999998,0.0004294979169350784
2024-10-30 08:00:00,233.03,233.12,38378.0,232.76999999999998,233.28001,0.0008156957025715782
2024-10-30 09:00:00,233.03,233.13,6504.0,232.894,233.25901,4.2896362388430445e-05
2024-10-30 10:00:00,233.15,233.02,17508.0,233.006,233.166,-0.0004718397460643642
2024-10-30 11:00:00,233.0,233.07,64761.0,233.054,233.09100000000004,0.00021457385632127262
2024-10-30 12:00:00,233.25,232.753,1304734.0,233.01859999999996,232.95730000000003,-0.0013601064058008636
2024-10-30 13:00:00,232.89,232.58,4466065.0,232.9106,232.8403,-0.0007432772080272796
2024-10-30 14:00:00,232.599,231.156,5129232.0,232.51579999999998,232.7049,-0.006122624473299538
2024-10-30 15:00:00,231.16,231.3899,4817472.0,232.18978,232.59789,0.0010118707712540689
2024-10-30 16:00:00,231.385,230.92,2531099.0,231.75978,232.40688999999998,-0.002030771438165728
2024-10-30 17:00:00,230.9183,230.2188,3353305.0,231.25294,232.13577,-0.0030365494543564873
2024-10-30 18:00:00,230.215,230.505,2829803.0,230.83793999999997,231.87427000000002,0.0012431651976294205
2024-10-30 19:00:00,230.51,230.22,8621276.0,230.65073999999998,231.58327,-0.001236415695971873
2024-10-30 20:00:00,230.1,229.68,1663834.0,230.30875999999998,231.24927000000002,-0.002345582486317401
2024-10-30 21:00:00,229.65,229.95,113113.0,230.11476,230.93726999999998,0.0011755485893416135
2024-10-30 22:00:00,229.66,230.61,114912.0,230.19300000000004,230.72297000000003,0.0028701891715591436
2024-10-30 23:00:00,230.5,230.7,47308.0,230.23199999999997,230.53497,0.0003902692858070985
2024-10-31 08:00:00,230.13,229.67,29019.0,230.122,230.38637,-0.004464672735153885
2024-10-31 09:00:00,229.6,229.23,11706.0,230.03199999999998,230.17037999999997,-0.0019157922236251916
2024-10-31 10:00:00,229.26,229.55,11254.0,229.952,230.03338000000002,0.0013959778388519025
2024-10-31 11:00:00,229.56,229.73,61037.0,229.776,229.98450000000003,0.0007841428882595443
2024-10-31 12:00:00,229.57,229.92,206451.0,229.61999999999998,229.926,0.000827057850520166
2024-10-31 13:00:00,229.88,229.2082,5921174.0,229.52763999999996,229.82482,-0.00309585942936666
2024-10-31 14:00:00,229.2,227.71,5400671.0,229.22364,229.62781999999999,-0.006536415363848226
2024-10-31 15:00:00,227.68,227.055,5046033.0,228.72464,229.33832,-0.0028764656800316243
2024-10-31 16:00:00,227.03,227.73,3499807.0,228.32464,229.05032,0.002972847988372786
2024-10-31 17:00:00,227.735,226.9,3778463.0,227.72064,228.67032,-0.0036446669301364956
2024-10-31 18:00:00,226.9,227.07,3854152.0,227.29299999999998,228.41032,0.0007492287351255508
2024-10-31 19:00:00,227.08,225.39,10023727.0,226.829,228.02632,-0.007398599550799343
2024-10-31 20:00:00,225.91,223.5,5781253.0,226.118,227.42131999999998,-0.008385465193664255
2024-10-31 21:00:00,223.49,221.26,2412467.0,224.82399999999998,226.57432,-0.010022371364653285
2024-10-31 22:00:00,221.395,222.4,363169.0,223.92399999999998,225.82232,0.005152309500135654
2024-10-31 23:00:00,222.4,221.71,154202.0,222.852,225.0725,-0.0031025179856115003
2024-11-01 08:00:00,222.27,223.35,79001.0,222.44400000000002,224.6365,0.007397050200712581
2024-11-01 09:00:00,223.36,223.23,29337.0,222.39000000000001,224.254,-0.0005372733378106315
2024-11-01 10:00:00,223.2,223.31,48639.0,222.8,223.81199999999998,0.00035837477041621873
2024-11-01 11:00:00,223.31,222.02,269009.0,222.724,223.32399999999998,-0.005776722941202777
2024-11-01 12:00:00,222.74,221.88,1789161.0,222.75799999999998,222.805,-0.0006305738221782487
2024-11-01 13:00:00,221.88,223.8499,11632050.0,222.85798,222.65099,0.008878222462592372
2024-11-01 14:00:00,223.85,222.435,12722972.0,222.69898000000003,222.54449,-0.006320753326224353
2024-11-01 15:00:00,222.4205,222.08,7929075.0,222.45297999999997,222.62649000000002,-0.0015959718569469273
2024-11-01 16:00:00,222.07,222.6,4887605.0,222.56898,222.64649,0.0023414985590777277
2024-11-01 17:00:00,222.5911,222.2,3776615.0,222.63298,222.69548999999998,-0.001796945193171634
2024-11-01 18:00:00,222.19,222.6,3509322.0,222.38299999999998,222.62049000000002,0.001800180018001826
2024-11-01 19:00:00,222.59,222.85,7281311.0,222.46599999999998,222.58249,0.0011230907457322552
2024-11-01 20:00:00,222.91,222.87,977997.0,222.62399999999997,222.53849,8.974646623293799e-05
2024-11-01 21:00:00,222.87,223.0,43209.0,222.704,222.63649,0.0005832996814286152
2024-11-01 22:00:00,222.9646,222.93,21039.0,222.85,222.74148999999997,-0.00031390134529144924
2024-11-01 23:00:00,222.84,222.68,17087.0,222.86599999999999,222.62449999999998,-0.0011214282510204996
2024-11-04 09:00:00,221.51,221.71,46358.0,222.638,222.552,-0.004356026585234412
2024-11-04 10:00:00,221.7,222.01,21650.0,222.46599999999998,222.545,0.0013531189391546748
2024-11-04 11:00:00,221.96,221.42,37294.0,222.15,222.427,-0.0026575379487410633
2024-11-04 12:00:00,221.45,221.51,99501.0,221.86599999999999,222.358,0.00040646734712312986
2024-11-04 13:00:00,221.7714,221.36,185227.0,221.602,222.234,-0.0006771703309104657
2024-11-04 14:00:00,221.33,222.065,6790837.0,221.673,222.1555,0.003184857246114854
2024-11-04 15:00:00,222.06,221.61,4282342.0,221.59300000000002,222.0295,-0.0020489496318644726
2024-11-04 16:00:00,221.62,221.08,5313156.0,221.525,221.8375,-0.0023915888272189934
2024-11-04 17:00:00,221.071,221.79,3051038.0,221.581,221.7235,0.003211507146734121
2024-11-04 18:00:00,221.77,222.4,2669384.0,221.78900000000004,221.69549999999998,0.002750349429640713
2024-11-04 19:00:00,222.43,222.625,2411379.0,221.901,221.78699999999998,0.0010116906474819888
2024-11-04 20:00:00,222.625,222.12,5412247.0,222.00300000000001,221.798,-0.002268388545760788
2024-11-04 21:00:00,222.01,221.98,1471932.0,222.183,221.85399999999998,-0.0006302899333694164
2024-11-04 22:00:00,221.91,221.6132,1450115.0,222.14764,221.86432,-0.0016524011172176934
2024-11-04 23:00:00,221.68,221.7,34050.0,222.00763999999998,221.89832,0.0003916734201752533
2024-11-05 00:00:00,221.63,221.53,14916.0,221.78864,221.84481999999997,-0.0007668019846639039
2024-11-05 09:00:00,221.9,221.6,16455.0,221.68464,221.84382,0.0003159842910666419
2024-11-05 10:00:00,221.6,221.55,10425.0,221.59864,221.89082,-0.00022563176895299165
2024-11-05 11:00:00,221.72,221.97,11942.0,221.67,221.90882000000002,0.0018957345971563416
2024-11-05 12:00:00,221.98,221.52,20590.0,221.63400000000001,221.82082,-0.002027300986619762
2024-11-05 13:00:00,221.93,221.8887,95348.0,221.70574000000002,221.74719,0.001664409534127798
2024-11-05 14:00:00,221.81,223.545,4300886.0,222.09474,221.88968999999997,0.00746455317463209
2024-11-05 15:00:00,223.56,222.195,4186117.0,222.22374,221.91118999999998,-0.006039052539757071
2024-11-05 16:00:00,222.19,223.23,2832608.0,222.47574,222.07287000000002,0.004658070613650157
2024-11-05 17:00:00,223.25,223.49,2086581.0,222.86974,222.25187,0.0011647180038526154
2024-11-05 18:00:00,223.495,222.85,2258618.0,223.06199999999998,222.38387000000003,-0.0028636628037049298
2024-11-05 19:00:00,222.86,222.9399,1979377.0,222.94098,222.51785999999998,0.0004034103657168503
2024-11-05 20:00:00,222.93,223.46,4192585.0,223.19398,222.70886000000002,0.0023329157319977875
2024-11-05 21:00:00,223.45,223.1766,722161.0,223.1833,222.82952,-0.0012682359258927786
2024-11-05 22:00:00,223.29,223.06,47622.0,223.0973,222.98352,-0.0005224562073264194
2024-11-05 23:00:00,223.04,222.96,20840.0,223.1193,223.09065,-0.00044830987178335116
2024-11-06 00:00:00,222.98,223.15,50993.0,223.16132,223.05115,0.0008521707929673381
2024-11-06 09:00:00,226.9,224.49,130563.0,223.36732,223.28065,0.006004929419672881
2024-11-06 10:00:00,224.31,223.31,96369.0,223.394,223.28865000000002,-0.005256358857855614
2024-11-06 11:00:00,223.49,223.0,119093.0,223.382,223.23964999999998,-0.001388204737808438
2024-11-06 12:00:00,223.0,224.0,265262.0,223.59,223.35465,0.004484304932735426
2024-11-06 13:00:00,224.05,223.95,465811.0,223.75,223.45566,-0.00022321428571433648
2024-11-06 14:00:00,223.81,224.45,10166814.0,223.74200000000002,223.55466,0.0022326412145568207
2024-11-06 15:00:00,224.48,224.21,7410300.0,223.92200000000003,223.658,-0.0010692804633547813
2024-11-06 16:00:00,224.205,224.67,4906249.0,224.256,223.81900000000002,0.002051648008563309
2024-11-06 17:00:00,224.665,224.35,3863227.0,224.32600000000002,223.958,-0.0014243112119997916
2024-11-06 18:00:00,224.35,223.915,3149515.0,224.31900000000002,224.03449999999998,-0.0019389347002451629
2024-11-06 19:00:00,223.92,223.4101,3747991.0,224.11102,223.92651,-0.002254873501105295
2024-11-06 20:00:00,223.42,222.7,7545523.0,223.80902,223.86551,-0.0031784597025828793
2024-11-06 21:00:00,222.72,223.17,1158498.0,223.50901999999996,223.88251,0.0021104625056129274
2024-11-06 22:00:00,223.08,222.76,81588.0,223.19101999999998,223.75850999999997,-0.0018371644934354824
2024-11-06 23:00:00,222.81,222.65,43009.0,222.93802,223.62851,-0.0004938049919194883
2024-11-07 00:00:00,222.65,222.4699,33017.0,222.74998,223.4305,-0.0008088928812037284
2024-11-07 09:00:00,223.14,223.32,21754.0,222.87398,223.3415,0.003821191091468993
2024-11-07 10:00:00,223.34,223.15,11021.0,222.86998,223.1895,-0.0007612394769836446
2024-11-07 11:00:00,223.1,223.0,15363.0,222.91798,223.05450000000002,-0.0006721935917544507
2024-11-07 12:00:00,222.94,223.42,47318.0,223.07198,223.00500000000002,0.0018834080717488229
2024-11-07 13:00:00,223.08,223.78,191514.0,223.33399999999997,223.04199,0.0016113150120849237
2024-11-07 14:00:00,223.75,226.3,6415429.0,223.93,223.40198999999998,0.011261059969613059
2024-11-07 15:00:00,226.3,226.23,5182589.0,224.546,223.70799000000002,-0.00030932390631914096
2024-11-07 16:00:00,226.23,227.07,3501956.0,225.35999999999999,224.13899,0.003713035406444784
2024-11-07 17:00:00,227.061977,227.2,2869995.0,226.11599999999999,224.59399,0.0005725106795261173
2024-11-07 18:00:00,227.205,227.0989,2309382.0,226.77978,225.05688999999998,-0.00044498239436620784
2024-11-07 19:00:00,227.0999,227.505,3184074.0,227.02078,225.47539,0.0017882076927717803
2024-11-07 20:00:00,227.5,227.69,7141449.0,227.31277999999998,225.92938999999996,0.0008131689413419586
2024-11-07 21:00:00,227.48,227.77,926409.0,227.45278,226.40639000000002,0.00035135491238092364
2024-11-07 22:00:00,227.71,227.6,394552.0,227.53278,226.82439,-0.0007463669491154055
2024-11-07 23:00:00,227.5,227.4801,16768.0,227.60902000000002,227.1944,-0.0005268014059754008
2024-11-08 00:00:00,227.52,227.6,18945.0,227.62802000000002,227.32439999999997,0.0005270790719715757
2024-11-08 09:00:00,227.75,227.79,17873.0,227.64802,227.48039999999997,0.0008347978910368969
2024-11-08 10:00:00,227.82,227.06,29833.0,227.50601999999998,227.4794,-0.003204706088941524
2024-11-08 11:00:00,227.06,227.56,23161.0,227.49802,227.5154,0.002202061129216947
2024-11-08 12:00:00,227.57,227.55,27352.0,227.512,227.56051000000002,-4.3944454209838745e-05
2024-11-08 13:00:00,227.57,227.37,99927.0,227.46600000000004,227.54701,-0.0007910349373764307
2024-11-08 14:00:00,227.38,227.7699,4781711.0,227.46197999999998,227.555,0.001758807230505354
2024-11-08 15:00:00,227.78,226.51,3974443.0,227.35198,227.429,-0.005531459600236976
2024-11-08 16:00:00,226.515,227.27,3465529.0,227.29398,227.39600000000002,0.003355260253410531
2024-11-08 17:00:00,227.265,227.02,2250685.0,227.18798,227.34999000000002,-0.001100013200158402
2024-11-08 18:00:00,227.03,227.5,4583042.0,227.21398,227.33999,0.002114351158488194
2024-11-08 19:00:00,227.495,227.44,1800192.0,227.148,227.30499,-0.00026373626373627374
2024-11-08 20:00:00,227.435,227.16,7945325.0,227.27800000000002,227.31499,-0.0012310939148786543
2024-11-08 21:00:00,226.96,227.18,940514.0,227.26000000000005,227.27699,8.804366966019647e-05
2024-11-08 22:00:00,227.15,226.85,409700.0,227.22599999999997,227.20699,-0.0014525926578044391
2024-11-08 23:00:00,226.88,226.96,9723.0,227.118,227.16599000000002,0.00048490191756673417
2024-11-09 00:00:00,226.96,226.96,6757.0,227.02200000000002,227.08499999999998,0.0
2024-11-11 09:00:00,227.21,226.45,50088.0,226.87999999999997,227.079,-0.002247091998590145
2024-11-11 10:00:00,226.43,226.21,12008.0,226.686,226.973,-0.0010598366085227675
2024-11-11 11:00:00,226.18,226.22,7544.0,226.56,226.89300000000003,4.4206710578625634e-05
2024-11-11 12:00:00,226.3,226.22,70375.0,226.41199999999998,226.76500000000001,0.0
2024-11-11 13:00:00,226.3104,225.9,258618.0,226.2,226.61100000000002,-0.0014145522058173158
2024-11-11 14:00:00,225.9,222.9,7615165.0,225.49,226.185,-0.013280212483399735
2024-11-11 15:00:00,222.9,222.75,6165031.0,224.798,225.74200000000002,-0.0006729475100942381
2024-11-11 16:00:00,222.755,222.78,4531991.0,224.10999999999999,225.33499999999998,0.0001346801346801398
2024-11-11 17:00:00,222.78,221.86,4115313.0,223.238,224.825,-0.004129634617110995
2024-11-11 18:00:00,221.86,222.9,3237401.0,222.638,224.419,0.00468764085459295
2024-11-11 19:00:00,222.9085,223.045,2232583.0,222.667,224.07850000000002,0.0006505159264243239
2024-11-11 20:00:00,223.05,224.25,5464268.0,222.967,223.88250000000002,0.005402497253917427
2024-11-11 21:00:00,224.23,224.25,583470.0,223.26100000000002,223.6855,0.0
2024-11-11 22:00:00,224.25,224.03,521381.0,223.695,223.4665,-0.0009810479375696717
2024-11-11 23:00:00,224.05,224.11,23800.0,223.93699999999998,223.2875,0.0003570950319154243
2024-11-12 00:00:00,224.0001,223.77,34422.0,224.08200000000002,223.37449999999998,-0.00151711213243498
2024-11-12 09:00:00,223.2,223.2,38499.0,223.872,223.41950000000003,-0.002547258345622834
2024-11-12 10:00:00,223.28,223.97,44930.0,223.81599999999997,223.53850000000003,0.003449820788530512
2024-11-12 11:00:00,223.99,224.19,16327.0,223.848,223.7715,0.0009822744117515688
2024-11-12 12:00:00,224.19,224.23,54298.0,223.87199999999999,223.9045,0.00017842009010211
2024-11-12 13:00:00,224.25,224.5,147055.0,224.01799999999997,224.05,0.0012041207688534552
2024-11-12 14:00:00,224.521,224.25,4354019.0,224.228,224.05,-0.0011135857461024498
2024-11-12 15:00:00,224.25,224.6,4182169.0,224.35399999999998,224.08499999999998,0.0015607580824971877
2024-11-12 16:00:00,224.59,224.97,4468771.0,224.51,224.179,0.0016473731077471263
2024-11-12 17:00:00,224.9695,223.4199,3514111.0,224.34798,224.10999,-0.00689025203360442
2024-11-12 18:00:00,223.42,224.1498,2620847.0,224.27794,224.14797,0.003266942649244702
2024-11-12 19:00:00,224.13,224.53,2181908.0,224.33393999999998,224.28096999999997,0.0016961871034460083
2024-11-12 20:00:00,224.53,224.24,6780445.0,224.26194,224.30797,-0.0012915868703513651
2024-11-12 21:00:00,224.23,224.0,3120579.0,224.06794,224.28897,-0.0010702818408848068
2024-11-12 22:00:00,223.98,224.19,21368.0,224.22196,224.28497000000002,0.0008482142857142756
2024-11-12 23:00:00,224.2,224.2,50493.0,224.23199999999997,224.25497000000001,4.460502252549581e-05
2024-11-13 00:00:00,224.19,224.09,11101.0,224.144,224.23897000000002,-0.0004906333630686228
2024-11-13 09:00:00,223.88,223.75,12415.0,224.046,224.15397000000002,-0.0015172475344727716
2024-11-13 10:00:00,223.83,223.59,5441.0,223.964,224.01597,-0.0007150837988826663
2024-11-13 11:00:00,223.59,223.15,8499.0,223.756,223.98898,-0.0019678876515049765
2024-11-13 12:00:00,223.3,223.52,34381.0,223.61999999999998,223.92600000000002,0.0016580775263276026
2024-11-13 13:00:00,223.35,223.52,2862219.0,223.506,223.825,0.0
2024-11-13 14:00:00,223.5,223.54,4563196.0,223.464,223.75500000000002,8.94774516820947e-05
2024-11-13 15:00:00,223.55,224.05,4533692.0,223.55600000000004,223.76000000000005,0.0022814708776953537
2024-11-13 16:00:00,224.05,224.55,3419438.0,223.836,223.796,0.002231644722160232
2024-11-13 17:00:00,224.555,226.521,4126317.0,224.4362,224.0281,0.00877755511022033
2024-11-13 18:00:00,226.53,226.025,3119837.0,224.93720000000002,224.22160000000002,-0.0021896424614052602
2024-11-13 19:00:00,226.03,225.43,2544391.0,225.3152,224.38960000000003,-0.002632452162371414
2024-11-13 20:00:00,225.42,225.22,6803312.0,225.5492,224.55259999999998,-0.0009315530319833561
2024-11-13 21:00:00,225.12,225.27,1924230.0,225.69320000000002,224.76460000000003,0.00022200515051954252
2024-11-13 22:00:00,225.3,225.0503,9489.0,225.39906000000002,224.91763,-0.0009752741155059143
2024-11-13 23:00:00,225.14,224.9699,16748.0,225.18804,225.06261999999998,-0.0003572534673359572
2024-11-14 00:00:00,224.9,224.73,19007.0,225.04804,225.18161999999998,-0.0010663648781459466
2024-11-14 09:00:00,224.85,224.22,23467.0,224.84804,225.19861999999998,-0.0022693899345881323
2024-11-14 10:00:00,224.23,224.42,8631.0,224.67804,225.18562000000003,0.0008919810900008413
2024-11-14 11:00:00,224.51,224.6,16637.0,224.58797999999996,224.99352,0.0008020675519116247
2024-11-14 12:00:00,224.8,224.7,28331.0,224.53400000000002,224.86102,0.0004452359750667601
2024-11-14 13:00:00,225.0,224.75,903534.0,224.538,224.79301999999998,0.00022251891410774975
2024-11-14 14:00:00,224.75,225.7215,4531985.0,224.83829999999998,224.84317000000001,0.004322580645161254
2024-11-14 15:00:00,225.72,226.53,5467311.0,225.2603,224.96917,0.0035818475422146733
2024-11-14 16:00:00,226.52,226.7401,2949881.0,225.68832000000003,225.13815,0.0009274709751468295
2024-11-14 17:00:00,226.75,227.925,3790294.0,226.33332000000001,225.43366,0.005225806992234717
2024-11-14 18:00:00,227.925,228.06,3197755.0,226.99532,225.76666,0.0005923000987166432
2024-11-14 19:00:00,228.05,228.27,3177701.0,227.50502,226.17165999999997,0.0009208103130755413
2024-11-14 20:00:00,228.275,228.19,8067712.0,227.83702000000002,226.54866,-0.0003504621719893657
2024-11-14 21:00:00,228.22,227.81,1791878.0,228.05100000000002,226.86965999999998,-0.0016652789342214622
2024-11-14 22:00:00,227.81,227.8219,40732.0,228.03038,227.18185000000003,5.223651288353073e-05
2024-11-14 23:00:00,227.71,227.5,24111.0,227.91838,227.45685000000003,-0.0014129458142522707
2024-11-15 00:00:00,227.47,227.42,22976.0,227.74838,227.62669999999997,-0.0003516483516484066
2024-11-15 09:00:00,226.9,225.99,45263.0,227.30838,227.5727,-0.006287925424324943
2024-11-15 10:00:00,226.05,225.95,14702.0,226.93638,227.49368999999996,-0.00017699898225594256
2024-11-15 11:00:00,225.99,226.26,20616.0,226.62400000000002,227.32719000000003,0.0013719849524231125
2024-11-15 12:00:00,226.41,226.72,37694.0,226.46800000000002,227.19319000000002,0.0020330593122956245
2024-11-15 13:00:00,226.4,226.0902,128416.0,226.20203999999998,226.97521,-0.0027778757939307904
2024-11-15 14:00:00,226.05,225.07,9089817.0,226.01803999999998,226.66321,-0.004512358341936169
2024-11-15 15:00:00,225.065,224.62,4780606.0,225.75204,226.34420999999998,-0.001999377971297768
2024-11-15 16:00:00,224.63,225.1,3272556.0,225.52004000000002,226.07202,0.0021369423915946475
2024-11-15 17:00:00,225.1,224.73,3895175.0,225.12204000000003,225.79502000000002,-0.001643713904931162
2024-11-15 18:00:00,224.735,224.665,3472351.0,224.837,225.51952,-0.0002892359720553452
2024-11-15 19:00:00,224.67,224.825,2727134.0,224.788,225.40302000000003,0.000712171455277843
2024-11-15 20:00:00,224.825,224.92,6183973.0,224.848,225.30002,0.0004225508729011403
2024-11-15 21:00:00,225.0,225.01,1263353.0,224.83,225.17502,0.00040014227280812476
2024-11-15 22:00:00,225.02,225.1,583623.0,224.904,225.01302,0.00039998222301232574
2024-11-15 23:00:00,225.07,225.03,8651.0,224.977,224.907,-0.0003109729009328884
2024-11-16 00:00:00,225.04,225.26,9151.0,225.064,224.92600000000002,0.0010220859440962973
2024-11-18 09:00:00,226.0,225.21,13388.0,225.122,224.98499999999999,-0.00022196572849144522
2024-11-18 10:00:00,225.26,225.38,12079.0,225.196,225.013,0.0007548510279294325
2024-11-18 11:00:00,225.35,225.55,4494.0,225.286,225.09499999999997,0.0007542816576449371
2024-11-18 12:00:00,225.62,225.7,40425.0,225.42,225.19850000000002,0.0006650410108622357
2024-11-18 13:00:00,225.9,225.69,106170.0,225.506,225.285,-4.430660168361057e-05
2024-11-18 14:00:00,225.629,226.82,5141429.0,225.82799999999997,225.475,0.005006867827551046
2024-11-18 15:00:00,226.85,228.43,5335692.0,226.43800000000002,225.817,0.007098139493871853
2024-11-18 16:00:00,228.41,228.54,3982803.0,227.036,226.161,0.00048154795779882336
2024-11-18 17:00:00,228.53,229.602,2366237.0,227.8164,226.61819999999997,0.004646888947230296
2024-11-18 18:00:00,229.605,229.446,3079061.0,228.5676,227.0368,-0.0006794365902736296
2024-11-18 19:00:00,229.44,228.855,2705087.0,228.9746,227.4013,-0.0025757694620956923
2024-11-18 20:00:00,228.85,227.99,5564926.0,228.8866,227.66230000000002,-0.0037796858272704584
2024-11-18 21:00:00,228.02,228.4,1291782.0,228.85859999999997,227.94729999999998,0.0017983244879161216
2024-11-18 22:00:00,228.37,228.2412,63923.0,228.58643999999998,228.20142,-0.0006952714535902522
2024-11-18 23:00:00,228.2,227.85,25998.0,228.26724,228.41742,-0.001713976267212045
2024-11-19 00:00:00,227.85,228.06,12992.0,228.10823999999997,228.54142000000002,0.0009216589861751501
2024-11-19 09:00:00,228.08,227.05,38802.0,227.92024,228.40342,-0.004428659124791682
2024-11-19 10:00:00,227.01,227.69,13080.0,227.77824,228.31841999999997,0.0028187623871393365
2024-11-19 11:00:00,227.62,227.73,7112.0,227.67600000000002,228.13121999999998,0.00017567745619039943
2024-11-19 12:00:00,227.79,227.84,51649.0,227.67399999999998,227.97062,0.0004830281473675565
2024-11-19 13:00:00,227.99,225.87,135522.0,227.23600000000002,227.67212,-0.008646418539325837
2024-11-19 14:00:00,225.89,228.435,4075849.0,227.513,227.71661999999998,0.01135608978616017
2024-11-19 15:00:00,228.43,229.05,3442648.0,227.785,227.78162000000003,0.0026922319259308296
2024-11-19 16:00:00,229.06,229.34,2550193.0,228.10700000000003,227.8915,0.0012660991049988737
2024-11-19 17:00:00,229.34,229.4,4855249.0,228.419,228.0465,0.0002616203017354246
2024-11-19 18:00:00,229.39,229.935,2371402.0,229.23200000000003,228.234,0.002332170880557962
2024-11-19 19:00:00,229.94,228.79,2581111.0,229.30300000000003,228.408,-0.004979668167090744
2024-11-19 20:00:00,228.78,228.3,5357426.0,229.15300000000002,228.469,-0.0021417019974648397
2024-11-19 21:00:00,228.28,228.2,1551718.0,228.925,228.51600000000002,-0.0004380201489269502
2024-11-19 22:00:00,228.18,228.05,18015.0,228.65500000000003,228.53699999999998,-0.000657318141980619
2024-11-19 23:00:00,228.05,228.0,13627.0,228.26800000000003,228.75,-0.00021925016443767316
2024-11-20 00:00:00,228.1,228.5,21533.0,228.20999999999998,228.75650000000002,0.0021929824561403508
2024-11-20 09:00:00,227.83,227.76,16207.0,228.102,228.6275,-0.003238512035010981
2024-11-20 10:00:00,227.79,227.63,7613.0,227.988,228.4565,-0.0005707762557077426
2024-11-20 11:00:00,227.78,227.71,10419.0,227.92,228.2875,0.0003514475244915543
2024-11-20 12:00:00,227.76,228.47,39864.0,228.01399999999998,228.141,0.0033375784989679454
2024-11-20 13:00:00,227.88,228.18,1012366.0,227.95,228.07999999999998,-0.0012693132577580952
2024-11-20 14:00:00,228.1,227.63,4236410.0,227.92400000000004,228.013,-0.0024103777719344877
2024-11-20 15:00:00,227.63,226.94,3851510.0,227.786,227.887,-0.003031234898739172
2024-11-20 16:00:00,226.95,227.48,3228987.0,227.74,227.83,0.0023794835639375698
2024-11-20 17:00:00,227.47,226.89,2134858.0,227.42399999999998,227.719,-0.002593634605240036
2024-11-20 18:00:00,226.88,226.9163,1808834.0,227.17126,227.56063,0.00011591520119890882
2024-11-20 19:00:00,226.91,227.4,1827591.0,227.12525999999997,227.52462999999997,0.0021316229816897196
2024-11-20 20:00:00,227.4,229.0,5280951.0,227.53725999999997,227.66163,0.0070360598065083305
2024-11-20 21:00:00,229.0,228.94,3495840.0,227.82925999999998,227.78463000000002,-0.00026200873362446406
2024-11-20 22:00:00,228.85,228.55,29470.0,228.16126000000003,227.79263,-0.001703503101249176
2024-11-20 23:00:00,228.3297,228.71,32258.0,228.51999999999998,227.84562999999997,0.0007000656311529056
2024-11-21 00:00:00,228.67,228.24,36584.0,228.68800000000002,227.90663,-0.002055004153731795
2024-11-21 09:00:00,228.2,228.6,29555.0,228.608,228.07263000000003,0.001577287066245992
2024-11-21 10:00:00,228.52,228.88,15399.0,228.596,228.21263000000005,0.0012248468941382378
2024-11-21 11:00:00,228.8,229.66,41991.0,228.81799999999998,228.48962999999998,0.0034078993358965448
2024-11-21 12:00:00,229.43,229.35,54983.0,228.946,228.733,-0.0013498214752242544
2024-11-21 13:00:00,229.95,229.63,624204.0,229.224,228.956,0.0012208415086112977
2024-11-21 14:00:00,229.6,227.0,5318058.0,228.904,228.756,-0.011453207333536539
2024-11-21 15:00:00,227.0,228.34,6112767.0,228.796,228.696,0.005903083700440544
2024-11-21 16:00:00,228.34,228.8612,3766725.0,228.63624,228.72712,0.002282561093106741
2024-11-21 17:00:00,228.86,229.783304,3985430.0,228.72290080000002,228.8344504,0.004029097112136047
2024-11-21 18:00:00,229.78,229.47,2429505.0,228.69090079999995,228.95745039999997,-0.0013634759120705656
2024-11-21 19:00:00,229.47,229.38,2774377.0,229.16690079999998,229.0354504,-0.0003922081317819471
2024-11-21 20:00:00,229.38,228.51,5891687.0,229.2009008,228.9984504,-0.003792832853779774
2024-11-21 21:00:00,228.52,228.36,1184235.0,229.10066079999996,228.86845039999997,-0.000656426414598824
2024-11-21 22:00:00,228.37,228.35,17417.0,228.814,228.76845039999998,-4.3790506218336515e-05
2024-11-21 23:00:00,228.32,228.2301,30586.0,228.56601999999998,228.6284604,-0.0005250711626888602
2024-11-22 00:00:00,228.25,228.56,10310.0,228.40202,228.7844604,0.001445471039972419
2024-11-22 09:00:00,228.5,228.76,24317.0,228.45202,228.8264604,0.0008750437521875597
2024-11-22 10:00:00,228.67,228.45,7801.0,228.47001999999998,228.7853404,-0.0013551320160867385
2024-11-22 11:00:00,228.37,228.85,8325.0,228.57001999999997,228.69200999999998,0.0017509301816590313
2024-11-22 12:00:00,228.94,228.92,24837.0,228.708,228.63701,0.0003058772121476652
2024-11-22 13:00:00,228.94,228.72,64358.0,228.74,228.57100999999997,-0.0008736676568232948
2024-11-22 14:00:00,228.75,229.98,4338514.0,228.984,228.71801,0.0055089192025183234
2024-11-22 15:00:00,229.95,229.5,3852455.0,229.19400000000002,228.83201,-0.0020871380120009993
2024-11-22 16:00:00,229.5,229.5799,4097089.0,229.33998000000003,228.955,0.00034814814814818816
2024-11-22 17:00:00,229.58,230.3901,3603689.0,229.63400000000001,229.171,0.003529054590580362
2024-11-22 18:00:00,230.39,229.875,2909013.0,229.86499999999995,229.3025,-0.002235773151710901
2024-11-22 19:00:00,229.87,229.49,2707219.0,229.767,229.37549999999996,-0.0016748232735181768
2024-11-22 20:00:00,229.48,229.74,5889268.0,229.815,229.5045,0.0010893720859296702
2024-11-22 21:00:00,229.87,229.99,2092001.0,229.89701999999997,229.61849999999998,0.001088186645773483
2024-11-22 22:00:00,229.99,229.9187,24056.0,229.80274,229.71837,-0.00031001347884694077
2024-11-22 23:00:00,229.94,229.9899,11309.0,229.82572,229.84536000000003,0.00030967468065887894
2024-11-23 00:00:00,229.91,229.95,3520.0,229.91772,229.84236,-0.00017348587916259428
2024-11-25 09:00:00,229.88,230.12,26478.0,229.99372,229.90436,0.0007392911502501236
2024-11-25 10:00:00,230.25,230.7,16948.0,230.13572,230.01637,0.0025204241265426044
2024-11-25 11:00:00,230.6,230.5,9279.0,230.25198,230.02736,-0.0008669267446900244
2024-11-25 12:00:00,230.5,231.33,84271.0,230.51999999999998,230.17286,0.0036008676789588395
2024-11-25 13:00:00,230.46,231.51,1155359.0,230.83199999999997,230.37485999999998,0.0007781091946568901
2024-11-25 14:00:00,231.55,232.6,6170266.0,231.32799999999997,230.66086,0.004708219947302507
2024-11-25 15:00:00,232.56,231.895,4510829.0,231.567,230.85136000000003,-0.0030309544282028553
2024-11-25 16:00:00,231.89,230.9,3320587.0,231.64700000000002,230.94949000000003,-0.004290735030940747
2024-11-25 17:00:00,230.89,230.11,3812122.0,231.40300000000002,230.96149999999997,-0.003421394543092213
2024-11-25 18:00:00,230.105,230.285,2118697.0,231.158,230.99500000000003,0.0007605058450305634
2024-11-25 19:00:00,230.28,230.68,2197282.0,230.77399999999997,231.05100000000002,0.0017152658662093069
2024-11-25 20:00:00,230.68,232.88,12836351.0,230.971,231.269,0.00953702098144611
2024-11-25 21:00:00,232.87,232.2,3948440.0,231.231,231.439,-0.0029199587770525888
2024-11-25 22:00:00,232.2,232.25,63264.0,231.65900000000002,231.531,0.00021533161068049687
2024-11-25 23:00:00,232.21,231.3,93551.0,231.862,231.51000000000005,-0.004090419806243224
2024-11-26 00:00:00,231.3,231.06,88114.0,231.93800000000002,231.356,-0.001037613488975396
2024-11-26 09:00:00,231.93,232.7,58485.0,231.902,231.43649999999997,0.007097723535012492
2024-11-26 10:00:00,232.67,232.6,15637.0,231.98199999999997,231.60649999999995,-0.0004297378599054333
2024-11-26 11:00:00,232.6,232.95,45758.0,232.12199999999999,231.89050000000003,0.0015047291487532
2024-11-26 12:00:00,232.93,233.18,73993.0,232.498,232.17999999999998,0.0009873363382700933
2024-11-26 13:00:00,233.33,233.37,1349329.0,232.95999999999998,232.44899999999998,0.0008148211681962335
2024-11-26 14:00:00,233.3899,234.81,7418650.0,233.382,232.642,0.006170458927882752
2024-11-26 15:00:00,234.78,235.1699,7156474.0,233.89598,232.93899000000002,0.0015327285890720597
2024-11-26 16:00:00,235.17,235.03,3441069.0,234.31198,233.21698999999998,-0.0005948890568053626
2024-11-26 17:00:00,235.02,235.0,3445150.0,234.67597999999998,233.58698999999996,-0.00012764327958133487
2024-11-26 18:00:00,235.005,235.08,2612935.0,235.01798,233.98899,0.0003404255319149468
2024-11-26 19:00:00,235.07,234.92,2752063.0,235.03998,234.21098999999998,-0.0006806193636210014
2024-11-26 20:00:00,234.91,235.08,6769599.0,235.022,234.45899000000003,0.0006810829218458413
2024-11-26 21:00:00,235.06,235.55,2344595.0,235.12600000000003,234.71899,0.0019993193806363743
2024-11-26 22:00:00,235.55,235.41,32983.0,235.208,234.94199000000003,-0.0005943536404161103
2024-11-26 23:00:00,235.41,235.4617,21641.0,235.28434000000001,235.15116000000003,0.0002196168387069834
2024-11-27 00:00:00,235.5935,235.53,23610.0,235.40634,235.22316,0.0002900684060294884
2024-11-27 09:00:00,235.5,234.4,41630.0,235.27034000000003,235.14616999999998,-0.004797690315458733
2024-11-27 10:00:00,234.34,234.38,21935.0,235.03634000000002,235.08117000000001,-8.532423208195492e-05
2024-11-27 11:00:00,234.26,234.19,30943.0,234.79234000000002,235.00017000000003,-0.0008106493728133703
2024-11-27 12:00:00,234.29,234.17,71638.0,234.53400000000002,234.90917,-8.540074298650767e-05
2024-11-27 13:00:00,233.95,233.81,168492.0,234.19,234.79817000000003,-0.0015373446641328318
2024-11-27 14:00:00,233.8,234.32,4002687.0,234.17399999999998,234.72217,0.0021812582866429617
2024-11-27 15:00:00,234.33,234.62,4965775.0,234.22200000000004,234.62917000000002,0.0012803004438375358
2024-11-27 16:00:00,234.62,234.3525,2950666.0,234.2545,234.52342,-0.0011401415054130616
2024-11-27 17:00:00,234.35,234.73,2755811.0,234.3665,234.45025,0.001610821305511986
2024-11-27 18:00:00,234.73,234.93,1727100.0,234.59050000000002,234.39024999999998,0.0008520427725472546
2024-11-27 19:00:00,234.925,235.06,2000757.0,234.73850000000002,234.45625,0.0005533563189034838
2024-11-27 20:00:00,235.065,234.99,3791331.0,234.8125,234.51725000000002,-0.00029779630732576013
2024-11-27 21:00:00,234.93,235.01,874790.0,234.94400000000002,234.59924999999998,8.511000468097284e-05
2024-11-27 22:00:00,235.03,235.0981,4665.0,235.01762,234.69206,0.0003748776647802101
2024-11-27 23:00:00,235.07,235.15,6578.0,235.06162,234.82606,0.00022075890872796336
2024-11-28 00:00:00,235.13,235.2,8430.0,235.08962000000002,234.91405999999998,0.00021263023601948946
2024-11-29 09:00:00,235.37,235.07,8569.0,235.10562,234.95906,-0.0005527210884353548
2024-11-29 10:00:00,234.94,234.8,5210.0,235.06362,235.00381,-0.0011485940358190404
2024-11-29 11:00:00,234.63,234.42,5589.0,234.92800000000003,234.97280999999998,-0.0016183986371380915
2024-11-29 12:00:00,234.41,234.58,24064.0,234.814,234.93780999999998,0.0006825356198277664
2024-11-29 13:00:00,234.56,234.31,83700.0,234.63600000000002,234.86281,-0.001150993264557977
2024-11-29 14:00:00,234.39,235.64,3505466.0,234.75,234.92781,0.005676240877469951
2024-11-29 15:00:00,235.63,235.81,3386842.0,234.952,235.00781,0.0007214394839586485
2024-11-29 16:00:00,235.82,237.06,4497316.0,235.47999999999996,235.204,0.005300877825367881
2024-11-29 17:00:00,237.06,237.34,6367294.0,236.032,235.423,0.0011811355774909353
2024-11-29 18:00:00,237.33,237.33,6198678.0,236.63600000000002,235.63600000000002,-4.213364793119956e-05
2024-11-29 21:00:00,237.4,237.4897,32972.0,237.00594,235.87797,0.0006729027093076586
2024-12-02 09:00:00,237.1,237.17,15376.0,237.27794,236.11497,-0.001346163644149669
2024-12-02 10:00:00,237.15,237.17,9549.0,237.29993999999996,236.38997,0.0
2024-12-02 11:00:00,237.19,237.18,12969.0,237.26794,236.64997000000002,4.21638487161923e-05
2024-12-02 12:00:00,237.25,237.42,111923.0,237.28593999999998,236.96097,0.0010118897040221802
2024-12-02 13:00:00,237.75,237.244,787992.0,237.2368,237.12136999999998,-0.0007413023334175206
2024-12-02 14:00:00,237.28,239.305,5865715.0,237.66379999999998,237.47087000000002,0.008687258687258717
2024-12-02 15:00:00,239.28,240.09,7516759.0,238.2478,237.77387,0.003280332629907426
2024-12-02 16:00:00,240.09,239.9558,4359150.0,238.80295999999998,238.03545,-0.0005589570577699728
2024-12-02 17:00:00,239.95,239.5101,2368102.0,239.22098,238.25346,-0.0018574254091795921
2024-12-02 18:00:00,239.51,239.1488,3716850.0,239.60194,238.41937,-0.0015084958838896562
2024-12-02 19:00:00,239.1401,239.64,2319516.0,239.66894000000002,238.66637,0.002053951347445574
2024-12-02 20:00:00,239.64,239.6,5182548.0,239.57093999999998,238.90937,-0.00016691704222997848
2024-12-02 21:00:00,239.59,239.88,1614586.0,239.55578,239.17936999999998,0.0011686143572621082
2024-12-02 22:00:00,239.84,239.7245,15705.0,239.59866000000002,239.40982000000002,-0.0006482407870601522
2024-12-02 23:00:00,239.704,239.75,12719.0,239.7189,239.66042000000002,0.00010637210631368033
2024-12-03 00:00:00,239.72,239.68,5622.0,239.72690000000003,239.69792,-0.0002919708029196796
2024-12-03 09:00:00,240.0,239.98,35106.0,239.8029,239.68692000000001,0.0012516688918557367
2024-12-03 10:00:00,239.97,239.81,11344.0,239.7889,239.67234,-0.0007083923660304505
2024-12-03 11:00:00,239.8,240.13,12941.0,239.86999999999998,239.73433,0.0013343897251990875
2024-12-03 12:00:00,240.15,240.15,23241.0,239.95,239.83445,8.328821888148183e-05
2024-12-03 13:00:00,240.04,240.1795,636456.0,240.04989999999998,239.8884,0.00012283989173426832
2024-12-03 14:00:00,240.15,240.89,4637920.0,240.2319,240.0174,0.0029582041764596736
2024-12-03 15:00:00,240.86,241.1905,5581530.0,240.50799999999998,240.14845,0.001247457345676448
2024-12-03 16:00:00,241.19,241.41,3391807.0,240.76399999999998,240.31699999999995,0.0009100690118392337
2024-12-03 17:00:00,241.41,241.6686,2461185.0,241.06771999999995,240.50885999999997,0.0010712066608674093
2024-12-03 18:00:00,241.6601,241.725,2233080.0,241.37682,240.71336000000002,0.0002333774433252663
2024-12-03 19:00:00,241.725,242.38,3736521.0,241.67482,240.95335999999998,0.0027096907642982777
2024-12-03 20:00:00,242.38,242.63,5328245.0,241.96272,241.23536,0.00103143823747834
2024-12-03 21:00:00,242.65,242.85,1728682.0,242.25072,241.50735999999998,0.000906730412562333
2024-12-03 22:00:00,242.88,242.81,19702.0,242.47899999999998,241.77335999999997,-0.0001647107267860492
2024-12-03 23:00:00,242.8,242.8007,29906.0,242.69414,242.03548,-3.8301552654322674e-05
2024-12-04 00:00:00,242.8166,243.0,23303.0,242.81814,242.24648000000002,0.0008208378311923887
2024-12-04 09:00:00,242.76,243.24,28853.0,242.94014,242.45143,0.0009876543209876916
2024-12-04 10:00:00,243.2,243.35,7171.0,243.04014,242.64543000000003,0.0004522282519321872
2024-12-04 11:00:00,243.42,243.0,30318.0,243.07814,242.77857000000003,-0.0014382576535853476
2024-12-04 12:00:00,243.01,243.08,38132.0,243.13400000000001,242.91406999999998,0.00032921810699593624
2024-12-04 13:00:00,242.99,243.28,304129.0,243.19,243.00407,0.0008227743952607726
2024-12-04 14:00:00,243.28,243.555,4499297.0,243.253,243.09657,0.0011303847418612533
2024-12-04 15:00:00,243.54,243.465,5308418.0,243.276,243.15807,-0.00036952639034305764
2024-12-04 16:00:00,243.47,242.5,6750454.0,243.17600000000002,243.12707,-0.003963608732261325
2024-12-04 17:00:00,242.48,242.3687,3283298.0,243.03374,243.08387,-0.0005414432989691142
2024-12-04 18:00:00,242.365,242.51,2182576.0,242.87974,243.03487,0.000582996071687479
2024-12-04 19:00:00,242.525,242.9101,3382379.0,242.75075999999999,243.00188000000003,0.0016498288730362007
2024-12-04 20:00:00,242.91,243.02,4966606.0,242.66176000000002,242.96887999999998,0.0004524307552465308
2024-12-04 21:00:00,243.01,243.0081,841953.0,242.76338,242.96968999999999,-4.8967163196432944e-05
2024-12-04 22:00:00,242.9608,242.9,15011.0,242.86963999999998,242.95169,-0.00044484113904025177
2024-12-04 23:00:00,242.95,242.92,11219.0,242.95164,242.91568999999998,8.233841086859534e-05
2024-12-05 00:00:00,242.91,242.75,19097.0,242.91962000000004,242.83518999999995,-0.0006998188704099601
2024-12-05 09:00:00,242.53,242.95,27358.0,242.90562,242.78369000000004,0.0008238928939237431
2024-12-05 10:00:00,242.99,243.0,11414.0,242.904,242.83369000000002,0.00020580366330525364
2024-12-05 11:00:00,243.0,243.0,9032.0,242.92399999999998,242.89682000000002,0.0
2024-12-05 12:00:00,243.03,243.14,13427.0,242.968,242.95981999999998,0.0005761316872427422
2024-12-05 13:00:00,243.08,243.01,280214.0,243.01999999999998,242.96981,-0.0005346713827424342
2024-12-05 14:00:00,243.05,243.47,5256946.0,243.12399999999997,243.01480999999998,0.0018929262170281386
2024-12-05 15:00:00,243.455,242.35,4680045.0,242.99399999999997,242.94899999999998,-0.00460015607672405
2024-12-05 16:00:00,242.37,242.63,4021402.0,242.92,242.92199999999997,0.001155353827109557
2024-12-05 17:00:00,242.625,242.89,3411363.0,242.86999999999998,242.919,0.0010715904875736343
2024-12-05 18:00:00,242.89,243.215,2537899.0,242.911,242.96549999999996,0.0013380542632468076
2024-12-05 19:00:00,243.2299,243.115,2809476.0,242.84,242.98199999999997,-0.00041115885122214633
2024-12-05 20:00:00,243.12,243.08,6115986.0,242.98600000000002,242.99,-0.00014396479032555205
2024-12-05 21:00:00,243.04,242.9,464964.0,243.04000000000002,242.97999999999996,-0.0007404969557347655
2024-12-05 22:00:00,242.8247,242.86,23945.0,243.03400000000002,242.952,-0.0001646768217373077
2024-12-05 23:00:00,242.86,242.95,17983.0,242.981,242.946,0.00037058387548371483
2024-12-06 00:00:00,242.92,242.93,1915.0,242.94400000000002,242.892,-8.232146532200787e-05
2024-12-06 09:00:00,242.97,242.89,6341.0,242.906,242.946,-0.00016465648540740321
2024-12-06 10:00:00,242.73,242.72,2544.0,242.86999999999998,242.955,-0.0006999053069290111
2024-12-06 11:00:00,242.69,242.53,4205.0,242.804,242.919,-0.0007827949901120539
2024-12-06 12:00:00,242.62,242.85,18747.0,242.78400000000002,242.8825,0.0013194244011049897
2024-12-06 13:00:00,242.79,242.87,141199.0,242.772,242.85800000000003,8.23553633930831e-05
2024-12-06 14:00:00,242.86,243.64,4835330.0,242.92199999999997,242.914,0.003170420389508716
2024-12-06 15:00:00,243.67,243.5986,4387352.0,243.09771999999998,242.98386,-0.00016992283697250728
2024-12-06 16:00:00,243.6,243.65,2787672.0,243.32172,243.06286,0.00021100285469621336
2024-12-06 17:00:00,243.66,243.06,2814121.0,243.36372,243.07385999999997,-0.0024215062589780564
2024-12-06 18:00:00,243.05,243.63,1886387.0,243.51571999999996,243.14386,0.002345099975314709
2024-12-06 19:00:00,243.62,242.9601,3673564.0,243.37974000000003,243.15087000000003,-0.0027496613717521825
2024-12-06 20:00:00,242.95,242.86,5812992.0,243.23202,243.16486999999998,-0.00041200180605785734
2024-12-06 21:00:00,242.84,242.55,888681.0,243.01201999999998,243.16687000000002,-0.0012764555711109373
2024-12-06 22:00:00,242.58,242.37,18195.0,242.87402000000003,243.11887000000002,-0.0007421150278293416
2024-12-06 23:00:00,242.37,242.41,6883.0,242.63002,243.07286999999997,0.0001650369270123862
2024-12-07 00:00:00,242.4,242.3025,8662.0,242.4985,242.93912,-0.00044346355348371557
2024-12-09 09:00:00,242.69,242.83,43223.0,242.4925,242.86226000000002,0.002177030777643662
2024-12-09 10:00:00,242.85,242.76,9682.0,242.53450000000004,242.77326000000002,-0.0002882675122514582
2024-12-09 11:00:00,242.79,242.75,20249.0,242.6105,242.74226000000004,-4.119294776730477e-05
2024-12-09 12:00:00,242.67,242.46,30310.0,242.6205,242.62526000000003,-0.0011946446961894625
2024-12-09 13:00:00,242.6314,242.57,70283.0,242.67399999999998,242.58625,0.0004536830817453816
2024-12-09 14:00:00,242.5779,243.93,4200794.0,242.894,242.69325000000003,0.005606629014305206
2024-12-09 15:00:00,243.92,246.04,6438273.0,243.55,243.04225000000002,0.008650022547452077
2024-12-09 16:00:00,246.03,246.88,5884099.0,244.37600000000003,243.49325,0.0034140790115428526
2024-12-09 17:00:00,246.87,246.219,3569839.0,245.12780000000004,243.87415000000001,-0.002677414128321457
2024-12-09 18:00:00,246.205,246.735,2419604.0,245.9608,244.3174,0.002095695295651512
2024-12-09 19:00:00,246.73,246.4266,2203846.0,246.46012000000002,244.67705999999998,-0.0012499240075384765
2024-12-09 20:00:00,246.425,246.82,6684749.0,246.61612,245.08306,0.0015964185684499382
2024-12-09 21:00:00,246.75,247.27,1550787.0,246.69411999999997,245.53506,0.001823190989385046
2024-12-09 22:00:00,247.26,247.25,41647.0,246.90032000000002,246.01405999999997,-8.08832450358322e-05
2024-12-09 23:00:00,247.2,247.0345,15476.0,246.96022000000002,246.46051000000003,-0.000871587462082878
2024-12-10 00:00:00,247.02,247.24,36209.0,247.12290000000002,246.79150999999996,0.0008318676136329163
2024-12-10 09:00:00,246.6,247.04,25988.0,247.16690000000003,246.89150999999998,-0.0008089305937551247
2024-12-10 10:00:00,247.04,247.08,13682.0,247.1289,246.91151,0.0001619170984456787
2024-12-10 11:00:00,247.09,247.15,16756.0,247.1089,247.00461,0.00028330904970047424
2024-12-10 12:00:00,247.22,247.8,48459.0,247.262,247.11111,0.0026299817924337675
2024-12-10 13:00:00,247.2,247.33,705327.0,247.28000000000003,247.20145000000002,-0.0018966908797417225
2024-12-10 14:00:00,247.38,247.655,5031732.0,247.40300000000002,247.28495000000004,0.0013140338818582
2024-12-10 15:00:00,247.64,245.8885,4216636.0,247.16469999999998,247.14680000000004,-0.007132906664513165
2024-12-10 16:00:00,245.885,246.4,3086316.0,247.0147,247.0618,0.0020802111526159713
2024-12-10 17:00:00,246.41,246.85,2245035.0,246.82469999999998,247.04335,0.001826298701298655
2024-12-10 18:00:00,246.8513,247.6117,2354013.0,246.88104000000004,247.08052000000004,0.0030856795624874173
2024-12-10 19:00:00,247.62,248.03,3079114.0,246.95603999999997,247.17952,0.0016893385894123255
2024-12-10 20:00:00,248.03,247.8,5880820.0,247.33833999999996,247.25151999999997,-0.0009273071805829527
2024-12-10 21:00:00,247.77,247.895,2166490.0,247.63734,247.32602000000003,0.0003833736884584296
2024-12-10 22:00:00,247.9,247.82,17022.0,247.83134,247.32802,-0.00030254744952506926
2024-12-10 23:00:00,247.82,247.77,19657.0,247.863,247.37202000000002,-0.00020175934145744067
2024-12-11 00:00:00,247.77,247.7,15153.0,247.79700000000003,247.37651999999997,-0.0002825200791057093
2024-12-11 09:00:00,247.72,247.53,16728.0,247.743,247.54067,-0.0006863140896244954
2024-12-11 10:00:00,247.54,247.48,10700.0,247.66,247.64867000000004,-0.00020199571769083087
2024-12-11 11:00:00,247.49,247.45,6805.0,247.58599999999996,247.70866999999998,-0.0001212219169225842
2024-12-11 12:00:00,247.49,247.47,17888.0,247.52599999999998,247.69449999999998,8.082440897155075e-05
2024-12-11 13:00:00,247.4892,248.06,230953.0,247.598,247.69750000000005,0.002384127368974031
2024-12-11 14:00:00,248.0,249.305,5595906.0,247.95299999999997,247.848,0.005018947028944628
2024-12-11 15:00:00,249.305,250.1405,5765968.0,248.48509999999996,248.07255,0.003351316660315662
2024-12-11 16:00:00,250.15,249.51,4809189.0,248.8971,248.24155000000002,-0.0025205834321112017
2024-12-11 17:00:00,249.52,249.22,2252533.0,249.2471,248.38655,-0.0011622780650073826
2024-12-11 18:00:00,249.225,248.3711,2606927.0,249.30932,248.45365999999999,-0.003406227429580235
2024-12-11 19:00:00,248.375,247.815,2931402.0,249.01131999999998,248.48215999999996,-0.0022389883525096715
2024-12-11 20:00:00,247.815,246.43,7238644.0,248.26922,248.37716,-0.0055888465185722856
2024-12-11 21:00:00,246.49,246.49,1370530.0,247.66522,248.28116,0.00024347684940957787
2024-12-11 22:00:00,246.66,246.79,535922.0,247.17922,248.21316000000002,0.0012170879143169415
2024-12-11 23:00:00,246.79,246.42,31389.0,246.789,248.04915999999997,-0.001499250374812612
2024-12-12 00:00:00,246.5648,246.41,29505.0,246.50799999999998,247.75966,-4.058112166216584e-05
2024-12-12 09:00:00,247.5,247.0,31814.0,246.622,247.44561,0.0023943833448317985
2024-12-12 10:00:00,247.01,247.78,43521.0,246.88000000000002,247.27261000000004,0.00315789473684211
2024-12-12 11:00:00,247.64,247.19,21080.0,246.95999999999998,247.06961,-0.0023811445637258997
2024-12-12 12:00:00,247.2,246.64,50334.0,247.004,246.8965,-0.00222500910231001
2024-12-12 13:00:00,247.05,246.65,1064289.0,247.052,246.78000000000003,4.054492377562166e-05
2024-12-12 14:00:00,246.7,246.56,4007439.0,246.964,246.79299999999998,-0.0003648895195621464
2024-12-12 15:00:00,246.58,248.04,5455818.0,247.016,246.948,0.006002595717066798
2024-12-12 16:00:00,248.05,248.1903,2698095.0,247.21606000000003,247.08802999999997,0.0006059506531205276
2024-12-12 17:00:00,248.19,248.55,2227209.0,247.59805999999998,247.30103,0.0014492911286218828
2024-12-12 18:00:00,248.54,248.5236,1830942.0,247.97278,247.51239,-0.00010621605310812205
2024-12-12 19:00:00,248.5209,247.93,1965068.0,248.24678000000003,247.60539,-0.0023885055584257626
2024-12-12 20:00:00,247.92,247.94,3792327.0,248.22678000000002,247.62138999999996,4.033396523208529e-05
2024-12-12 21:00:00,247.96,248.05,2355610.0,248.19872,247.70738999999998,0.0004436557231588838
2024-12-12 22:00:00,248.12,247.58,85191.0,248.00472,247.80139,-0.0018947792783712914
2024-12-12 23:00:00,247.45,246.8552,65551.0,247.67104,247.82190999999997,-0.0029275385733904843
2024-12-13 00:00:00,246.7801,247.15,18482.0,247.51504,247.88091,0.0011942223619352936
2024-12-13 09:00:00,247.12,246.8,42860.0,247.28704,247.75691,-0.0014161440420796857
2024-12-13 10:00:00,246.77,247.39,16024.0,247.15504,247.67688000000004,0.00239059967585079
2024-12-13 11:00:00,247.21,248.25,73708.0,247.28903999999997,247.64688,0.0034762924936335895
2024-12-13 12:00:00,248.25,249.5,125485.0,247.81799999999998,247.74452000000002,0.005035246727089627
2024-12-13 13:00:00,248.49,248.88,226495.0,248.164,247.83952,-0.002484969939879778
2024-12-13 14:00:00,248.71,248.37,3884045.0,248.47799999999998,247.88252000000003,-0.002049180327868816
2024-12-13 15:00:00,248.37,247.22,3995570.0,248.44400000000002,247.79951999999997,-0.0046301888311793115
2024-12-13 16:00:00,247.24,246.715,3526395.0,248.137,247.71302,-0.002042714990696527
2024-12-13 17:00:00,246.71,246.58,2304811.0,247.55299999999997,247.6855,-0.000547190077619889
2024-12-13 18:00:00,246.585,247.85,2260559.0,247.34699999999998,247.75549999999998,0.005150458269121509
2024-12-13 19:00:00,247.845,247.87,2291274.0,247.24699999999999,247.8625,8.069396812592388e-05
2024-12-13 20:00:00,247.87,248.11,3660099.0,247.425,247.93449999999999,0.0009682494856174974
2024-12-13 21:00:00,248.13,247.65,1982368.0,247.612,247.87449999999998,-0.001854016363709677
2024-12-13 22:00:00,247.67,247.79,905160.0,247.85399999999998,247.7035,0.0005653139511406677
2024-12-13 23:00:00,247.8,247.8,4701.0,247.844,247.5955,4.035675370281015e-05
2024-12-14 00:00:00,247.77,248.0,15510.0,247.86999999999998,247.5585,0.0008071025020177104
2024-12-16 09:00:00,248.23,248.5,10006.0,247.948,247.68650000000002,0.0020161290322580645
2024-12-16 10:00:00,248.57,248.72,13328.0,248.16199999999998,247.887,0.0008853118712273596
2024-12-16 11:00:00,248.69,248.74,8162.0,248.352,248.103,8.041170794471789e-05
2024-12-16 12:00:00,248.7,248.73,30908.0,248.538,248.19100000000003,-4.0202621210980645e-05
2024-12-16 13:00:00,248.7,248.19,199311.0,248.57599999999996,248.223,-0.0021710288264382748
2024-12-16 14:00:00,248.21,248.605,4776495.0,248.59699999999998,248.27250000000004,0.0016721060477859384
2024-12-16 15:00:00,248.615,249.31,4312778.0,248.71499999999997,248.43850000000003,0.0028358238973472476
2024-12-16 16:00:00,249.3,250.275,4426099.0,249.022,248.68700000000004,0.0038706830853154845
2024-12-16 17:00:00,250.275,251.2859,3601868.0,249.53318,249.03559,0.004039156927379851
2024-12-16 18:00:00,251.2863,250.86,2863675.0,250.06718,249.32159000000001,-0.0016948822038959782
2024-12-16 19:00:00,250.86,250.81,3269318.0,250.50817999999998,249.55259,-0.00019931435860643933
2024-12-16 20:00:00,250.81,251.04,5338054.0,250.85417999999999,249.78459000000004,0.0009170288266017693
2024-12-16 21:00:00,251.04,251.2,1059542.0,251.03918,250.03059,0.0006373486297004326
2024-12-16 22:00:00,251.17,251.07,45057.0,250.996,250.26459,-0.0005175159235668609
2024-12-16 23:00:00,251.08,250.87,33412.0,250.998,250.53258999999997,-0.00079659059226506
2024-12-17 00:00:00,250.81,251.0,12540.0,251.036,250.77209,0.0005181966755690016
2024-12-17 09:00:00,250.29,250.47,15400.0,250.92200000000003,250.88809,-0.0021115537848605623
2024-12-17 10:00:00,250.46,250.46,11331.0,250.77399999999997,250.90658999999997,-3.992494111067555e-05
2024-12-17 11:00:00,250.42,250.14,8681.0,250.58800000000002,250.792,-0.0012776491256089658
2024-12-17 12:00:00,250.16,250.16,17735.0,250.446,250.72199999999998,7.99552250739995e-05
2024-12-17 13:00:00,250.28,250.4999,116229.0,250.34598,250.69098999999997,0.0013587304125359774
2024-12-17 14:00:00,250.5,252.04,5448135.0,250.65998,250.79098999999997,0.006148106246748982
2024-12-17 15:00:00,252.04,252.36,4378981.0,251.03998,250.90699,0.0012696397397239391
2024-12-17 16:00:00,252.365,253.075,4549917.0,251.62698,251.10749,0.0028332540814708152
2024-12-17 17:00:00,253.08,252.915,3209647.0,252.17798,251.31199,-0.0006322236491158613
2024-12-17 18:00:00,252.9,253.335,3215747.0,252.74499999999998,251.54549000000003,0.0016606369728960953
2024-12-17 19:00:00,253.3301,253.24,2790910.0,252.98499999999999,251.82249000000002,-0.0003749975329109632
2024-12-17 20:00:00,253.24,253.48,8123823.0,253.209,252.12449,0.0009477175801610357
2024-12-17 21:00:00,253.48,253.36,803419.0,253.266,252.44648999999998,-0.00047341013097670876
2024-12-17 22:00:00,253.36,253.36,137830.0,253.35500000000002,252.76649000000003,0.0
2024-12-17 23:00:00,253.3,253.1,31566.0,253.308,253.02650000000003,-0.0010262077676034863
2024-12-18 00:00:00,253.22,253.39,15725.0,253.33800000000002,253.16150000000002,0.0011457921770051049
2024-12-18 09:00:00,253.6,253.3,13215.0,253.302,253.25550000000004,-0.00035518370890711944
2024-12-18 10:00:00,253.36,253.42,8178.0,253.314,253.28999999999996,0.0004737465455980107
2024-12-18 11:00:00,253.45,253.16,7544.0,253.27399999999997,253.3145,-0.0010259648015152353
2024-12-18 12:00:00,253.21,253.35,31083.0,253.32399999999998,253.31599999999997,0.0007505135092431574
2024-12-18 13:00:00,253.28,252.421,181132.0,253.1302,253.23409999999998,-0.003666864022103817
2024-12-18 14:00:00,252.4207,252.02,4675560.0,252.87420000000003,253.0881,-0.001588615844165034
2024-12-18 15:00:00,252.035,253.4701,4282622.0,252.88422,253.09910999999997,0.005753908419966637
2024-12-18 16:00:00,253.52,253.4309,3474868.0,252.9384,253.1062,-0.00015465334964555547
2024-12-18 17:00:00,253.43,253.8535,3638959.0,253.03910000000002,253.18154999999996,0.0016675156817893499
2024-12-18 18:00:00,253.85,254.09,2638366.0,253.37290000000002,253.25155,0.0009316397055782433
2024-12-18 19:00:00,254.08,251.05,6000221.0,253.17890000000003,253.02655,-0.011964264630642655
2024-12-18 20:00:00,251.02,247.86,13794805.0,252.05688,252.47055,-0.012706632144991029
2024-12-18 21:00:00,248.05,246.95,2043360.0,250.76069999999999,251.84955,-0.0036714274187042077
2024-12-18 22:00:00,246.97,246.6095,221482.0,249.3119,251.1755,-0.001378821623810454
2024-12-18 23:00:00,246.65,246.77,104793.0,247.84790000000004,250.61040000000003,0.0006508265091166933
2024-12-19 00:00:00,246.89,247.19,59766.0,247.0759,250.12740000000002,0.0017019897070145783
2024-12-19 09:00:00,247.89,247.62,74683.0,247.0279,249.54239,0.0017395525708969086
2024-12-19 10:00:00,247.62,247.73,40150.0,247.1839,248.9723,0.00044422906065739933
2024-12-19 11:00:00,247.84,247.59,19358.0,247.38000000000002,248.34595000000004,-0.0005651313930488288
2024-12-19 12:00:00,247.59,247.99,73438.0,247.62400000000002,247.73595,0.0016155741346581271
2024-12-19 13:00:00,247.8,247.37,228082.0,247.66,247.36794999999998,-0.0025001008105165713
2024-12-19 14:00:00,247.35,248.69,6653963.0,247.87399999999997,247.45095,0.005336136152322405
2024-12-19 15:00:00,248.69,250.46,9306137.0,248.42,247.80194999999998,0.007117294623828904
2024-12-19 16:00:00,250.46,251.13,4995726.0,249.12800000000001,248.254,0.0026750778567435417
2024-12-19 17:00:00,251.13,250.655,3663181.0,249.661,248.64249999999998,-0.0018914506430931961
2024-12-19 18:00:00,250.645,251.32,2441173.0,250.45100000000002,249.0555,0.002653049011589603
2024-12-19 19:00:00,251.33,250.06,2319744.0,250.725,249.2995,-0.005013528569154826
2024-12-19 20:00:00,250.06,249.85,5955875.0,250.60299999999998,249.51149999999998,-0.0008397984483724224
2024-12-19 21:00:00,249.79,250.0686,1706534.0,250.39072000000002,249.75935999999996,0.0008749249549730207
2024-12-19 22:00:00,249.79,249.82,982241.0,250.22372000000001,249.94236,-0.0009941272114932077
2024-12-19 23:00:00,249.93,249.3501,18601.0,249.82974,250.14037000000002,-0.0018809542870866847
2024-12-20 00:00:00,249.45,248.79,44553.0,249.57574,250.15037,-0.0022462393237460327
2024-12-20 09:00:00,248.01,247.52,58093.0,249.10974000000002,249.85637000000003,-0.005104706780819092
2024-12-20 10:00:00,247.37,247.64,49060.0,248.62402000000003,249.50736999999998,0.0004848093083386236
2024-12-20 11:00:00,247.6,247.45,44037.0,248.15001999999998,249.18687,-0.0007672427717654569
2024-12-20 12:00:00,247.48,246.99,135951.0,247.67799999999997,248.75387,-0.0018589614063446334
2024-12-20 13:00:00,246.95,247.68,286407.0,247.456,248.51587,0.002793635369853021
2024-12-20 14:00:00,247.69,246.8313,18068235.0,247.31826,248.21400000000003,-0.0034265988372093347
2024-12-20 15:00:00,246.85,249.95,5254204.0,247.78026,248.20214,0.012634945406032338
2024-12-20 16:00:00,249.985,253.115,7194679.0,248.91325999999998,248.53163999999998,0.012662532506501383
2024-12-20 17:00:00,253.115,253.3559,4323827.0,250.18644,248.93221999999997,0.0009517413033600621
2024-12-20 18:00:00,253.3608,252.865,3752747.0,251.22343999999998,249.33972,-0.001937590559367207
2024-12-20 19:00:00,252.84,253.6028,3348461.0,252.57774,249.948,0.0029177624424099532
2024-12-20 20:00:00,253.61,254.6,11582497.0,253.50774,250.644,0.003932133241431058
2024-12-20 21:00:00,254.585,254.95,4542389.0,253.87474000000003,251.394,0.0013747054202670633
2024-12-20 22:00:00,254.95,255.0018,19875404.0,254.20392,252.19518,0.00020317709354781047
2024-12-20 23:00:00,255.0013,255.31,274524.0,254.69292000000002,252.95818,0.0012086189195527222
2024-12-21 00:00:00,255.31,255.35,63230.0,255.04236,253.81005,0.00015667228075669595
2024-12-23 09:00:00,255.55,255.38,51024.0,255.19836,254.35305,0.00011748580379871211
2024-12-23 10:00:00,255.55,255.1,29644.0,255.22835999999998,254.55155000000005,-0.0010964053567233188
2024-12-23 11:00:00,255.09,254.78,25337.0,255.18400000000003,254.69396,-0.0012544100352802556
2024-12-23 12:00:00,254.79,255.41,51791.0,255.204,254.94845999999998,0.0024727215637019998
2024-12-23 13:00:00,254.93,254.88,213498.0,255.10999999999999,255.07617999999997,-0.0020750949453819394
2024-12-23 14:00:00,254.88,254.9686,5281478.0,255.02772,255.11304,0.0003476145637163127
2024-12-23 15:00:00,254.98,253.62,4526531.0,254.73172,254.98004,-0.005289278758247112
2024-12-23 16:00:00,253.6,254.905,2617309.0,254.75672,254.97036000000003,0.005066635123412966
2024-12-23 17:00:00,254.9,254.21,3556841.0,254.51672,254.86036000000004,-0.0027265059531982236
2024-12-23 18:00:00,254.2131,254.2238,2772609.0,254.38548,254.74773999999996,5.428582667874342e-05
2024-12-23 19:00:00,254.22,253.93,2317675.0,254.17776000000003,254.60273999999998,-0.0011556746457255555
2024-12-23 20:00:00,253.915,255.31,5697115.0,254.51576,254.62374,0.005434568581892629
2024-12-23 21:00:00,255.27,255.12,4003731.0,254.55876000000004,254.65774000000002,-0.0007441933335944449
2024-12-23 22:00:00,255.0704,255.12,17843.0,254.74076,254.62874000000002,0.0
2024-12-23 23:00:00,255.04,254.7685,13955.0,254.84970000000004,254.61759,-0.0013777830040765744
2024-12-24 00:00:00,254.77,254.95,17299.0,255.0537,254.61572999999999,0.0007124114637406107
2024-12-24 09:00:00,255.05,255.53,10761.0,255.09769999999997,254.80673000000002,0.002274955873700775
2024-12-24 10:00:00,255.54,255.52,6457.0,255.17770000000002,254.86822999999998,-3.913434821739485e-05
2024-12-24 11:00:00,255.57,255.47,5518.0,255.24769999999998,254.99422999999996,-0.00019567939887293114
2024-12-24 12:00:00,255.41,255.3,18625.0,255.35399999999998,255.10185,-0.000665440169100041
2024-12-24 13:00:00,255.0,255.35,49197.0,255.43400000000003,255.24384999999998,0.00019584802193491166
2024-12-24 14:00:00,255.38,256.765,3640326.0,255.68099999999998,255.38934999999998,0.005541413745839013
2024-12-24 15:00:00,256.79,257.55,4851234.0,256.087,255.63235,0.0030572702665862756
2024-12-24 16:00:00,257.54,257.08,3504100.0,256.409,255.82835,-0.001824888371190166
2024-12-24 17:00:00,257.11,258.21,4387262.0,256.991,256.1725,0.0043955189046211126
2024-12-24 18:00:00,258.178,258.2,3538077.0,257.561,256.4975,-3.8728166995820864e-05
2024-12-24 21:00:00,257.82,258.1,12600.0,257.828,256.7545,-0.0003872966692485124
2024-12-26 09:00:00,258.06,257.85,13387.0,257.88800000000003,256.9875,-0.0009686168151879116
2024-12-26 10:00:00,257.75,257.7,11887.0,258.01200000000006,257.2105,-0.000581733566026892
2024-12-26 11:00:00,257.61,257.73,5123.0,257.91600000000005,257.45349999999996,0.00011641443539010307
2024-12-26 12:00:00,257.8,257.63,24006.0,257.802,257.6815,-0.0003880029488224992
2024-12-26 13:00:00,257.95,257.93,114330.0,257.768,257.798,0.0011644606606373922
2024-12-26 14:00:00,257.88,258.7899,5555770.0,257.95598,257.92199,0.003333850269452882
2024-12-26 15:00:00,258.76,258.355,3739106.0,258.08698,258.04949,-0.0016805138067597326
2024-12-26 16:00:00,258.37,258.89,2475292.0,258.31898,258.11749,0.00207079406243335
2024-12-26 17:00:00,258.8904,258.85,1925581.0,258.56298000000004,258.18249000000003,-0.00015450577465318715
2024-12-26 18:00:00,258.844,258.65,1645351.0,258.70698000000004,258.23749000000004,-0.0007726482518835057
2024-12-26 19:00:00,258.62,259.09,1691646.0,258.767,258.36149,0.0017011405374057521
2024-12-26 20:00:00,259.1,259.1,4052836.0,258.916,258.50149,3.8596626655014664e-05
2024-12-26 21:00:00,259.02,258.97,940840.0,258.932,258.62549,-0.0005017367811655555
2024-12-26 22:00:00,259.01,259.02,18705.0,258.966,258.76448999999997,0.00019307255666661975
2024-12-26 23:00:00,259.02,259.12,10697.0,259.06,258.88349000000005,0.00038607057370096035
2024-12-27 00:00:00,259.12,259.06,14398.0,259.054,258.9105,-0.00023155294844088558
2024-12-27 09:00:00,258.37,258.78,11370.0,258.99,258.953,-0.001080830695591869
2024-12-27 10:00:00,258.81,258.9,3148.0,258.976,258.954,0.00046371435195921074
2024-12-27 11:00:00,258.93,258.95,4407.0,258.962,258.964,0.0001931247585940957
2024-12-27 12:00:00,258.95,259.28,24693.0,258.99399999999997,259.027,0.0012743772929136284
2024-12-27 13:00:00,258.9996,258.57,189366.0,258.896,258.975,-0.0027383523603825193
2024-12-27 14:00:00,258.55,256.6197,3753693.0,258.46394,258.72697,-0.00754263835711788
2024-12-27 15:00:00,256.64,254.95,5916214.0,257.67393999999996,258.32497,-0.006506515283121421
2024-12-27 16:00:00,254.95,253.635,4906981.0,256.61094,257.78647,-0.005157874092959395
2024-12-27 17:00:00,253.62,254.5,4562234.0,255.65493999999998,257.32446999999996,0.003410412600784628
2024-12-27 18:00:00,254.48,255.3,2488135.0,255.00093999999999,256.94847,0.0031434184675835416
2024-12-27 19:00:00,255.29,255.465,2244977.0,254.77000000000004,256.61697,0.0006462984723853977
2024-12-27 20:00:00,255.4501,255.73,6743683.0,254.92600000000002,256.29997,0.0010373240952771862
2024-12-27 21:00:00,255.59,255.11,839392.0,255.221,255.91597000000002,-0.002424432018144043
2024-12-27 22:00:00,255.07,254.95,115370.0,255.311,255.48296999999997,-0.0006271804319706205
2024-12-27 23:00:00,254.84,254.77,17936.0,255.205,255.10296999999997,-0.0007060207883897956
2024-12-28 00:00:00,254.83,254.77,14673.0,255.06599999999997,254.91800000000003,0.0
2024-12-30 09:00:00,255.02,254.4,24850.0,254.8,254.863,-0.001452290301055872
2024-12-30 10:00:00,254.5,254.49,8893.0,254.67600000000002,254.94850000000002,0.0003537735849056738
2024-12-30 11:00:00,254.43,254.53,7479.0,254.592,254.95149999999998,0.0001571770992966012
2024-12-30 12:00:00,254.61,252.9,61471.0,254.218,254.71149999999997,-0.006403960240443152
2024-12-30 13:00:00,252.87,252.29,204301.0,253.72200000000004,254.394,-0.0024120205614868075
2024-12-30 14:00:00,252.23,251.27,4782782.0,253.096,253.948,-0.004042966427523809
2024-12-30 15:00:00,251.2613,251.69,4680602.0,252.536,253.606,0.0016715087356229852
2024-12-30 16:00:00,251.685,252.54,3040898.0,252.138,253.365,0.003377170328578785
2024-12-30 17:00:00,252.5,253.41,2539682.0,252.24,253.22900000000004,0.0034449988120693934
2024-12-30 18:00:00,253.4,253.14,1971416.0,252.41,253.06600000000003,-0.001065467029714732
2024-12-30 19:00:00,253.1201,253.34,2474711.0,252.82399999999998,252.96000000000004,0.0007900766374338985
2024-12-30 20:00:00,253.348,252.06,5421290.0,252.898,252.717,-0.005052498618457414
2024-12-30 21:00:00,252.2,251.83,1797173.0,252.756,252.44700000000003,-0.0009124811552804481
2024-12-30 22:00:00,251.83,252.22,38631.0,252.51800000000003,252.379,0.0015486637811221314
2024-12-30 23:00:00,252.24,251.8679,85537.0,252.26358,252.33679,-0.0013960034890175528
2024-12-31 00:00:00,251.865,251.87,21619.0,251.96958,252.39679,8.337704010764648e-06
2024-12-31 09:00:00,252.14,253.25,15765.0,252.20758,252.55279000000002,0.0054790169531901195
2024-12-31 10:00:00,253.2,253.08,5751.0,252.45758,252.60679,-0.0006712734452121914
2024-12-31 11:00:00,253.1,253.2,9127.0,252.65358,252.58579,0.0004741583688951166
2024-12-31 12:00:00,253.09,252.8,40693.0,252.84,252.55178999999998,-0.0015797788309635753
2024-12-31 13:00:00,253.15,252.31,82844.0,252.92800000000003,252.44878999999997,-0.0019382911392405422
2024-12-31 14:00:00,252.3,252.269,3374167.0,252.73180000000002,252.46968999999999,-0.0001624985137330935
2024-12-31 15:00:00,252.25,251.8185,2770592.0,252.4795,252.46854,-0.0017857921504426037
2024-12-31 16:00:00,251.83,251.315,2029159.0,252.10250000000002,252.37804,-0.001999455957366129
2024-12-31 17:00:00,251.32,250.67,2828776.0,251.67649999999998,252.25825,-0.0025665002089012207
2024-12-31 18:00:00,250.66,249.88,3270596.0,251.19050000000001,252.05925000000002,-0.003151553835720238
2024-12-31 19:00:00,249.8899,250.42,2472924.0,250.8207,251.77624999999998,0.0021610372979029616
2024-12-31 20:00:00,250.41,250.38,9262852.0,250.533,251.50625,-0.0001597316508265795
2024-12-31 21:00:00,250.42,250.43,329136.0,250.356,251.22925,0.0001996964613787498
2024-12-31 22:00:00,250.43,250.433,395180.0,250.30859999999998,250.99255000000002,1.1979395439787177e-05
2024-12-31 23:00:00,250.4406,250.4219,2007.0,250.41698000000002,250.80374,-4.43232321618916e-05
2025-01-01 00:00:00,250.4216,250.41,7042.0,250.41498,250.61783999999997,-4.751980557609832e-05
2025-01-02 09:00:00,251.36,251.3,35494.0,250.59897999999998,250.56599,0.003554171159298809
2025-01-02 10:00:00,251.26,250.55,50220.0,250.62298,250.48949000000002,-0.0029844807003581377
2025-01-02 11:00:00,250.6,250.345,46108.0,250.60538000000003,250.45699,-0.0008181999600878567
2025-01-02 12:00:00,250.35,250.5,100144.0,250.621,250.51898999999997,0.0006191455791008454
2025-01-02 13:00:00,250.345,249.1,456760.0,250.359,250.38699000000003,-0.005588822355289444
2025-01-02 14:00:00,249.1,246.8526,9027309.0,249.46952000000002,250.03425000000001,-0.009022079486150136
2025-01-02 15:00:00,246.885,245.415,7567405.0,248.44252,249.53275,-0.00582371828370454
2025-01-02 16:00:00,245.4175,244.64,4879934.0,247.30151999999998,248.95344999999998,-0.0031579161827924363
2025-01-02 17:00:00,244.68,242.985,5730354.0,245.79852,248.20976000000002,-0.006765042511445278
2025-01-02 18:00:00,242.98,242.23,5797575.0,244.42452000000003,247.39176000000003,-0.003107187686482803
2025-01-02 19:00:00,242.24,241.96,4782451.0,243.446,246.45776,-0.0011146431077900419
2025-01-02 20:00:00,241.97,243.82,7695469.0,243.127,245.78476,0.007687221028269074
2025-01-02 21:00:00,243.85,243.64,1728109.0,242.927,245.11426,-0.0007382495283406071
2025-01-02 22:00:00,243.6,243.5504,19490.0,243.04008,244.41929999999996,-0.0003677557051386888
2025-01-02 23:00:00,243.55,243.24,40849.0,243.24208,243.8333,-0.0012744795327783783
2025-01-03 00:00:00,243.24,243.99,135465.0,243.64808,243.54703999999998,0.0030833744449926
2025-01-03 09:00:00,243.8,243.65,25095.0,243.61408,243.37053999999998,-0.001393499733595653
2025-01-03 10:00:00,243.4,243.51,14445.0,243.58808,243.25754,-0.000574594705520274
2025-01-03 11:00:00,243.5,244.35,15458.0,243.748,243.39404,0.003449550326475313
2025-01-03 12:00:00,244.26,242.46,132622.0,243.592,243.41704,-0.007734806629834198
2025-01-03 13:00:00,243.005,242.57,332248.0,243.308,243.47803999999996,0.0004536830817453816
2025-01-03 14:00:00,242.59,243.095,5945042.0,243.19699999999997,243.40554000000003,0.002164323700375173
2025-01-03 15:00:00,243.11,243.0075,5684369.0,243.09650000000002,243.34228999999996,-0.00035994158662253724
2025-01-03 16:00:00,243.03,243.3201,3699184.0,242.89052,243.31926000000004,0.0012863800499984706
2025-01-03 17:00:00,243.34,242.528,3467092.0,242.90412,243.24805999999998,-0.0032553825187479576
2025-01-03 18:00:00,242.515,242.72,3510446.0,242.93411999999998,243.12106000000003,0.0007916611690196897
2025-01-03 19:00:00,242.71,243.26,3160809.0,242.96711999999997,243.08206,0.0022247857613710946
2025-01-03 20:00:00,243.25,243.3,5602891.0,243.02561999999998,243.06106,0.00016443311682981363
2025-01-03 21:00:00,243.36,243.1,2109423.0,242.9816,242.93606,-0.0008220304151254297
2025-01-03 22:00:00,243.15,243.16,18775.0,243.108,243.00606,0.00024681201151790323
2025-01-03 23:00:00,243.18,243.22,13517.0,243.208,243.07106000000005,0.00024675111038000605
2025-01-04 00:00:00,243.21,243.3908,23210.0,243.23416000000003,243.10063999999997,0.0007022448811775926
2025-01-06 09:00:00,243.89,245.0,86392.0,243.57415999999998,243.29988999999995,0.006611589263028787
2025-01-06 10:00:00,245.0,245.01,15117.0,243.95616,243.46887999999998,4.0816326530575125e-05
2025-01-06 11:00:00,245.0,245.06,47093.0,244.33616,243.72208,0.00020407330313053089
2025-01-06 12:00:00,245.05,244.11,121977.0,244.51416,243.86108,-0.0038766016485758123
2025-01-06 13:00:00,244.965,245.05,1411475.0,244.846,244.04008,0.003850723034697463
2025-01-06 14:00:00,245.03,244.4256,5956743.0,244.73112,244.15263999999996,-0.002548051418077978
2025-01-06 15:00:00,244.45,246.34,5172651.0,244.99712,244.47664,0.007832240158150375
2025-01-06 16:00:00,246.35,246.25,4996159.0,245.23512,244.78564,-0.00036534870504182596
2025-01-06 17:00:00,246.25,244.95,2854228.0,245.40312,244.95863999999997,-0.005279187817258929
2025-01-06 18:00:00,244.98,244.87,2409045.0,245.36712000000003,245.10656000000003,-0.00032659726474784277
2025-01-06 19:00:00,244.87,244.59,2091379.0,245.4,245.06556,-0.0011434638787928334
2025-01-06 20:00:00,244.585,245.0,4971043.0,245.132,245.06455999999997,0.0016762745819534591
2025-01-06 21:00:00,245.0,244.69,3180511.0,244.82,245.02756,-0.0012653061224489888
2025-01-06 22:00:00,244.67,244.554,18904.0,244.74079999999998,245.07196,-0.000555805304671199
2025-01-06 23:00:00,244.6,244.7006,12695.0,244.70692,245.03702000000004,0.0005994586062792124
2025-01-07 00:00:00,244.72,244.99,24375.0,244.78692,245.09346,0.0011826697605155057
2025-01-07 09:00:00,244.58,244.18,28352.0,244.62292000000002,244.87746,-0.0033062573982611627
2025-01-07 10:00:00,244.31,244.59,9096.0,244.60291999999998,244.71146,0.0016790891964943754
2025-01-07 11:00:00,244.57,242.53,163450.0,244.19812000000002,244.46946000000003,-0.00842225765566868
2025-01-07 12:00:00,242.7,242.31,150741.0,243.71999999999997,244.21346,-0.0009071042757596952
2025-01-07 13:00:00,242.43,243.48,324251.0,243.41799999999998,244.10246,0.004828525442614781
2025-01-07 14:00:00,243.48,244.92,4672667.0,243.56599999999997,244.09446000000003,0.0059142434696894935
2025-01-07 15:00:00,244.85,244.67,5333999.0,243.58200000000002,244.09246000000002,-0.0010207414666013393
2025-01-07 16:00:00,244.67,243.08,4448341.0,243.692,243.94506,-0.006498549066088916
2025-01-07 17:00:00,243.06,242.26,3488343.0,243.68199999999996,243.70099999999996,-0.0033733750205694486
2025-01-07 18:00:00,242.27,242.33,3077575.0,243.452,243.435,0.00028894576075299926
2025-01-07 19:00:00,242.3101,242.2102,2154906.0,242.91003999999998,243.23801999999995,-0.000494367185243372
2025-01-07 20:00:00,242.23,242.19,6381092.0,242.41404000000003,242.99802,-8.339863473952975e-05
2025-01-07 21:00:00,242.25,242.2499,1670955.0,242.24802,242.97001,0.0002473264792105329
2025-01-07 22:00:00,242.09,242.1,28391.0,242.21602,242.94901,-0.0006187825051733865
2025-01-07 23:00:00,242.07,242.15,12791.0,242.18001999999996,242.81601,0.0002065262288311085
2025-01-08 00:00:00,242.19,242.84,39148.0,242.30598,242.60800999999998,0.0028494734668593753
2025-01-08 09:00:00,242.0,242.69,12828.0,242.40598,242.41000999999997,-0.0006176906605172363
2025-01-08 10:00:00,242.82,242.89,4344.0,242.53400000000002,242.39101,0.000824096584119612
2025-01-08 11:00:00,242.91,241.88,32090.0,242.49,242.35300999999998,-0.0041582609411667465
2025-01-08 12:00:00,241.68,240.79,90701.0,242.218,242.19901,-0.004506366793451312
2025-01-08 13:00:00,241.56,242.0,171155.0,242.05,242.17799,0.0050251256281407366
2025-01-08 14:00:00,242.1,240.9286,4183885.0,241.69771999999998,242.05185,-0.004427272727272774
2025-01-08 15:00:00,240.945,243.47,5148291.0,241.81372000000002,242.17385999999996,0.010548353329575693
2025-01-08 16:00:00,243.48,243.275,2916335.0,242.09272,242.29136,-0.0008009200312153168
2025-01-08 17:00:00,243.28,241.4,3175083.0,242.21472000000003,242.21635999999998,-0.00770732709896208
2025-01-08 18:00:00,241.39,241.422,2417470.0,242.09912,242.07456000000002,9.113504556748699e-05
2025-01-08 19:00:00,241.425,241.87,2572572.0,242.2874,241.99256,0.0018556718111854243
2025-01-08 20:00:00,241.89,242.72,4977452.0,242.13739999999999,241.97556,0.003514284533013579
2025-01-08 21:00:00,242.7,242.48,826094.0,241.97840000000002,242.03556000000003,-0.0009887936717205385
2025-01-08 22:00:00,242.43,242.4,9063.0,242.1784,242.19656,-0.0003299241174529202
2025-01-08 23:00:00,242.43,242.16,11763.0,242.32599999999996,242.21256000000002,-0.0009900990099010276
2025-01-09 00:00:00,242.31,242.4,36991.0,242.43199999999996,242.35969999999998,0.0009910802775025152
2025-01-10 09:00:00,243.44,242.53,18704.0,242.394,242.2657,0.0005363036303630176
2025-01-10 10:00:00,242.55,242.44,7888.0,242.38600000000002,242.18220000000002,-0.00037108811281080036
2025-01-10 11:00:00,242.42,242.47,14649.0,242.4,242.2892,0.00012374195677281445
2025-01-10 12:00:00,242.44,242.2,34338.0,242.408,242.36700000000002,-0.0011135398193591382
2025-01-10 13:00:00,242.41,241.05,214917.0,242.138,242.285,-0.004748142031378932
2025-01-10 14:00:00,240.85,237.95,8014151.0,241.22200000000004,241.808,-0.0128604024061399
2025-01-10 15:00:00,237.88,235.91,8226935.0,239.916,241.15099999999998,-0.008573229670098726
2025-01-10 16:00:00,235.92,234.89,9637807.0,238.4,240.4,-0.004323682760374763
2025-01-10 17:00:00,234.9,235.715,4321084.0,237.10299999999998,239.75549999999998,0.0035122823449274857
2025-01-10 18:00:00,235.715,237.44,3897855.0,236.381,239.25949999999997,0.007318159641940455
2025-01-10 19:00:00,237.43,236.3599,2930714.0,236.06298,238.64249,-0.00454893867924523
2025-01-10 20:00:00,236.35,236.93,7188474.0,236.26698000000002,238.09148999999996,0.0024119996666100998
2025-01-10 21:00:00,236.85,237.2,933969.0,236.72898,237.56449000000003,0.0011395770902797528
2025-01-10 22:00:00,237.2,237.05,18785.0,236.99598,237.04948999999996,-0.0006323777403034454
2025-01-10 23:00:00,237.05,237.01,8700.0,236.90998,236.64549000000002,-0.00016874077198911818
2025-01-11 00:00:00,236.96,237.02,18283.0,237.042,236.55248999999998,4.2192312560733e-05
2025-01-13 09:00:00,235.0,234.2,82090.0,236.496,236.38148999999999,-0.011897730149354576
2025-01-13 10:00:00,234.23,234.1,63674.0,235.87600000000003,236.30249000000003,-0.000426985482493571
2025-01-13 11:00:00,234.21,234.35,27553.0,235.33599999999996,236.16599000000002,0.0010679196924391287
2025-01-13 12:00:00,234.25,234.55,133758.0,234.844,235.87698999999998,0.0008534243652657011
2025-01-13 13:00:00,234.22,234.19,193323.0,234.27799999999996,235.66,-0.0015348539756982035
2025-01-13 14:00:00,234.33,230.32,8823936.0,233.502,234.99900000000002,-0.0165250437678808
2025-01-13 15:00:00,230.325,231.115,7284049.0,232.90500000000003,234.39049999999997,0.0034517193469955536
2025-01-13 16:00:00,231.14,230.6495,4097606.0,232.1649,233.75045,-0.002014148800380849
2025-01-13 17:00:00,230.67,233.1501,3694384.0,231.88492000000002,233.36446,0.010841558295162227
2025-01-13 18:00:00,233.15,233.88,2801759.0,231.82291999999998,233.05046000000002,0.0031306012736000816
2025-01-13 19:00:00,233.86,233.93,2592863.0,232.54492,233.02346000000003,0.00021378484693009822
2025-01-13 20:00:00,233.93,234.4,6483523.0,233.20192000000003,233.05346,0.0020091480357371815
2025-01-13 21:00:00,234.4,234.56,1620994.0,233.98402000000002,233.07446,0.0006825938566552756
2025-01-13 22:00:00,234.56,234.8583,24997.0,234.32566000000003,233.10529000000002,0.001271742837653529
2025-01-13 23:00:00,234.86,235.43,40242.0,234.63566,233.22929000000005,0.002434233748604979
2025-01-14 00:00:00,235.33,235.45,22889.0,234.93966,233.74229,8.495094083159245e-05
2025-01-14 09:00:00,235.69,235.6,30208.0,235.17966,234.19079000000002,0.000637077935867512
2025-01-14 10:00:00,235.58,235.64,17119.0,235.39566,234.68984,0.00016977928692696114
2025-01-14 11:00:00,235.59,234.98,22111.0,235.42,234.87282999999996,-0.002800882702427417
2025-01-14 12:00:00,235.07,234.76,51092.0,235.28599999999997,234.96083,-0.0009362498936079618
2025-01-14 13:00:00,234.71,234.81,257917.0,235.158,235.04883,0.0002129834724825838
2025-01-14 14:00:00,234.94,234.925,4254195.0,235.023,235.10132999999996,0.0004897576764192714
2025-01-14 15:00:00,234.937,234.77,4303693.0,234.84900000000002,235.12233,-0.0006597850377780191
2025-01-14 16:00:00,234.78,233.1742,3398271.0,234.48784,234.95392,-0.006797290965625919
2025-01-14 17:00:00,233.165,233.03,2477005.0,234.14184,234.71391999999997,-0.0006184217636428563
2025-01-14 18:00:00,233.02,234.695,2329479.0,234.11884,234.63842,0.007145002789340394
2025-01-14 19:00:00,234.71,233.15,3109715.0,233.76384,234.39342000000002,-0.006583011994290409
2025-01-14 20:00:00,233.135,233.28,6611120.0,233.46584000000001,234.15742,0.0005575809564657751
2025-01-14 21:00:00,233.28,233.85,713451.0,233.60100000000003,234.04442,0.002443415637860053
2025-01-14 22:00:00,233.98,233.4368,38663.0,233.68236000000002,233.9121,-0.001766944622621292
2025-01-14 23:00:00,233.7,233.35,19678.0,233.41336,233.7661,-0.00037183511768500453
2025-01-15 00:00:00,233.4,233.78,29864.0,233.53936,233.65159999999997,0.0018427255196057717
2025-01-15 09:00:00,233.79,233.78,3299.0,233.63935999999998,233.55259999999998,0.0
2025-01-15 10:00:00,233.67,233.91,6183.0,233.65136,233.62617999999998,0.0005560783642740844
2025-01-15 11:00:00,233.94,234.51,10411.0,233.86599999999999,233.77418000000003,0.0025650891368474813
2025-01-15 12:00:00,234.42,233.75,26572.0,233.946,233.67968000000002,-0.0032407999658862776
2025-01-15 13:00:00,234.3172,235.2,310808.0,234.23000000000002,233.88467999999997,0.006203208556149684
2025-01-15 14:00:00,235.2499,237.35,5235962.0,234.94400000000002,234.29167999999999,0.009141156462585058
2025-01-15 15:00:00,237.37,237.975,4834821.0,235.75699999999998,234.70418,0.002633242047609016
2025-01-15 16:00:00,237.965,236.775,3549854.0,236.20999999999998,235.03799999999995,-0.0050425464859753695
2025-01-15 17:00:00,236.78,237.19,2505596.0,236.898,235.42199999999997,0.001752718825889524
2025-01-15 18:00:00,237.2,237.58,1984062.0,237.37399999999997,235.802,0.0016442514439901125
2025-01-15 19:00:00,237.58,237.81,2061611.0,237.46599999999998,236.205,0.000968094957487961
2025-01-15 20:00:00,237.83,237.88,6282038.0,237.44700000000003,236.602,0.0002943526344560497
2025-01-15 21:00:00,237.87,237.95,622235.0,237.68200000000002,236.946,0.00029426601647886824
2025-01-15 22:00:00,238.0,238.2548,18398.0,237.89496,237.39647999999997,0.0012809413742382863
2025-01-15 23:00:00,238.06,238.2735,16877.0,238.03366,237.70383,7.848740088352437e-05
2025-01-16 00:00:00,238.41,238.5993,29796.0,238.19152,237.82876000000002,0.0013673362753306043
2025-01-16 09:00:00,240.4,239.5,59182.0,238.51552,237.98126000000002,0.0037749482081464634
2025-01-16 10:00:00,239.28,239.55,11503.0,238.83552,238.25876000000002,0.00020876826722342952
2025-01-16 11:00:00,239.55,239.6,9221.0,239.10456,238.49976,0.00020872469213100792
2025-01-16 12:00:00,239.58,238.7,33401.0,239.18986,238.61176,-0.0037562604340567853
2025-01-16 13:00:00,239.16,238.7,149205.0,239.20999999999998,238.70076000000003,0.0
2025-01-16 14:00:00,238.77,234.845,5740070.0,238.279,238.39726000000002,-0.016149979053204817
2025-01-16 15:00:00,234.845,231.9601,10631406.0,236.76102,237.79827,-0.012284272605335381
2025-01-16 16:00:00,231.965,230.6854,9552234.0,234.97809999999998,237.04133000000002,-0.0054953416557417594
2025-01-16 17:00:00,230.68,230.46,6145792.0,233.3301,236.25997999999998,-0.0009770882769346444
2025-01-16 18:00:00,230.48,229.0,7065608.0,231.3901,235.30005,-0.006335155775405744
2025-01-16 19:00:00,228.98,229.86,5301225.0,230.3931,234.33605000000003,0.0037554585152839025
2025-01-16 20:00:00,229.855,228.24,13160039.0,229.64908,233.20504999999997,-0.007047768206734553
2025-01-16 21:00:00,228.26,228.3,1657298.0,229.17199999999997,232.07505,0.0002628811777076861
2025-01-16 22:00:00,228.33,228.24,95330.0,228.728,231.02905,-0.00026281208935612034
2025-01-16 23:00:00,228.2091,228.47,71201.0,228.622,230.00605000000002,0.0010077111812127136
2025-01-17 00:00:00,228.45,228.4,71637.0,228.33,229.36155,-0.00030638595876917397
2025-01-17 09:00:00,229.02,229.75,67028.0,228.632,229.14053999999996,0.005910683012259169
2025-01-17 10:00:00,229.81,229.36,46287.0,228.844,229.00799999999998,-0.001697497279651736
2025-01-17 11:00:00,229.36,229.87,145720.0,229.17,228.94899999999998,0.002223578653644885
2025-01-17 12:00:00,229.87,230.06,141711.0,229.488,229.055,0.000826554139296114
2025-01-17 13:00:00,230.0,231.1707,917024.0,230.04214000000002,229.18606999999997,0.0048278709901765126
2025-01-17 14:00:00,231.21,230.79,20093354.0,230.25014000000002,229.44107,-0.0016468350011485827
2025-01-17 15:00:00,230.77,231.33,7545052.0,230.64414000000002,229.74407000000002,0.002339789418952383
2025-01-17 16:00:00,231.3376,229.6611,6089891.0,230.60236,229.88618000000002,-0.007214369083128032
2025-01-17 17:00:00,229.66,230.16,4920397.0,230.62236000000001,230.05517999999998,0.002172331317754691
2025-01-17 18:00:00,230.15,229.28,3700481.0,230.24421999999998,230.14318000000003,-0.003823427181091395
2025-01-17 19:00:00,229.285,229.2057,4234590.0,229.92736,230.08875000000003,-0.0003240579204465885
2025-01-17 20:00:00,229.2,229.96,7962868.0,229.65336000000002,230.14875,0.0032909303738955908
2025-01-17 21:00:00,229.98,229.9235,1959516.0,229.70584,230.15410000000003,-0.0001587232562185509
2025-01-17 22:00:00,229.93,229.96,40405.0,229.66584000000003,230.14409999999998,0.00015874845328997674
2025-01-17 23:00:00,229.9012,229.8226,20879.0,229.77436000000003,230.00929000000002,-0.0005974952165594613
2025-01-18 00:00:00,229.8,229.499,219275.0,229.83301999999998,229.88019000000003,-0.0014080425510806988
2025-01-21 09:00:00,227.33,227.03,156615.0,229.24701999999996,229.45018999999996,-0.010758216811402203
2025-01-21 10:00:00,227.14,226.8,57588.0,228.62232000000003,229.16408,-0.0010130819715455657
2025-01-21 11:00:00,226.96,225.45,193506.0,227.72032,228.69308,-0.005952380952381053
2025-01-21 12:00:00,225.49,225.87,402989.0,226.92980000000003,228.35207999999997,0.0018629407850965444
2025-01-21 13:00:00,225.25,226.0517,840963.0,226.24034,228.03668,0.0008044450347545332
2025-01-21 14:00:00,226.06,221.86,17616525.0,225.20634,227.22668,-0.01854310319276518
2025-01-21 15:00:00,221.867,221.31,12202849.0,224.10834,226.36533,-0.0024790408365636496
2025-01-21 16:00:00,221.3,220.17,12523569.0,223.05234000000002,225.38633,-0.005151145452080858
2025-01-21 17:00:00,220.1757,220.235,7613825.0,221.92534,224.42757,0.0002952264159514291
2025-01-21 18:00:00,220.23,221.21,6170132.0,220.95700000000002,223.59867,0.0044270892455785605
2025-01-21 19:00:00,221.21,221.1203,6815931.0,220.80906,223.00770000000003,-0.0004054970390128017
2025-01-21 20:00:00,221.125,222.66,11108249.0,221.07906000000003,222.59369999999998,0.006963177962403319
2025-01-21 21:00:00,222.64,221.8988,1110668.0,221.42482,222.23858,-0.0034186652294979
2025-01-21 22:00:00,221.8995,222.64,184781.0,221.90582,221.91558,0.003340261416465488
2025-01-21 23:00:00,221.89,221.921,185523.0,222.04802,221.50250999999997,-0.003229428674092679
2025-01-22 00:00:00,221.92,222.0501,103483.0,222.23397999999997,221.52152,0.0005817385465998892
2025-01-22 09:00:00,222.7,222.2,125264.0,222.14197999999996,221.61052,0.0006750728776974312
2025-01-22 10:00:00,222.09,222.78,43860.0,222.31822000000003,221.87152,0.0026102610261026665
2025-01-22 11:00:00,222.66,222.46,76935.0,222.28221999999997,222.09402,-0.0014363946494299002
2025-01-22 12:00:00,222.47,222.0,113966.0,222.29802,222.17302,-0.002067787467409907
2025-01-22 13:00:00,222.43,221.15,465365.0,222.11800000000002,222.17599,-0.003828828828828803
2025-01-22 14:00:00,221.21,222.95,11177900.0,222.26799999999997,222.20499,0.008139271987338832
2025-01-22 15:00:00,222.96,222.935,8006779.0,222.29900000000004,222.30861,-6.727965911633263e-05
2025-01-22 16:00:00,222.94,221.935,5673272.0,222.19400000000002,222.23811,-0.004485612398232669
2025-01-22 17:00:00,221.945,222.7299,4295156.0,222.33998000000003,222.31900000000002,0.003581679320521703
2025-01-22 18:00:00,222.73,222.43,3862945.0,222.59598,222.35699,-0.001346473913021914
2025-01-22 19:00:00,222.4299,223.3889,4331929.0,222.68375999999998,222.47588000000002,0.004311019197050757
2025-01-22 20:00:00,223.38,223.77,7903513.0,222.85075999999998,222.57487999999998,0.0017059934490926073
2025-01-22 21:00:00,223.83,223.5002,2505117.0,223.16379999999998,222.67889999999997,-0.0012057022835947784
2025-01-22 22:00:00,223.51,223.35,78540.0,223.28782,222.81390000000002,-0.000672035192809726
2025-01-22 23:00:00,223.3999,223.3607,57424.0,223.47395999999998,223.03497000000002,4.790687262150948e-05
2025-01-23 00:00:00,223.4,223.18,51214.0,223.43218000000002,223.05797,-0.0008090053442705078
2025-01-23 09:00:00,223.52,222.82,42395.0,223.24218000000002,223.04647,-0.0016130477641366325
2025-01-23 10:00:00,222.83,222.62,22527.0,223.06614,223.11497,-0.0008975854950183496
2025-01-23 11:00:00,222.68,223.2,63693.0,223.03614,223.16198,0.0026053364477584408
2025-01-23 12:00:00,223.23,224.14,112785.0,223.192,223.33298,0.004211469534050169
2025-01-23 13:00:00,223.04,224.7495,441592.0,223.50590000000003,223.46904,0.002719282591237733
2025-01-23 14:00:00,224.75,225.18,7899589.0,223.9779,223.61004000000003,0.0019154658853523367
2025-01-23 15:00:00,225.19,225.3242,9193087.0,224.51873999999998,223.79244,0.0006403765876187214
2025-01-23 16:00:00,225.3337,224.04,5977487.0,224.68674000000001,223.86144,-0.005699343434926202
2025-01-23 17:00:00,224.06,223.695,5584684.0,224.59774,223.89487,-0.0015399035886448798
2025-01-23 18:00:00,223.69,223.0743,3532803.0,224.2627,223.8843,-0.0027747602762690244
2025-01-23 19:00:00,223.075,222.75,4524096.0,223.77669999999998,223.87730000000002,-0.001453775715086829
2025-01-23 20:00:00,222.74,223.65,9035364.0,223.44186,223.9803,0.0040404040404040656
2025-01-23 21:00:00,223.66,223.3584,3753300.0,223.30554,223.99614000000003,-0.0013038229376258292
2025-01-23 22:00:00,223.32,223.45,33051.0,223.25654,223.92714,0.0004101032242351292
2025-01-23 23:00:00,223.49,223.255,27549.0,223.29268000000002,223.77768999999998,-0.0008726784515551273
2025-01-24 00:00:00,223.2601,223.24,29574.0,223.39067999999997,223.58369000000002,-6.718774495525904e-05
2025-01-24 09:00:00,223.2,223.72,68152.0,223.40468,223.42327,0.0021501523024547112
2025-01-24 10:00:00,223.65,224.06,28298.0,223.545,223.42527,0.0015197568389057902
2025-01-24 11:00:00,224.18,225.25,134257.0,223.90500000000003,223.58076999999997,0.005311077389984815
2025-01-24 12:00:00,225.15,225.09,192588.0,224.27200000000002,223.78234000000003,-0.0007103218645948794
2025-01-24 13:00:00,225.125,225.76,463602.0,224.776,224.08334,0.002976587142920554
2025-01-24 14:00:00,225.76,224.51,9108358.0,224.93400000000003,224.16934,-0.005536853295535082
2025-01-24 15:00:00,224.525,223.065,8271889.0,224.73499999999999,224.14000000000001,-0.0064362389203153235
2025-01-24 16:00:00,223.065,222.73,6006514.0,224.231,224.06800000000004,-0.001501804406787295
2025-01-24 17:00:00,222.7399,222.4,4258137.0,223.69299999999998,223.9825,-0.001481614510842653
2025-01-24 18:00:00,222.4099,222.05,2944983.0,222.95100000000002,223.86350000000002,-0.001573741007194219
2025-01-24 19:00:00,222.06,222.56,3238204.0,222.561,223.7475,0.0022967800045034493
2025-01-24 20:00:00,222.5517,222.79,8087463.0,222.506,223.6205,0.001033429187634749
2025-01-24 21:00:00,222.78,222.56,1577369.0,222.47200000000004,223.3515,-0.0010323623142869508
2025-01-24 22:00:00,222.56,222.47,46687.0,222.48599999999996,223.0895,-0.0004043853342918917
2025-01-24 23:00:00,222.35,222.15,38784.0,222.506,222.72850000000003,-0.0014383961882500705
2025-01-25 00:00:00,222.2,222.17,38030.0,222.42800000000003,222.49449999999996,9.002925950925865e-05
2025-01-27 09:00:00,219.9,220.89,241476.0,222.048,222.277,-0.005761353918170776
2025-01-27 10:00:00,220.88,221.51,282650.0,221.83800000000002,222.15500000000003,0.0028068269274299632
2025-01-27 11:00:00,221.51,221.8,366717.0,221.704,222.09499999999997,0.0013091959730938579
2025-01-27 12:00:00,221.81,222.04,460118.0,221.68200000000002,222.094,0.0010820559062217343
2025-01-27 13:00:00,221.26,223.26,1941180.0,221.9,222.164,0.00549450549450549
2025-01-27 14:00:00,223.21,225.66,14715370.0,222.85399999999998,222.45100000000002,0.010749798441279252
2025-01-27 15:00:00,225.65,227.79,10199956.0,224.10999999999999,222.974,0.009438978994948131
2025-01-27 16:00:00,227.76,228.445,9465858.0,225.439,223.57150000000001,0.0028754554633653854
2025-01-27 17:00:00,228.4661,230.15,6673188.0,227.061,224.37150000000003,0.007463503250235341
2025-01-27 18:00:00,230.18,231.435,7274989.0,228.696,225.298,0.005583315229198334
2025-01-27 19:00:00,231.431,231.58,6660087.0,229.87999999999997,226.36700000000002,0.0006265258063819657
2025-01-27 20:00:00,231.57,229.94,16755944.0,230.31,227.20999999999998,-0.007081785991881919
2025-01-27 21:00:00,229.86,230.04,785198.0,230.629,228.03399999999996,0.0004348960598416731
2025-01-27 22:00:00,230.08,229.8,332825.0,230.55900000000003,228.81,-0.0010432968179446213
2025-01-27 23:00:00,229.8,229.7745,85156.0,230.22690000000003,229.46145,-0.00011096605744135023
2025-01-28 00:00:00,229.77,229.79,28636.0,229.8689,229.87444999999997,6.745744197029242e-05
2025-01-28 09:00:00,230.23,229.27,83858.0,229.7349,230.02245,-0.0022629357239217626
2025-01-28 10:00:00,229.31,231.67,193068.0,230.0609,230.34495,0.010468007153138122
2025-01-28 11:00:00,231.69,230.93,78620.0,230.2869,230.42295,-0.003194198644623735
2025-01-28 12:00:00,231.05,230.66,171093.0,230.464,230.34545000000003,-0.0011691854674577154
2025-01-28 13:00:00,230.25,230.3,319168.0,230.56599999999997,230.21745,-0.001560738749674782
2025-01-28 14:00:00,230.32,234.69,13165651.0,231.65,230.69245,0.019062092922275235
2025-01-28 15:00:00,234.67,238.84,14404293.0,233.084,231.57245000000003,0.017682900847927077
2025-01-28 16:00:00,238.84,239.72,9858800.0,234.842,232.56445,0.0036844749623178505
2025-01-28 17:00:00,239.705,238.73,5495012.0,236.456,233.45999999999998,-0.00412981812114137
2025-01-28 18:00:00,238.71,238.81,3345340.0,238.158,234.362,0.000335106605789019
2025-01-28 19:00:00,238.81,239.165,3798989.0,239.05299999999997,235.3515,0.0014865374146810844
2025-01-28 20:00:00,239.155,238.24,7981635.0,238.933,236.0085,-0.0038676227708903184
2025-01-28 21:00:00,238.26,238.15,2897864.0,238.619,236.73050000000003,-0.00037777031564810025
2025-01-28 22:00:00,238.16,237.5,146705.0,238.373,237.4145,-0.0027293722443838156
2025-01-28 23:00:00,237.41,237.6,20200.0,238.131,238.14450000000002,0.00042105263157892343
2025-01-29 00:00:00,237.69,238.35,54060.0,237.96800000000002,238.5105,0.0031565656565656565
2025-01-29 09:00:00,238.56,237.2,75864.0,237.76,238.34649999999996,-0.004824837423956391
2025-01-29 10:00:00,237.21,237.15,32566.0,237.56,238.0895,-0.00021079258010110854
2025-01-29 11:00:00,237.12,237.47,33159.0,237.554,237.9635,0.0013493569470798784
2025-01-29 12:00:00,237.43,235.65,384179.0,237.16400000000004,237.64750000000004,-0.0076641259948624805
2025-01-29 13:00:00,237.58,234.58,1675578.0,236.41,237.18900000000002,-0.004540632293655817
2025-01-29 14:00:00,234.57,235.79,6259434.0,236.128,236.94400000000002,0.005158155000426206
2025-01-29 15:00:00,235.805,237.7894,5912303.0,236.25588,236.90793999999997,0.008479579286653414
2025-01-29 16:00:00,237.78,236.54,3843754.0,236.06988,236.81194,-0.005254229162443778
2025-01-29 17:00:00,236.54,236.03,3049911.0,236.14587999999998,236.65493999999998,-0.002156083537668009
2025-01-29 18:00:00,236.04,237.0,3923228.0,236.62988,236.51994,0.00410964707876117
2025-01-29 19:00:00,236.97,238.08,3719885.0,237.08787999999998,236.60794,0.004556962025316509
2025-01-29 20:00:00,238.07,239.35,7542628.0,237.4,236.82794000000004,0.005334341397849386
2025-01-29 21:00:00,239.36,239.25,747794.0,237.942,237.00594,-0.00041779820346770133
2025-01-29 22:00:00,239.22,238.6209,73497.0,238.46018000000004,237.30303000000004,-0.0026294670846394733
2025-01-29 23:00:00,238.8,238.8001,89872.0,238.82020000000003,237.72503999999998,0.000750981996966654
2025-01-30 00:00:00,238.85,239.2015,45403.0,239.04450000000003,238.06619,0.0016809038187170933
2025-01-30 09:00:00,239.63,238.97,24928.0,238.9685,238.18425000000002,-0.0009678032955479424
2025-01-30 10:00:00,238.94,238.88,23581.0,238.89450000000002,238.41825,-0.0003766163116709353
2025-01-30 11:00:00,238.97,239.35,25796.0,239.04031999999998,238.75025,0.0019675150703281933
2025-01-30 12:00:00,239.15,238.7,47231.0,239.0203,238.92024999999998,-0.002715688322540237
2025-01-30 13:00:00,238.45,238.95,358925.0,238.96999999999997,239.00725000000003,0.0010473397570171764
2025-01-30 14:00:00,239.0,239.46,5590010.0,239.06799999999998,239.01825,0.0021343377275581474
2025-01-30 15:00:00,239.46,238.06,4556756.0,238.904,238.89925,-0.0058464879311785085
2025-01-30 16:00:00,238.09,238.78,5922903.0,238.79000000000002,238.91515999999996,0.0030244476182474957
2025-01-30 17:00:00,238.8,238.395,3022344.0,238.72899999999998,238.87464999999997,-0.0016123628444592968
2025-01-30 18:00:00,238.39,239.645,2949176.0,238.86800000000002,238.91899999999995,0.005243398561211435
2025-01-30 19:00:00,239.649,239.861,3698712.0,238.94819999999999,239.0081,0.0009013332220575424
2025-01-30 20:00:00,239.865,237.56,9673229.0,238.8482,238.8761,-0.00959305597825402
2025-01-30 21:00:00,237.59,233.99,6693909.0,237.8902,238.34009999999998,-0.015027782454958718
2025-01-30 22:00:00,234.0,245.03,5406790.0,239.2172,238.97310000000002,0.0471815034830548
2025-01-30 23:00:00,245.0146,245.0,854248.0,240.28820000000002,239.5781,-0.00012243398767498322
2025-01-31 00:00:00,244.95,244.75,282636.0,241.266,240.1071,-0.0010204081632653062
2025-01-31 09:00:00,244.75,245.61,160935.0,242.87600000000003,240.8621,0.0035137895812053675
2025-01-31 10:00:00,245.59,245.31,59879.0,245.14000000000001,241.51510000000002,-0.0012214486380848148
2025-01-31 11:00:00,245.17,245.91,143751.0,245.31599999999997,242.2666,0.002445884798825952
2025-01-31 12:00:00,245.92,247.16,452105.0,245.748,243.01809999999995,0.005083160505876133
2025-01-31 13:00:00,246.28,246.79,3190866.0,246.156,243.71099999999996,-0.0014970059880239706
2025-01-31 14:00:00,246.79,241.605,15917039.0,245.35499999999996,244.11549999999997,-0.02100976538757649
2025-01-31 15:00:00,241.58,240.925,12624289.0,244.478,244.80900000000003,-0.002814511289087471
2025-01-31 16:00:00,240.93,238.93,8264096.0,243.08199999999997,244.19899999999998,-0.008280585244370673
2025-01-31 17:00:00,238.945,238.31,6003359.0,241.31199999999998,243.53000000000003,-0.002594902272632171
2025-01-31 18:00:00,238.32,235.26,8357308.0,239.006,242.581,-0.012798455792874874
2025-01-31 19:00:00,235.28,234.11,7812160.0,237.507,241.43099999999998,-0.004888208790274493
2025-01-31 20:00:00,234.115,235.84,12241306.0,236.49,240.484,0.00738968860791931
2025-01-31 21:00:00,236.0,235.25,3078351.0,235.754,239.41800000000003,-0.0025016960651289156
2025-01-31 22:00:00,235.27,235.2,359869.0,235.132,238.22200000000004,-0.00021253985122215248
2025-01-31 23:00:00,235.2015,234.9202,58483.0,235.06404000000003,237.03502000000003,-0.0011896258503401127
2025-02-01 00:00:00,234.92,233.92,73244.0,235.02604000000002,236.26652000000004,-0.004257615990451254
2025-02-03 09:00:00,232.79,231.01,120639.0,234.06004,235.27501999999998,-0.012440150478796156
2025-02-03 10:00:00,231.03,231.73,93356.0,233.35603999999998,234.55502,0.003116748192718925
2025-02-03 11:00:00,231.79,231.51,73548.0,232.61803999999998,233.87502,-0.0009493807448323431
2025-02-03 12:00:00,231.66,230.82,223666.0,231.798,233.43102,-0.002980432810677715
2025-02-03 13:00:00,231.4,230.01,1679350.0,231.016,233.02102,-0.0035092279698466437
2025-02-03 14:00:00,230.0,228.84,11125407.0,230.58199999999997,232.32102,-0.0050867353593321485
2025-02-03 15:00:00,228.81,227.89,12636278.0,229.814,231.58502,-0.004151372137738232
2025-02-03 16:00:00,227.9232,226.38,9649465.0,228.788,230.70301999999998,-0.0066260037737504544
2025-02-03 17:00:00,226.37,226.81,5753868.0,227.98599999999996,229.892,0.0018994610831345826
2025-02-03 18:00:00,226.81,228.25,4816608.0,227.63400000000001,229.325,0.006348926414179259
2025-02-03 19:00:00,228.24,228.84,4573597.0,227.63400000000001,229.108,0.0025848849945235637
2025-02-03 20:00:00,228.86,227.98,8041254.0,227.652,228.733,-0.0037580842510051287
2025-02-03 21:00:00,228.01,228.8,3997669.0,228.13600000000002,228.462,0.003596806737433203
2025-02-03 22:00:00,228.8,229.2,94543.0,228.61399999999998,228.3,0.0017482517482516487
2025-02-03 23:00:00,229.15,229.1,82946.0,228.78400000000002,228.20899999999997,-0.00043630017452004504
2025-02-04 00:00:00,229.0792,228.8025,96943.0,228.7765,228.20525000000004,-0.0012985595809689447
2025-02-04 09:00:00,226.65,226.71,41352.0,228.52249999999998,228.08724999999998,-0.009145442029698107
2025-02-04 10:00:00,226.57,227.17,13306.0,228.19650000000001,228.16625000000005,0.0020290238630849083
2025-02-04 11:00:00,227.29,226.98,51025.0,227.75249999999997,228.18324999999996,-0.0008363780428753697
2025-02-04 12:00:00,226.94,227.07,63140.0,227.34650000000002,228.06524999999996,0.0003965107057890713
2025-02-04 13:00:00,226.85,227.39,2073255.0,227.064,227.92024999999998,0.0014092570572950772
2025-02-04 14:00:00,227.3,228.922,5737218.0,227.50639999999999,228.01444999999998,0.006737323541052864
2025-02-04 15:00:00,228.94,230.52,6750121.0,228.1764,228.18644999999998,0.006980543591266952
2025-02-04 16:00:00,230.52,232.19,4771107.0,229.21840000000003,228.48545,0.007244490716640584
2025-02-04 17:00:00,232.19,232.245,4363114.0,230.2534,228.79995,0.0002368749730824188
2025-02-04 18:00:00,232.24,231.49,2393153.0,231.0734,229.06869999999998,-0.003250877306292904
2025-02-04 19:00:00,231.49,232.547,2787154.0,231.7984,229.6524,0.004566071968551505
2025-02-04 20:00:00,232.5564,232.79,5303098.0,232.25240000000002,230.21439999999998,0.0010449500531075223
2025-02-04 21:00:00,232.8,232.34,1995606.0,232.2824,230.75039999999998,-0.001933072726491639
2025-02-04 22:00:00,232.39,231.79,54429.0,232.1914,231.22240000000002,-0.002367220452784761
2025-02-04 23:00:00,231.88,232.25,53341.0,232.34340000000003,231.70840000000004,0.001984554985115872
2025-02-05 00:00:00,232.13,232.75,52204.0,232.38400000000001,232.09120000000001,0.002152852529601722
2025-02-05 09:00:00,228.95,227.59,245087.0,231.344,231.7982,-0.022169709989258848
2025-02-05 10:00:00,227.64,226.63,104897.0,230.202,231.2422,-0.004218111516323248
2025-02-05 11:00:00,226.77,226.48,178747.0,229.14000000000001,230.66569999999996,-0.0006618717733751299
2025-02-05 12:00:00,226.5,228.3,268427.0,228.35,230.3467,0.008036029671494268
2025-02-05 13:00:00,226.66,227.9,457994.0,227.38000000000002,229.882,-0.0017520805957074274
2025-02-05 14:00:00,227.96,230.165,5667216.0,227.89499999999998,229.61950000000002,0.00993856954804733
2025-02-05 15:00:00,230.19,229.53,4884036.0,228.475,229.33849999999998,-0.0027588903612625333
2025-02-05 16:00:00,229.52,230.7,3243978.0,229.31900000000002,229.2295,0.005097372892432307
2025-02-05 17:00:00,230.7299,230.05,2406017.0,229.669,229.00949999999997,-0.002817511920242641
2025-02-05 18:00:00,230.055,230.54,2561588.0,230.19700000000003,228.78849999999997,0.0021299717452726826
2025-02-05 19:00:00,230.54,231.29,2975051.0,230.42200000000003,229.1585,0.0032532315433330444
2025-02-05 20:00:00,231.3,232.45,5047590.0,231.006,229.74050000000003,0.005015348696441682
2025-02-05 21:00:00,232.455,232.17,547342.0,231.3,230.3095,-0.001204560120456017
2025-02-05 22:00:00,232.02,231.89,32930.0,231.66799999999998,230.6685,-0.0012060128354223249
2025-02-05 23:00:00,231.8208,232.1718,9112.0,231.99436,231.09568,0.0012152313596964252
2025-02-06 00:00:00,232.0317,232.2,31392.0,232.17636,231.29917999999998,0.00012146177959596396
2025-02-06 09:00:00,232.0,231.55,24243.0,231.99636,231.50118000000003,-0.002799310938845725
2025-02-06 10:00:00,231.53,231.59,21612.0,231.88036000000002,231.59017999999998,0.0001727488663355303
2025-02-06 11:00:00,231.55,230.85,26848.0,231.67235999999997,231.67018,-0.0031953020424025608
2025-02-06 12:00:00,231.01,231.5,22856.0,231.538,231.76618,0.0028156811782543024
2025-02-06 13:00:00,230.87,231.31,89352.0,231.35999999999999,231.76818000000003,-0.00082073434125269
2025-02-06 14:00:00,231.34,233.52,4502977.0,231.754,231.87518,0.009554277809000943
2025-02-06 15:00:00,233.48,230.9499,4461951.0,231.62597999999997,231.75316999999995,-0.011005909558067815
2025-02-06 16:00:00,230.94,231.06,2662928.0,231.66798,231.67017,0.0004767267706112388
2025-02-06 17:00:00,231.065,231.77,2276263.0,231.72197999999997,231.62999,0.003072794945035956
2025-02-06 18:00:00,231.785,232.41,1798634.0,231.94198,231.65099,0.0027613582430857588
2025-02-06 19:00:00,232.41,232.17,2177921.0,231.67198000000002,231.71299,-0.0010326578030205632
2025-02-06 20:00:00,232.16,233.22,4124681.0,232.12600000000003,231.87599,0.004522548132833749
2025-02-06 21:00:00,233.22,232.79,1502954.0,232.47200000000004,232.06999000000002,-0.0018437526798731104
2025-02-06 22:00:00,232.75,232.188,62007.0,232.5556,232.13879000000003,-0.0025860217363288967
2025-02-06 23:00:00,232.4,232.7785,51384.0,232.6293,232.28563999999997,0.002543197753544628
2025-02-07 00:00:00,233.1,233.1,22087.0,232.81530000000004,232.24363999999997,0.0013811412995615407
2025-02-07 09:00:00,232.92,232.87,22610.0,232.7453,232.43565000000004,-0.0009867009867009428
2025-02-07 10:00:00,232.8,232.76,13075.0,232.73930000000001,232.60564999999997,-0.00047236655644786207
2025-02-07 11:00:00,232.79,232.97,5385.0,232.89569999999998,232.72565,0.0009022168757518817
2025-02-07 12:00:00,232.85,232.82,20741.0,232.904,232.76664999999997,-0.0006438597244280623
2025-02-07 13:00:00,232.84,232.5,128365.0,232.78400000000002,232.79964999999999,-0.0013744523666351395
2025-02-07 14:00:00,232.51,232.69,3645477.0,232.748,232.74665,0.000817204301075259
2025-02-07 15:00:00,232.675,230.53,6330849.0,232.302,232.52065000000002,-0.00928273668829772
2025-02-07 16:00:00,230.57,229.03,5070223.0,231.51399999999998,232.20485,-0.006506745325987941
2025-02-07 17:00:00,229.03,228.73,4398484.0,230.696,231.8,-0.0013098720691612949
2025-02-07 18:00:00,228.72,228.1099,2559289.0,229.81797999999998,231.30098999999996,-0.002711056704411225
2025-02-07 19:00:00,228.11,228.295,2713573.0,228.93898,230.84348999999997,0.0008114509716587362
2025-02-07 20:00:00,228.28,227.71,6637799.0,228.37498,230.33849,-0.0025624739919839663
2025-02-07 21:00:00,227.63,227.5,927046.0,228.06898,229.79148999999998,-0.0009222256378727678
2025-02-07 22:00:00,227.54,227.5,25412.0,227.82298,229.25949,0.0
2025-02-07 23:00:00,227.53,227.27,27016.0,227.65500000000003,228.73649,-0.001010989010988966
2025-02-08 00:00:00,227.27,227.25,16372.0,227.446,228.19249,-8.800105601271717e-05
2025-02-10 09:00:00,228.5,228.4,27366.0,227.584,227.97949,0.005060506050605085
2025-02-10 10:00:00,228.4,228.61,8524.0,227.80599999999998,227.93749000000003,0.0009194395796847984
2025-02-10 11:00:00,228.65,228.98,16232.0,228.102,227.96249000000003,0.0016184768820260535
2025-02-10 12:00:00,229.0,228.97,34648.0,228.442,228.04850000000002,-4.367193641362086e-05
2025-02-10 13:00:00,228.97,229.21,142188.0,228.834,228.14000000000001,0.0010481722496397305
2025-02-10 14:00:00,229.22,229.16,3783210.0,228.98600000000002,228.285,-0.00021814056978321786
2025-02-10 15:00:00,229.16,229.04,4326063.0,229.07200000000003,228.43900000000002,-0.0005236515971373912
2025-02-10 16:00:00,229.03,229.22,2843665.0,229.11999999999998,228.61100000000002,0.0007858889276982485
2025-02-10 17:00:00,229.21,228.67,2389515.0,229.06,228.75100000000003,-0.0023994415845040194
2025-02-10 18:00:00,228.66,228.5593,2198258.0,228.92986000000002,228.88193,-0.0004841037302662354
2025-02-10 19:00:00,228.56,228.04,2319972.0,228.70585999999997,228.84593,-0.0022720580610809337
2025-02-10 20:00:00,228.035,227.64,5049448.0,228.42586,228.74892999999997,-0.0017540782318891672
2025-02-10 21:00:00,227.65,227.45,1817304.0,228.07185999999996,228.59593,-0.0008346512036548837
2025-02-10 22:00:00,227.38,227.3,16429.0,227.79786,228.42892999999998,-0.0006594856012309398
2025-02-10 23:00:00,227.35,226.9,54358.0,227.46599999999998,228.19792999999999,-0.001759788825340984
2025-02-11 00:00:00,226.8996,226.9999,31162.0,227.25798,227.98192000000003,0.00044028206258259585
2025-02-11 09:00:00,227.14,226.73,16747.0,227.07598,227.75091999999995,-0.0011889873079239546
2025-02-11 10:00:00,226.73,226.75,6294.0,226.93598000000003,227.50392000000002,8.821064702514106e-05
2025-02-11 11:00:00,226.7,227.0,7113.0,226.87597999999997,227.33692000000002,0.0011025358324145535
2025-02-11 12:00:00,227.03,226.73,25974.0,226.84197999999998,227.15398999999996,-0.0011894273127753755
2025-02-11 13:00:00,226.8,226.1,2699111.0,226.66199999999998,226.95999,-0.002778635381290502
2025-02-11 14:00:00,226.03,230.32,8722706.0,227.38000000000002,227.22799,0.01866430782839451
2025-02-11 15:00:00,230.33,234.29,9254112.0,228.888,227.91199,0.017236887808266755
2025-02-11 16:00:00,234.3,234.72,6171333.0,230.43199999999996,228.65398999999996,0.001835332280507093
2025-02-11 17:00:00,234.71,234.22,3932751.0,231.92999999999998,229.38599,-0.002130197682344922
2025-02-11 18:00:00,234.23,233.8497,2521606.0,233.47994,230.07097,-0.001580992229527735
2025-02-11 19:00:00,233.835,233.3685,3442615.0,234.08964,230.73481999999998,-0.002057731953472684
2025-02-11 20:00:00,233.37,232.77,6593582.0,233.78564,231.33682,-0.0025646134761118204
2025-02-11 21:00:00,232.62,232.81,1153747.0,233.40364,231.91781999999998,0.00017184345061645417
2025-02-11 22:00:00,232.79,232.62,20467.0,233.08364,232.50682,-0.0008161161462136409
2025-02-11 23:00:00,232.66,232.9133,17225.0,232.89636000000002,233.18815,0.0012608546126729769
2025-02-12 00:00:00,232.8,232.84,22986.0,232.79065999999997,233.44015,-0.00031470937898346314
2025-02-12 09:00:00,232.89,232.39,26309.0,232.71466,233.25015,-0.0019326576189658867
2025-02-12 10:00:00,232.43,232.56,6971.0,232.66466,233.03415,0.0007315288953914365
2025-02-12 11:00:00,232.59,232.75,10461.0,232.69065999999998,232.88714999999996,0.0008169934640522778
2025-02-12 12:00:00,232.83,232.94,18306.0,232.696,232.79618,0.0008163265306122352
2025-02-12 13:00:00,232.8,231.0,2514242.0,232.32799999999997,232.55933,-0.00832832489052974
2025-02-12 14:00:00,231.05,232.56,4890814.0,232.362,232.53833,0.006753246753246763
2025-02-12 15:00:00,232.56,234.6347,7065032.0,232.77694000000002,232.7208,0.008921138630890984
2025-02-12 16:00:00,234.65,235.4024,4017297.0,233.30742,232.99903999999998,0.003271894566319435
2025-02-12 17:00:00,235.385,235.66,3051504.0,233.85142000000002,233.27371000000002,0.0010942964047944987
2025-02-12 18:00:00,235.67,235.61,2715966.0,234.77342,233.55070999999998,-0.00021217007553247453
2025-02-12 19:00:00,235.6024,236.47,3484006.0,235.55542,233.95871000000002,0.0036500997410975136
2025-02-12 20:00:00,236.48,236.89,6080852.0,236.00648,234.39171000000002,0.0017761238212034825
2025-02-12 21:00:00,236.87,236.91,1380026.0,236.308,234.80771,8.442737135383609e-05
2025-02-12 22:00:00,236.9321,236.79,18033.0,236.53399999999996,235.19270999999998,-0.0005065214638470498
2025-02-12 23:00:00,236.86,236.97,17323.0,236.80599999999998,235.78971,0.0007601672367921231
2025-02-13 00:00:00,236.95,237.0878,22382.0,236.92955999999998,236.24249,0.0004971093387348118
2025-02-13 09:00:00,236.61,235.87,41573.0,236.72556,236.36602000000002,-0.005136493737762899
2025-02-13 10:00:00,235.72,236.26,12557.0,236.59555999999998,236.45178,0.001653453173358148
2025-02-13 11:00:00,236.33,235.77,21485.0,236.39155999999997,236.46277999999998,-0.0020739862862946784
2025-02-13 12:00:00,235.92,236.07,35320.0,236.21156000000002,236.50878000000003,0.0012724265173685496
2025-02-13 13:00:00,235.99,237.11,1235122.0,236.21599999999998,236.57277999999997,0.004405472952937774
2025-02-13 14:00:00,237.11,236.31,5437801.0,236.304,236.51478000000003,-0.003373961452490453
2025-02-13 15:00:00,236.29,239.2801,6150612.0,236.90802000000002,236.75179000000003,0.012568659811264872
2025-02-13 16:00:00,239.28,240.39,8107860.0,237.83202,237.11179,0.00463849689130012
2025-02-13 17:00:00,240.42,240.6891,3103485.0,238.75583999999998,237.4837,0.0012442281292899453
2025-02-13 18:00:00,240.68,241.59,3463904.0,239.65184,237.93392000000003,0.003743002902915035
2025-02-13 19:00:00,241.585,242.23,3545107.0,240.83584000000002,238.56992,0.0026491162713687916
2025-02-13 20:00:00,242.22,241.52,6316575.0,241.28382000000002,239.09592000000004,-0.00293109854270726
2025-02-13 21:00:00,241.48,241.3199,1055193.0,241.4698,239.65091,-0.0008285028155019061
2025-02-13 22:00:00,241.3111,241.23,28919.0,241.57797999999997,240.16691,-0.0003725345485390973
2025-02-13 23:00:00,241.3,241.4,14774.0,241.53998,240.59591,0.0007047216349542592
2025-02-14 00:00:00,241.35,241.4782,20411.0,241.38962,241.11272999999997,0.000323943661971753
2025-02-14 09:00:00,241.98,241.06,46773.0,241.29762,241.29071999999996,-0.001731833349759873
2025-02-14 10:00:00,241.11,241.52,38901.0,241.33764000000002,241.40371999999996,0.0019082386127935284
2025-02-14 11:00:00,241.5,240.68,61915.0,241.22764,241.40281,-0.0034779728386883212
2025-02-14 12:00:00,240.75,240.96,34906.0,241.13964,241.33981,0.0011633704503905648
2025-02-14 13:00:00,240.72,240.79,255838.0,241.002,241.19581,-0.0007055112881806769
2025-02-14 14:00:00,240.88,244.32,6406762.0,241.654,241.47581,0.014660077245732801
2025-02-14 15:00:00,244.31,244.28,7464197.0,242.206,241.77182,-0.00016371971185327456
2025-02-14 16:00:00,244.28,244.38,3739684.0,242.946,242.08682,0.0004093663009660812
2025-02-14 17:00:00,244.37,243.91,3272802.0,243.536,242.33782000000002,-0.001923234307226446
2025-02-14 18:00:00,243.915,244.16,1927290.0,244.20999999999998,242.606,0.0010249682259849944
2025-02-14 19:00:00,244.1602,244.2683,1987317.0,244.19966,242.92683000000002,0.00044356159895156475
2025-02-14 20:00:00,244.265,244.57,6329664.0,244.25766,243.23183000000003,0.0012351172870158859
2025-02-14 21:00:00,244.6,244.67,2536640.0,244.31566000000004,243.63082999999997,0.00040888089299584706
2025-02-14 22:00:00,244.6637,244.48,76592.0,244.42965999999996,243.98282999999998,-0.0007765561777087414
2025-02-14 23:00:00,244.4703,244.7925,11385.0,244.55616,244.38307999999998,0.0012782231675392672
2025-02-15 00:00:00,244.75,244.65,6682.0,244.6325,244.41608000000002,-0.0005821256778699678
2025-02-18 09:00:00,245.05,244.96,34008.0,244.7105,244.48408,0.0012671162885755252
2025-02-18 10:00:00,244.94,244.9,10948.0,244.75650000000002,244.53608,-0.0002449379490529159
2025-02-18 11:00:00,244.96,244.68,21769.0,244.7965,244.61308,-0.0008983258472846013
2025-02-18 12:00:00,244.66,244.98,53581.0,244.834,244.69508000000002,0.0012260912211867867
2025-02-18 13:00:00,244.8,244.7,1227092.0,244.844,244.73825000000002,-0.001142950444934285
2025-02-18 14:00:00,244.7,244.93,6896986.0,244.83800000000002,244.77425,0.0009399264405395105
2025-02-18 15:00:00,244.984,244.33,4302409.0,244.724,244.74025,-0.002449679500265359
2025-02-18 16:00:00,244.33,244.89,3422221.0,244.766,244.78125,0.002291982155281684
2025-02-18 17:00:00,244.895,243.975,2218460.0,244.565,244.69950000000003,-0.00373637143207151
2025-02-18 18:00:00,243.97,242.62,3184600.0,244.14899999999997,244.49650000000003,-0.005553847730300194
2025-02-18 19:00:00,242.61,243.695,3285269.0,243.902,244.36999999999998,0.004430797131316415
2025-02-18 20:00:00,243.6989,244.46,6140868.0,243.92799999999997,244.32599999999996,0.0031391698639693668
2025-02-18 21:00:00,244.37,244.53,3194707.0,243.856,244.311,0.00028634541438269317
2025-02-18 22:00:00,244.56,244.58,14794.0,243.977,244.27100000000002,0.0002044738886844615
2025-02-18 23:00:00,244.65,244.9486,23884.0,244.44272,244.29586,0.0015070733502329974
2025-02-19 00:00:00,244.9,245.37,37678.0,244.77772,244.33986,0.0017203609247001435
2025-02-19 09:00:00,245.0,244.56,19547.0,244.79771999999997,244.36286,-0.0033011370583200974
2025-02-19 10:00:00,244.55,244.0,13644.0,244.69171999999998,244.27386,-0.002289826627412505
2025-02-19 11:00:00,244.01,243.88,14394.0,244.55172,244.26435999999998,-0.0004918032786885432
2025-02-19 12:00:00,243.88,244.29,17411.0,244.42,244.43135999999998,0.0016811546662292792
2025-02-19 13:00:00,244.2,244.11,775151.0,244.16800000000003,244.47286,-0.0007368291784353776
2025-02-19 14:00:00,244.12,245.07,3961723.0,244.26999999999998,244.53386,0.003932653312031377
2025-02-19 15:00:00,245.07,243.42,4171289.0,244.154,244.42286,-0.006732770228914211
2025-02-19 16:00:00,243.41,244.78,3620150.0,244.334,244.44286000000002,0.005587051187248434
2025-02-19 17:00:00,244.79,244.72,2598159.0,244.42,244.42,-0.00024511806520141464
2025-02-19 18:00:00,244.73,244.73,1825641.0,244.544,244.356,4.086302713301285e-05
2025-02-19 19:00:00,244.74,244.835,2254718.0,244.497,244.3835,0.000429044252850154
2025-02-19 20:00:00,244.84,244.89,4551739.0,244.791,244.4725,0.00022464108481213223
2025-02-19 21:00:00,244.87,244.51,631456.0,244.737,244.5355,-0.001551717097472316
2025-02-19 22:00:00,244.5025,244.34,16605.0,244.66099999999997,244.54049999999998,-0.0006952680871947466
2025-02-19 23:00:00,244.38,244.58,16456.0,244.631,244.5875,0.0009822378652697434
2025-02-20 00:00:00,244.65,244.8,8779.0,244.62400000000002,244.5605,0.0008995011857061037
2025-02-20 09:00:00,243.98,244.09,27519.0,244.46400000000003,244.6275,-0.002900326797385653
2025-02-20 10:00:00,244.11,244.1,9415.0,244.382,244.55949999999999,4.096849522713304e-05
2025-02-20 11:00:00,244.1,243.91,8488.0,244.296,244.4785,-0.0007783695206882332
2025-02-20 12:00:00,243.87,244.5,14898.0,244.28000000000003,244.45550000000003,0.002418925013324601
2025-02-20 13:00:00,244.17,243.78,144524.0,244.07600000000002,244.35,-0.002944785276073615
2025-02-20 14:00:00,243.7967,244.9,4539424.0,244.238,244.35100000000003,0.004594306341783594
2025-02-20 15:00:00,244.9,245.07,3902273.0,244.43199999999996,244.40699999999998,0.0006941608819925989
2025-02-20 16:00:00,245.11,245.275,5034401.0,244.705,244.50049999999996,0.0008364956951075714
2025-02-20 17:00:00,245.265,245.36,2819029.0,244.877,244.5785,0.0003465497910508937
2025-02-20 18:00:00,245.369,245.3506,2066070.0,245.19112,244.63356000000005,-3.8311053146510555e-05
2025-02-20 19:00:00,245.33,245.335,2008507.0,245.27812,244.75806000000003,-6.35824815589522e-05
2025-02-20 20:00:00,245.33,245.86,4357865.0,245.43612000000002,244.93406,0.0021399311145984296
2025-02-20 21:00:00,245.83,245.67,480630.0,245.51512000000002,245.11005999999998,-0.0007727975270480198
2025-02-20 22:00:00,245.6703,245.6025,10302.0,245.56362,245.22030999999998,-0.00027475882281106955
2025-02-20 23:00:00,245.65,245.69,10721.0,245.63150000000002,245.41131000000001,0.0003562667318126065
2025-02-21 00:00:00,245.69,245.6,5604.0,245.68449999999999,245.48130999999998,-0.00036631527534699583
2025-02-21 09:00:00,245.55,245.36,9709.0,245.5845,245.51030999999998,-0.0009771986970683252
2025-02-21 10:00:00,245.36,245.3,8167.0,245.5105,245.51281000000003,-0.0002445386371046718
2025-02-21 11:00:00,245.36,245.38,2592.0,245.46600000000004,245.51480999999998,0.0003261312678352388
2025-02-21 12:00:00,245.42,245.75,14351.0,245.478,245.55474999999996,0.0015078653516994237
2025-02-21 13:00:00,245.55,245.89,86775.0,245.536,245.61025,0.0005696846388605752
2025-02-21 14:00:00,245.94,245.69,6211084.0,245.602,245.59324999999998,-0.0008133718329333793
2025-02-21 15:00:00,245.64,245.83,3766548.0,245.708,245.60925000000003,0.000569823761650921
2025-02-21 16:00:00,245.815,247.015,6574468.0,246.035,245.75050000000002,0.004820404344465581
2025-02-21 17:00:00,247.02,248.43,5251304.0,246.571,246.0245,0.005728397060907315
2025-02-21 18:00:00,248.45,247.74,6251065.0,246.94099999999997,246.23850000000002,-0.002777442337881889
2025-02-21 19:00:00,247.75,245.92,5756020.0,246.987,246.29450000000003,-0.00734641156050707
2025-02-21 20:00:00,245.91,245.59,9671954.0,246.93900000000002,246.32349999999997,-0.0013418998048145092
2025-02-21 21:00:00,245.55,245.301,1504346.0,246.5962,246.3156,-0.001176758011319743
2025-02-21 22:00:00,245.3,245.3,51542.0,245.97020000000003,246.2706,-4.076624228912044e-06
2025-02-21 23:00:00,245.3,245.21,13284.0,245.46419999999998,246.2026,-0.00036689767631473054
2025-02-22 00:00:00,245.18,245.0,22739.0,245.2802,246.13360000000003,-0.0008564087924636351
2025-02-24 09:00:00,245.39,245.21,28807.0,245.2042,246.0716,0.0008571428571428896
2025-02-24 10:00:00,245.2,245.21,13671.0,245.186,245.8911,0.0
2025-02-24 11:00:00,245.22,243.8,339200.0,244.88600000000002,245.4281,-0.005750173320827032
2025-02-24 12:00:00,243.86,243.85,169178.0,244.61399999999998,245.03910000000002,0.00020508613617712448
2025-02-24 13:00:00,243.6,244.37,290029.0,244.488,244.8841,0.002132458478572935
2025-02-24 14:00:00,244.33,248.065,7380239.0,245.05900000000003,245.13160000000002,0.015120513974710452
2025-02-24 15:00:00,248.08,247.225,9076435.0,245.462,245.324,-0.0033862092596698584
2025-02-24 16:00:00,247.22,248.0,4959229.0,246.302,245.594,0.003134796238244537
2025-02-24 17:00:00,248.0,247.27,2581892.0,246.98600000000002,245.8,-0.002943548387096733
2025-02-24 18:00:00,247.27,247.98,3100007.0,247.708,246.098,0.0028713551987704917
2025-02-24 19:00:00,247.98,247.98,4424448.0,247.69099999999997,246.375,0.0
2025-02-24 20:00:00,247.965,247.23,6807237.0,247.692,246.577,-0.003024437454633438
2025-02-24 21:00:00,247.22,247.9,1949250.0,247.67199999999997,246.98700000000002,0.0027100271002710673
2025-02-24 22:00:00,247.93,247.78,61818.0,247.77399999999997,247.37999999999997,-0.0004840661557079651
2025-02-24 23:00:00,247.77,247.55,70990.0,247.68800000000002,247.698,-0.0009282427960286938
2025-02-25 00:00:00,247.6,248.09,42731.0,247.70999999999998,247.7005,0.002181377499495019
2025-02-25 09:00:00,247.76,246.55,39545.0,247.574,247.63299999999998,-0.0062074247248981905
2025-02-25 10:00:00,246.54,246.38,26062.0,247.26999999999998,247.471,-0.0006895153112959477
2025-02-25 11:00:00,246.4,247.09,32653.0,247.132,247.45300000000003,0.002881727412939394
2025-02-25 12:00:00,247.0,247.65,38763.0,247.152,247.42,0.0022663806710105723
2025-02-25 13:00:00,247.11,247.2,2153840.0,246.974,247.342,-0.0018170805572381063
2025-02-25 14:00:00,247.1415,247.825,5687760.0,247.22899999999998,247.4015,0.00252831715210356
2025-02-25 15:00:00,247.825,246.06,7408655.0,247.16499999999996,247.21749999999997,-0.00712196106123267
2025-02-25 16:00:00,246.09,249.542,6267082.0,247.65540000000001,247.3937,0.014151020076404126
2025-02-25 17:00:00,249.565,248.17,4384246.0,247.7594,247.45569999999998,-0.0054980724687628294
2025-02-25 18:00:00,248.18,248.14,2741214.0,247.94740000000002,247.4607,-0.00012088487730185413
2025-02-25 19:00:00,248.13,248.43,3490641.0,248.06839999999997,247.64870000000002,0.0011686950914806982
2025-02-25 20:00:00,248.42,247.05,5931490.0,248.26639999999998,247.71570000000003,-0.005554884675763778
2025-02-25 21:00:00,247.04,246.39,828929.0,247.63599999999997,247.64569999999998,-0.0026715239829994937
2025-02-25 22:00:00,246.39,246.497,42386.0,247.3014,247.53040000000001,0.00043427087138287975
2025-02-25 23:00:00,246.5,246.35,25908.0,246.94340000000003,247.44539999999998,-0.0005963561422655033
2025-02-26 00:00:00,246.43,246.5,31020.0,246.5574,247.31289999999998,0.0006088897909478615
2025-02-26 09:00:00,246.62,245.89,26306.0,246.3254,247.29590000000002,-0.0024746450304260186
2025-02-26 10:00:00,245.87,246.25,16811.0,246.2974,246.96670000000003,0.0014640692992802214
2025-02-26 11:00:00,246.21,245.6,16651.0,246.118,246.70970000000003,-0.0026395939086294646
2025-02-26 12:00:00,245.61,245.97,42526.0,246.042,246.4927,0.0015065146579804746
2025-02-26 13:00:00,246.22,245.5,945385.0,245.842,246.19969999999998,-0.001910802130341094
2025-02-26 14:00:00,245.48,243.41,7942370.0,245.346,245.8357,-0.008513238289205716
2025-02-26 15:00:00,243.42,242.19,5677647.0,244.53400000000002,245.41569999999996,-0.005012119469208327
2025-02-26 16:00:00,242.195,243.19,3984774.0,244.052,245.08499999999998,0.004128989636236013
2025-02-26 17:00:00,243.23,241.55,3351309.0,243.16799999999998,244.60500000000002,-0.006743698342859436
2025-02-26 18:00:00,241.55,239.65,4545163.0,241.998,243.92000000000002,-0.007865866280273259
2025-02-26 19:00:00,239.64,239.72,3050499.0,241.26,243.30299999999997,0.0002920926350928153
2025-02-26 20:00:00,239.72,240.31,5727580.0,240.88400000000001,242.70899999999997,0.00246120473886202
2025-02-26 21:00:00,240.36,239.9,995076.0,240.22600000000003,242.13899999999998,-0.0017061295826224319
2025-02-26 22:00:00,239.82,240.12,147078.0,239.94,241.554,0.0009170487703209624
2025-02-26 23:00:00,240.11,239.78,71510.0,239.96599999999998,240.98200000000003,-0.0014159586873230194
2025-02-27 00:00:00,239.79,239.6311,27806.0,239.94822,240.60411,-0.0006209859037450896
2025-02-27 09:00:00,240.12,240.91,31931.0,240.06822000000003,240.47611,0.005336953342032787
2025-02-27 10:00:00,240.91,240.38,15154.0,240.16422000000003,240.19511000000003,-0.00219999169814454
2025-02-27 11:00:00,240.4,240.34,13369.0,240.20821999999998,240.07411000000002,-0.00016640319494130978
2025-02-27 12:00:00,240.32,239.16,52875.0,240.08422000000002,240.02510999999998,-0.004909711242406619
2025-02-27 13:00:00,239.95,239.0,3998880.0,239.958,239.95311,-0.0006690081953503788
2025-02-27 14:00:00,238.95,240.58,4772733.0,239.892,239.98011000000002,0.0066108786610879185
2025-02-27 15:00:00,240.62,241.24,4514287.0,240.06400000000002,240.11410999999998,0.0027433701887106016
2025-02-27 16:00:00,241.23,240.435,3030790.0,240.083,240.14561000000003,-0.003336925882938181
2025-02-27 17:00:00,240.46,240.775,2174491.0,240.406,240.24510999999998,0.0014141036038846399
2025-02-27 18:00:00,240.82,241.61,2423350.0,240.92800000000003,240.44299999999998,0.0034679680199356574
2025-02-27 19:00:00,241.6001,239.71,3001472.0,240.754,240.323,-0.007863912917511715
2025-02-27 20:00:00,239.71,237.39,8508646.0,239.984,240.02399999999997,-0.009678361353301997
2025-02-27 21:00:00,237.3,237.312,769354.0,239.3594,239.7212,-0.0003285732339187604
2025-02-27 22:00:00,237.36,236.8283,26945.0,238.57006,239.48802999999998,-0.0020382450107874817
2025-02-27 23:00:00,236.98,237.7,48878.0,237.78806,239.35803,0.0036807256565198317
2025-02-28 00:00:00,238.0,237.3,17159.0,237.30605999999997,239.03002999999998,-0.0016827934371054997
2025-02-28 09:00:00,237.19,237.54,16483.0,237.33606,238.66003,0.0010113780025283634
2025-02-28 10:00:00,237.52,237.46,11572.0,237.36566,238.36252999999996,-0.0003367853835142885
2025-02-28 11:00:00,237.47,238.19,21856.0,237.638,238.10403000000002,0.0030742019708582067
2025-02-28 12:00:00,238.2,237.4,45218.0,237.57800000000003,237.68303,-0.003316679961375339
2025-02-28 13:00:00,237.53,236.76,185868.0,237.47000000000003,237.38803000000001,-0.002695871946082623
2025-02-28 14:00:00,236.81,236.74,6420714.0,237.31,237.32303000000002,-8.447372867030669e-05
2025-02-28 15:00:00,236.745,237.47,4978942.0,237.31199999999998,237.33882999999997,0.0030835515755680905
2025-02-28 16:00:00,237.485,237.09,3253390.0,237.092,237.365,-0.0016002021307954498
2025-02-28 17:00:00,237.09,237.37,2902152.0,237.086,237.33199999999997,0.0011809861234130547
2025-02-28 18:00:00,237.3896,237.04,3272471.0,237.142,237.30600000000004,-0.0013902346547584466
2025-02-28 19:00:00,237.06,238.87,3458989.0,237.56800000000004,237.43900000000002,0.007720215997300087
2025-02-28 20:00:00,238.85,241.84,10181879.0,238.442,237.877,0.012433541256750528
2025-02-28 21:00:00,241.84,241.17,3925055.0,239.25799999999998,238.175,-0.002770426728415547
2025-02-28 22:00:00,241.17,242.09,245829.0,240.202,238.644,0.0038147364929303645
2025-02-28 23:00:00,242.03,242.0001,32823.0,241.19402,239.16800999999995,-0.00037134949812053406
2025-03-01 00:00:00,242.0,241.8981,21225.0,241.79964,239.68382000000003,-0.00042148742913744196
2025-03-03 09:00:00,241.62,241.5,46627.0,241.73163999999997,240.08682,-0.0016457342988638582
2025-03-03 10:00:00,241.52,241.49,21817.0,241.79564,240.52682,-4.140786749478636e-05
2025-03-03 11:00:00,241.5,241.5,25723.0,241.67763999999997,240.93982,4.140958217727817e-05
2025-03-03 12:00:00,241.46,241.51,92050.0,241.57961999999998,241.38682,4.140786749478636e-05
2025-03-03 13:00:00,241.61,241.4394,1534464.0,241.48788,241.64376,-0.0002923274398574994
2025-03-03 14:00:00,241.49,240.82,5579899.0,241.35188,241.54176,-0.002565447064563667
2025-03-03 15:00:00,240.84,241.2,5078665.0,241.29388,241.54476,0.0015779420313927226
2025-03-03 16:00:00,241.23,241.815,3209644.0,241.35688,241.51726,0.0025497512437811323
2025-03-03 17:00:00,241.81,242.33,2510430.0,241.52087999999998,241.55024999999995,0.00212972727084761
2025-03-03 18:00:00,242.31,241.32,3802571.0,241.497,241.49244,-0.004167870259563485
2025-03-03 19:00:00,241.31,240.29,3501935.0,241.391,241.37143999999998,-0.004268191612796292
2025-03-03 20:00:00,240.295,238.14,9637063.0,240.779,241.03644,-0.008947521744558682
2025-03-03 21:00:00,238.03,239.15,1397036.0,240.246,240.80144,0.004241202653901148
2025-03-03 22:00:00,239.22,238.58,109496.0,239.496,240.50843999999998,-0.002383441354798215
2025-03-03 23:00:00,238.69,238.14,54737.0,238.85999999999999,240.17850000000004,-0.0018442451169420157
2025-03-04 00:00:00,238.23,240.33,51223.0,238.86800000000002,240.1295,0.009196271101033117
2025-03-04 09:00:00,238.85,238.45,40961.0,238.93,239.8545,-0.007822577289560286
2025-03-04 10:00:00,238.15,238.33,28147.0,238.766,239.506,-0.000503250157265574
2025-03-04 11:00:00,238.39,238.55,18242.0,238.76,239.12800000000001,0.0009230898334242389
2025-03-04 12:00:00,238.39,237.36,115160.0,238.60399999999998,238.73200000000003,-0.00498847201844476
2025-03-04 13:00:00,238.28,237.66,387695.0,238.07,238.469,0.001263902932254731
2025-03-04 14:00:00,237.69,236.63,7240893.0,237.706,238.31800000000004,-0.004333922410165788
2025-03-04 15:00:00,236.61,239.09,8061279.0,237.858,238.31199999999998,0.010395976841482517
2025-03-04 16:00:00,239.09,239.08,5737797.0,237.964,238.36200000000002,-4.1825254088380544e-05
2025-03-04 17:00:00,239.14,236.58,4246302.0,237.808,238.206,-0.010456750878367073
2025-03-04 18:00:00,236.605,237.89,3644126.0,237.85399999999998,237.962,0.005537238988925411
2025-03-04 19:00:00,237.89,238.31,3484935.0,238.19,237.948,0.0017655218798605066
2025-03-04 20:00:00,238.31,236.07,8972955.0,237.586,237.72200000000004,-0.009399521631488435
2025-03-04 21:00:00,235.93,236.9,878167.0,237.15,237.55700000000002,0.0035159062989791696
2025-03-04 22:00:00,236.9999,237.4898,50059.0,237.33195999999998,237.56998,0.0024896580835795557
2025-03-04 23:00:00,237.49,238.0,52070.0,237.35396,237.60398,0.0021483027902671928
2025-03-05 00:00:00,237.964,237.6301,33667.0,237.21797999999998,237.70398999999998,-0.001554201680672274
2025-03-05 09:00:00,237.76,237.55,26870.0,237.51398,237.54999000000004,-0.0003370785098351909
2025-03-05 10:00:00,237.58,236.97,18215.0,237.52797999999999,237.33898999999997,-0.002441591243948695
2025-03-05 11:00:00,236.96,236.62,19032.0,237.35402,237.34299000000001,-0.0014769802084651825
2025-03-05 12:00:00,236.72,236.45,17758.0,237.04402,237.19899,-0.0007184515256530129
2025-03-05 13:00:00,236.75,236.2801,428040.0,236.77402,236.996,-0.000718545146965465
2025-03-05 14:00:00,236.29,231.77,6391723.0,235.61801999999997,236.56599999999997,-0.019087938425622786
2025-03-05 15:00:00,231.83,232.57,6725522.0,234.73802,236.13299999999998,0.0034516978038571984
2025-03-05 16:00:00,232.565,232.2,5932336.0,233.85402,235.60402,-0.0015909188631379996
2025-03-05 17:00:00,232.2,234.945,4466469.0,233.55302,235.29852,0.01182170542635661
2025-03-05 18:00:00,234.945,235.82,3206287.0,233.461,235.11750999999998,0.003724275894358254
2025-03-05 19:00:00,235.835,235.49,2708369.0,234.20499999999998,234.91151,-0.0013993724026799426
2025-03-05 20:00:00,235.47,235.82,5726241.0,234.85500000000002,234.79651000000004,0.0014013333899527967
2025-03-05 21:00:00,235.74,236.03,2185213.0,235.621,234.73751,0.0008905097107964039
2025-03-05 22:00:00,236.03,236.1,27844.0,235.852,234.70251,0.00029657246960129296
2025-03-05 23:00:00,236.1,235.74,26763.0,235.836,234.6485,-0.0015247776365946008
2025-03-06 00:00:00,235.74,235.7823,9756.0,235.89445999999998,235.04973,0.0001794349707303942
2025-03-06 09:00:00,234.88,234.51,24571.0,235.63245999999998,235.24373,-0.005396079349467714
2025-03-06 10:00:00,234.44,234.25,16869.0,235.27646,235.44873,-0.0011086947251715956
2025-03-06 11:00:00,234.24,234.37,22857.0,234.93045999999998,235.39123,0.0005122732123799554
2025-03-06 12:00:00,234.34,234.23,30538.0,234.62846,235.23223000000002,-0.0005973460767163663
2025-03-06 13:00:00,234.46,233.99,182550.0,234.26999999999998,235.08222999999998,-0.0010246339068436183
2025-03-06 14:00:00,233.7935,235.375,5678399.0,234.44299999999998,235.03772999999995,0.0059190563699303
2025-03-06 15:00:00,235.31,236.95,5230152.0,234.983,235.12973000000002,0.006691449814126346
2025-03-06 16:00:00,236.98,234.935,4000175.0,235.096,235.01323000000002,-0.008503903777168122
2025-03-06 17:00:00,234.95,235.04,4205043.0,235.25799999999998,234.94323,0.00044693213016361874
2025-03-06 18:00:00,235.03,234.28,3812964.0,235.31599999999997,234.79299999999998,-0.0032334921715452304
2025-03-06 19:00:00,234.29,234.41,5032170.0,235.123,234.783,0.0005548915827215104
2025-03-06 20:00:00,234.43,235.32,6662244.0,234.79699999999997,234.88999999999996,0.003882086941683361
2025-03-06 21:00:00,235.33,235.333,1258125.0,234.8766,234.98629999999997,5.524392316847369e-05
2025-03-06 22:00:00,235.33,234.75,65441.0,234.8186,235.0383,-0.002477340619462627
2025-03-06 23:00:00,234.68,234.77,16173.0,234.91660000000002,235.1163,8.519701810440993e-05
2025-03-07 00:00:00,234.78,234.98,21963.0,235.0306,235.0768,0.0008944924820035759
2025-03-07 09:00:00,234.37,234.56,19745.0,234.8786,234.83779999999996,-0.0017873861605242469
2025-03-07 10:00:00,234.56,234.79,7521.0,234.76999999999998,234.82329999999996,0.0009805593451568458
2025-03-07 11:00:00,234.6,234.7,11739.0,234.76,234.7893,-0.00038332126581201676
2025-03-07 12:00:00,234.69,234.55,24460.0,234.71599999999998,234.8163,-0.0006391137622495836
2025-03-07 13:00:00,234.68,234.4,293498.0,234.6,234.81529999999998,-0.0006395224898742514
2025-03-07 14:00:00,234.51,238.335,5367391.0,235.35500000000002,235.1168,0.01678754266211605
2025-03-07 15:00:00,238.34,238.915,6464578.0,236.18,235.475,0.0024335494157382846
2025-03-07 16:00:00,238.91,239.2106,6364706.0,237.08211999999997,235.92105999999998,0.0012372601134294935
2025-03-07 17:00:00,239.225,240.03,6127375.0,238.17812000000004,236.44706000000002,0.0034254334883153242
2025-03-07 18:00:00,240.05,239.43,4820722.0,239.18411999999998,236.89206,-0.002499687539057594
2025-03-07 19:00:00,239.445,239.22,3630377.0,239.36111999999997,237.35806000000002,-0.0008770830722967379
2025-03-07 20:00:00,239.21,239.03,6498571.0,239.38412,237.78206,-0.0007942479725775342
2025-03-07 21:00:00,239.07,238.58,479115.0,239.25799999999998,238.17006,-0.001882608877546704
2025-03-07 22:00:00,238.66,238.4347,30003.0,238.93894,238.55853000000002,-0.0006090200352084005
2025-03-07 23:00:00,238.5,238.53,20204.0,238.75894,238.97153000000003,0.00039969014577160466
2025-03-08 00:00:00,238.56,238.65,5164.0,238.64494,239.00303,0.0005030813734121684
2025-03-10 08:00:00,237.49,236.0,61834.0,238.03894,238.71152999999998,-0.011104127383197174
2025-03-10 09:00:00,236.01,236.15,61803.0,237.55293999999998,238.40547,0.0006355932203390072
2025-03-10 10:00:00,236.19,235.8,36915.0,237.026,237.98247,-0.0014821088291340008
2025-03-10 11:00:00,235.97,235.42,50835.0,236.404,237.58147000000002,-0.00161153519932156
2025-03-10 12:00:00,236.0,236.42,363256.0,235.958,237.30146999999997,0.004247727465805794
2025-03-10 13:00:00,236.5092,230.19,9868547.0,234.796,236.41747,-0.026351408510278278
2025-03-10 14:00:00,230.18,226.19,11695171.0,232.804,235.17846999999998,-0.017376949476519396
2025-03-10 15:00:00,226.1759,226.59,8165490.0,230.962,233.994,0.0017684247756311318
2025-03-10 16:00:00,226.58,225.55,6160716.0,228.988,232.696,-0.004589787722317808
2025-03-10 17:00:00,225.52,225.86,5156820.0,226.87600000000003,231.417,0.0013744180891155054
2025-03-10 18:00:00,225.855,225.28,5574816.0,225.894,230.34500000000003,-0.00256796245461796
2025-03-10 19:00:00,225.29,227.541,12183803.0,226.1642,229.48409999999998,0.010036399147727254
2025-03-10 20:00:00,227.48,226.72,1121121.0,226.1902,228.5761,-0.0036081409504221127
2025-03-10 21:00:00,226.78,225.86,83029.0,226.2522,227.6201,-0.0037932251235002876
2025-03-10 22:00:00,225.98,226.0,111664.0,226.2802,226.5781,0.00061985300628702
2025-03-10 23:00:00,226.0,225.26,121196.0,226.27620000000002,226.0851,-0.003274336283185881
2025-03-11 08:00:00,225.84,227.3,86332.0,226.22799999999998,226.19610000000003,0.009056201722454145
2025-03-11 09:00:00,227.27,227.16,52616.0,226.31599999999997,226.2531,-0.0006159260888694007
2025-03-11 10:00:00,227.16,226.67,40095.0,226.478,226.36509999999998,-0.00215706990667375
2025-03-11 11:00:00,226.65,226.63,37988.0,226.60399999999998,226.44209999999998,-0.00017646799311771318
2025-03-11 12:00:00,226.33,225.49,898668.0,226.65,226.4631,-0.005030225477650736
2025-03-11 13:00:00,227.48,222.0524,9567003.0,225.60048,225.91424,-0.015245021952193016
2025-03-11 14:00:00,222.02,221.055,11031167.0,224.37948,225.34774,-0.004491732582039189
2025-03-11 15:00:00,221.055,221.1398,6774992.0,223.27344,224.87572,0.00038361493745900935
2025-03-11 16:00:00,221.1,219.0,8722403.0,221.74744,224.17572,-0.009676231958245454
2025-03-11 17:00:00,218.97,218.29,7048291.0,220.30743999999999,223.47872,-0.0032420091324201275
2025-03-11 18:00:00,218.3,222.165,6759267.0,220.32996000000003,222.96522,0.017751614824316277
2025-03-11 19:00:00,222.18,220.73,10159918.0,220.26495999999997,222.32222000000002,-0.006459163234532903
2025-03-11 20:00:00,220.84,220.27,1852069.0,220.09099999999998,221.68222,-0.002083994019843155
2025-03-11 21:00:00,220.39,220.3426,33818.0,220.35952000000003,221.05347999999998,0.0003295954964361657
2025-03-11 22:00:00,220.56,221.2,29915.0,220.94152,220.62448,0.003891213047318059
2025-03-11 23:00:00,221.21,221.0623,28313.0,220.72098,220.52546999999998,-0.0006225135623869587
2025-03-12 08:00:00,219.8,220.59,38960.0,220.69297999999998,220.47896999999998,-0.0021365017915763564
2025-03-12 09:00:00,220.66,220.3,26042.0,220.69897999999998,220.39499,-0.0013146561494174352
2025-03-12 10:00:00,220.16,220.18,42123.0,220.66646,220.51299,-0.0005447117566954359
2025-03-12 11:00:00,220.27,220.45,48016.0,220.51646,220.72899,0.0012262694159323362
2025-03-12 12:00:00,220.24,221.75,471123.0,220.654,220.68749000000003,0.005897028804717675
2025-03-12 13:00:00,221.76,221.41,8386663.0,220.81800000000004,220.75549,-0.0015332581736189556
2025-03-12 14:00:00,221.39,216.1,10122344.0,219.97799999999998,220.33849,-0.02398265660990923
2025-03-12 15:00:00,216.125,217.78,8623560.0,219.498,220.08222999999998,0.007774178621008824
2025-03-12 16:00:00,217.78,217.245,5228726.0,218.85699999999997,219.68672999999998,-0.002456607585636866
2025-03-12 17:00:00,217.27,216.11,4921223.0,217.72899999999998,219.1915,-0.005224516099334811
2025-03-12 18:00:00,216.095,216.43,4600446.0,216.733,218.77550000000002,0.0014807274073388235
2025-03-12 19:00:00,216.42,216.94,10945342.0,216.901,218.4395,0.0023564200896363297
2025-03-12 20:00:00,216.98,217.12,1607016.0,216.769,218.1335,0.0008297225039181655
2025-03-12 21:00:00,217.01,217.15,93497.0,216.75,217.80350000000004,0.00013817243920413198
2025-03-12 22:00:00,217.12,217.0095,40989.0,216.9299,217.32945,-0.0006470181901911257
2025-03-12 23:00:00,217.1993,217.41,44890.0,217.1259,216.92945,0.0018455413242277128
2025-03-13 08:00:00,216.0,215.93,43278.0,216.9239,216.91244999999998,-0.006807414562347591
2025-03-13 09:00:00,215.93,216.98,37435.0,216.89589999999998,216.83244999999997,0.004862686981892201
2025-03-13 10:00:00,216.94,216.3,25339.0,216.7259,216.73795,-0.003133929394414132
2025-03-13 11:00:00,216.39,216.07,71232.0,216.538,216.73395,-0.0010633379565419241
2025-03-13 12:00:00,215.84,216.0,200435.0,216.256,216.69095000000002,-0.0003239690840930864
2025-03-13 13:00:00,215.98,215.265,6870423.0,216.123,216.52345,-0.003402777777777841
2025-03-13 14:00:00,215.275,214.225,7734360.0,215.57199999999997,216.23395,-0.004831254500267076
2025-03-13 15:00:00,214.24,212.0757,6510609.0,214.72714000000002,215.72652,-0.010032909324308472
2025-03-13 16:00:00,212.08,211.49,7261938.0,213.81113999999997,215.17457,-0.0027617496959812123
2025-03-13 17:00:00,211.49,211.115,5154100.0,212.83414,214.54506999999998,-0.0017731334814884863
2025-03-13 18:00:00,211.1,211.92,5386919.0,212.16513999999998,214.14407,0.003813087653648383
2025-03-13 19:00:00,211.91,209.71,12634464.0,211.26214,213.41707000000002,-0.010428463571158833
2025-03-13 20:00:00,209.7197,209.8491,1307598.0,210.81682,212.77197999999999,0.0006632969338609742
2025-03-13 21:00:00,209.849,209.9,54567.0,210.49881999999997,212.15498000000002,0.00024255524565038795
2025-03-13 22:00:00,209.94,210.56,84646.0,210.38782,211.61098,0.0031443544545021276
2025-03-13 23:00:00,210.5,210.2,38706.0,210.04382,211.10448000000002,-0.0017097264437690618
2025-03-14 08:00:00,210.72,210.81,26360.0,210.26381999999998,210.76298000000003,0.0029019980970504933
2025-03-14 09:00:00,210.78,210.49,34791.0,210.392,210.60441,-0.0015179545562354403
2025-03-14 10:00:00,210.62,210.82,32834.0,210.57599999999996,210.53741,0.0015677704404008935
2025-03-14 11:00:00,210.82,210.94,63075.0,210.652,210.51990999999998,0.0005692059576890454
2025-03-14 12:00:00,210.83,211.3025,783557.0,210.8725,210.45816,0.0017184981511330776
2025-03-14 13:00:00,211.3949,212.49,7566100.0,211.20850000000002,210.73616,0.005619905112338945
2025-03-14 14:00:00,212.44,211.74,10021078.0,211.45850000000002,210.92525,-0.0035295778624876463
2025-03-14 15:00:00,211.7625,213.28,6795240.0,211.9505,211.26325000000003,0.007273070747142684
2025-03-14 16:00:00,213.28,212.88,3819847.0,212.3385,211.49525,-0.0018754688672168308
2025-03-14 17:00:00,212.87,212.4,3871945.0,212.558,211.71525000000003,-0.0022547914317925114
2025-03-14 18:00:00,212.385,212.61,6236294.0,212.58200000000002,211.89524999999998,0.0009887005649717889
2025-03-14 19:00:00,212.61,213.38,8769291.0,212.91,212.18424999999996,0.0036216546728751317
2025-03-14 20:00:00,213.49,213.2699,1665528.0,212.90798,212.42924,-0.0005159808791826251
2025-03-14 21:00:00,213.24,213.18,21937.0,212.96797999999998,212.65324,-0.00042153158978365014
2025-03-14 22:00:00,213.28,213.261,16910.0,213.14018000000002,212.84909,0.0003799605966788107
2025-03-14 23:00:00,213.28,213.29,26971.0,213.27617999999998,212.92909,0.00013598360694171163
2025-03-17 08:00:00,212.86,212.55,38032.0,213.11017999999999,213.01009,-0.0034694547329925485
2025-03-17 09:00:00,212.49,212.37,15907.0,212.9302,212.91909,-0.0008468595624559248
2025-03-17 10:00:00,212.37,212.73,24989.0,212.8402,212.90409,0.0016951546828647417
2025-03-17 11:00:00,212.77,212.79,51915.0,212.746,212.94308999999998,0.0002820476660555741
2025-03-17 12:00:00,212.94,213.82,771695.0,212.852,213.06409,0.00484045302880775
2025-03-17 13:00:00,213.75,213.72,5721182.0,213.086,213.09809,-0.00046768309793281414
2025-03-17 14:00:00,213.73,211.39,5801771.0,212.89000000000001,212.9101,-0.010902114916713515
2025-03-17 15:00:00,211.39,210.915,5402949.0,212.527,212.68359999999998,-0.002247031553053571
2025-03-17 16:00:00,210.9157,211.5662,3398437.0,212.28224,212.51412,0.0030874997036721766
2025-03-17 17:00:00,211.55,213.665,3756292.0,212.25124,212.55162,0.00992029917822404
2025-03-17 18:00:00,213.66,214.55,3901968.0,212.41724,212.75162,0.0041419979875038935
2025-03-17 19:00:00,214.541,214.15,8763063.0,212.96923999999999,212.92961999999997,-0.001864367280354256
2025-03-17 20:00:00,214.0,213.99,692693.0,213.58424,213.05562,-0.0007471398552416371
2025-03-17 21:00:00,213.95,213.78,26988.0,214.027,213.15461999999997,-0.000981354268891107
2025-03-17 22:00:00,213.8096,214.0,16320.0,214.094,213.17262,0.0010290953316493539
2025-03-17 23:00:00,214.02,213.93,12531.0,213.96999999999997,213.19362,-0.0003271028037382859
2025-03-18 08:00:00,213.73,213.72,12799.0,213.88400000000001,213.42662,-0.000981629504978301
2025-03-18 09:00:00,213.82,213.64,7123.0,213.814,213.69912,-0.0003743215422048124
2025-03-18 10:00:00,213.65,213.91,41135.0,213.84,213.9335,0.0012638082756038676
2025-03-18 11:00:00,213.87,213.95,43307.0,213.83,213.962,0.0001869945304099483
2025-03-18 12:00:00,213.88,213.42,123465.0,213.72799999999998,213.849,-0.00247721430240711
2025-03-18 13:00:00,213.42,214.43,6068328.0,213.86999999999998,213.877,0.004732452441195855
2025-03-18 14:00:00,214.42,213.715,6076794.0,213.885,213.84949999999998,-0.0033344214895303986
2025-03-18 15:00:00,213.7047,213.345,3837306.0,213.772,213.80599999999998,-0.0017312776361041787
2025-03-18 16:00:00,213.315,212.205,4167825.0,213.423,213.6265,-0.005343457779652611
2025-03-18 17:00:00,212.195,211.86,3579248.0,213.11100000000002,213.41950000000003,-0.0016257863858061725
2025-03-18 18:00:00,211.85,212.215,3049779.0,212.66800000000003,213.269,0.0016756348532048983
2025-03-18 19:00:00,212.215,212.79,5980029.0,212.483,213.18400000000003,0.0027095162924392177
2025-03-18 20:00:00,212.69,212.86,1924526.0,212.38600000000002,213.079,0.00032896282720062785
2025-03-18 21:00:00,212.92,212.7835,11744.0,212.50170000000003,212.96235000000001,-0.00035939114911213944
2025-03-18 22:00:00,212.88,212.83,18145.0,212.69570000000004,212.90335,0.00021853198203812264
2025-03-18 23:00:00,212.75,213.0,19806.0,212.8527,212.76035000000002,0.0007987595733683573
2025-03-19 08:00:00,213.58,213.0,14596.0,212.8947,212.68885,0.0
2025-03-19 09:00:00,213.0,213.31,4189.0,212.98470000000003,212.68535000000003,0.0014553990610328745
2025-03-19 10:00:00,213.33,213.29,8646.0,213.086,212.79385000000002,-9.376025502794165e-05
2025-03-19 11:00:00,213.26,213.24,12881.0,213.16799999999998,212.93185,-0.0002344226170940173
2025-03-19 12:00:00,213.26,213.29,61854.0,213.22600000000003,213.03935,0.00023447758394289507
2025-03-19 13:00:00,213.29,217.155,6547465.0,214.05700000000002,213.47584999999998,0.01812086830137376
2025-03-19 14:00:00,217.18,215.55,7606277.0,214.50500000000002,213.74484999999999,-0.007391034054016669
2025-03-19 15:00:00,215.51,216.269,4137311.0,215.1008,214.09339999999997,0.0033356529807468988
2025-03-19 16:00:00,216.24,214.9573,2956523.0,215.44425999999999,214.30613,-0.006065131849687204
2025-03-19 17:00:00,214.97,214.07,2822037.0,215.60026,214.41313,-0.004127796543778743
2025-03-19 18:00:00,213.98,215.5888,5881931.0,215.28702000000004,214.67201,0.007094875508011393
2025-03-19 19:00:00,215.57,215.3,8234098.0,215.23701999999997,214.87101,-0.0013395872141780123
2025-03-19 20:00:00,215.24,215.3301,2189019.0,215.04924,215.07502,0.00013980492336263832
2025-03-19 21:00:00,215.33,215.5,18658.0,215.15778,215.30102000000002,0.0007890211354567364
2025-03-19 22:00:00,215.47,215.8,21582.0,215.50378,215.55202,0.0013921113689095656
2025-03-19 23:00:00,215.837,216.15,27534.0,215.61602000000002,215.45152,0.0016218721037997883
2025-03-20 08:00:00,216.24,216.05,30734.0,215.76602000000003,215.50151999999997,-0.0004626416840157035
2025-03-20 09:00:00,215.93,215.41,10362.0,215.782,215.41562,-0.002962277250636495
2025-03-20 10:00:00,215.5,214.41,64059.0,215.56400000000002,215.36089,-0.004642310013462699
2025-03-20 11:00:00,214.44,214.86,37356.0,215.37600000000003,215.43989000000002,0.002098782706030582
2025-03-20 12:00:00,214.34,214.74,149399.0,215.094,215.35501,-0.0005585032113934866
2025-03-20 13:00:00,214.67,215.49,3987358.0,214.98200000000003,215.37401,0.003492595697122101
2025-03-20 14:00:00,215.485,216.145,5723160.0,215.129,215.45549999999997,0.0030395842034433205
2025-03-20 15:00:00,216.17,215.5963,3451532.0,215.36626,215.46513,-0.0025385736426935465
2025-03-20 16:00:00,215.589,213.54,6256864.0,215.10226000000003,215.23913000000002,-0.009537733254234982
2025-03-20 17:00:00,213.53,213.4,3274026.0,214.83426,214.96412999999998,-0.0006556148730916285
2025-03-20 18:00:00,213.43,212.3694,4271225.0,214.21014,214.59607,-0.0048294283036550735
2025-03-20 19:00:00,212.35,214.15,7370196.0,213.81114000000002,214.47007000000002,0.008384447100194248
2025-03-20 20:00:00,214.1,214.0603,959925.0,213.50394,214.4351,-0.0004188652813448212
2025-03-20 21:00:00,214.06,213.91,14063.0,213.57794000000004,214.34009999999998,-0.00070213860300119
2025-03-20 22:00:00,213.8523,213.8799,17797.0,213.67392,214.25409,-0.00014071338413353492
2025-03-20 23:00:00,213.85,213.7,17756.0,213.94004,214.07509,-0.0008411262582412069
2025-03-21 08:00:00,213.9,213.14,12401.0,213.73804,213.77459,-0.002620496022461405
2025-03-21 09:00:00,213.25,213.65,8255.0,213.65598,213.57995999999997,0.002392793469081446
2025-03-21 10:00:00,213.65,212.0,89250.0,213.27398,213.42595999999998,-0.007722911303533844
2025-03-21 11:00:00,212.0,212.1,78717.0,212.91799999999998,213.29596,0.00047169811320752034
2025-03-21 12:00:00,212.03,210.7447,405982.0,212.32694,213.13349,-0.006389910419613389
2025-03-21 13:00:00,210.7532,214.12,18183175.0,212.52294,213.13049,0.016016061139378642
2025-03-21 14:00:00,214.16,214.46,5116266.0,212.68494,213.17046,0.0015878946385204718
2025-03-21 15:00:00,214.47,213.2602,5795425.0,212.93698,213.10548,-0.005594516459945959
2025-03-21 16:00:00,213.25,215.43,4293323.0,213.60298000000003,213.26048999999998,0.010174425420214411
2025-03-21 17:00:00,215.425,214.29,2765793.0,214.31204000000002,213.31949,-0.005291742097201016
2025-03-21 18:00:00,214.28,215.17,3555258.0,214.52203999999998,213.52249,0.004106584534975946
2025-03-21 19:00:00,215.17,218.36,12348935.0,215.30203999999998,213.99348999999998,0.014825486824371549
2025-03-21 20:00:00,218.2,217.82,10982850.0,216.214,214.57549,-0.0024729803993406322
2025-03-21 21:00:00,217.75,217.6,155997.0,216.648,215.12548999999999,-0.0010100082637039705
2025-03-21 22:00:00,217.6,217.78,15529.0,217.346,215.82901999999999,0.0008272058823529725
2025-03-21 23:00:00,217.7053,217.8799,37028.0,217.88797999999997,216.20501,0.00045871980898149964
2025-03-24 08:00:00,219.8,220.39,81511.0,218.29398,216.79800999999998,0.01152056706469938
2025-03-24 09:00:00,220.43,220.53,73930.0,218.83598,217.52498999999997,0.0006352375334634729
2025-03-24 10:00:00,220.6,220.15,70554.0,219.34598,217.99699,-0.001723121570761327
2025-03-24 11:00:00,220.15,220.19,93120.0,219.82798000000003,218.58698999999996,0.000181694299341322
2025-03-24 12:00:00,219.9,220.5,162915.0,220.352,219.11999,0.0014078750170307564
2025-03-24 13:00:00,220.5,220.2101,6229262.0,220.31602000000004,219.305,-0.0013147392290248922
2025-03-24 14:00:00,220.2065,219.73,4651354.0,220.15601999999998,219.496,-0.0021801906452066527
2025-03-24 15:00:00,219.73,219.79,4278095.0,220.08401999999995,219.715,0.0002730623947572124
2025-03-24 16:00:00,219.79,219.29,2955089.0,219.90402,219.86599999999999,-0.0022748987670048685
2025-03-24 17:00:00,219.29,219.57,2985179.0,219.71801999999997,220.03501,0.001276848009485162
2025-03-24 18:00:00,219.59,220.125,3247517.0,219.70099999999996,220.00851000000003,0.0025276677141686335
2025-03-24 19:00:00,220.1332,220.43,8157649.0,219.84099999999998,219.99850999999998,0.0013855763770585204
2025-03-24 20:00:00,220.73,220.72,1207059.0,220.027,220.05551,0.0013156103978586946
2025-03-24 21:00:00,220.73,220.76,22504.0,220.321,220.11251000000001,0.00018122508155125064
2025-03-24 22:00:00,220.76,220.71,28854.0,220.54899999999998,220.13350999999997,-0.00022649030621481678
2025-03-24 23:00:00,220.79,220.74,18482.0,220.67199999999997,220.18649999999997,0.00013592496941688704
2025-03-25 08:00:00,220.5,220.21,18631.0,220.62800000000001,220.23449999999997,-0.00240101476850594
2025-03-25 09:00:00,220.21,220.39,26809.0,220.56199999999998,220.29450000000003,0.0008174015712273666
2025-03-25 10:00:00,220.46,220.74,19149.0,220.558,220.4395,0.0015880938336586177
2025-03-25 11:00:00,220.75,220.84,36069.0,220.584,220.5665,0.00045302165443505623
2025-03-25 12:00:00,220.75,221.3,117230.0,220.696,220.68400000000003,0.0020829559862344136
2025-03-25 13:00:00,221.3034,222.66,4689727.0,221.18599999999998,220.907,0.0061455038409398335
2025-03-25 14:00:00,222.66,223.678,5835491.0,221.8436,221.20280000000002,0.00457199317344831
2025-03-25 15:00:00,223.685,223.5369,2705695.0,222.40298,221.48049,-0.0006308175144627297
2025-03-25 16:00:00,223.54,223.1,2109851.0,222.85498,221.71949,-0.0019544871562592507
2025-03-25 17:00:00,223.11,222.985,2290676.0,223.19198,221.94398999999999,-0.0005154639175256866
2025-03-25 18:00:00,222.97,222.8029,2983741.0,223.22056000000003,222.20328,-0.0008166468596543251
2025-03-25 19:00:00,222.8,223.73,6216350.0,223.23096,222.53728,0.004161076898011632
2025-03-25 20:00:00,223.75,223.74,665308.0,223.27158,222.83728000000002,4.4696732668928294e-05
2025-03-25 21:00:00,223.75,223.9005,54974.0,223.43168,223.14332999999996,0.00071735049611149
2025-03-25 22:00:00,223.9741,224.0116,26748.0,223.637,223.41448999999997,0.0004962025542595631
2025-03-25 23:00:00,224.0899,224.18,9866.0,223.91242000000003,223.56649000000002,0.0007517467845416025
2025-03-26 08:00:00,223.94,223.84,20107.0,223.93442,223.58269,-0.001516638415558941
2025-03-26 09:00:00,223.85,223.7,8674.0,223.92642,223.599,-0.000625446747676978
2025-03-26 10:00:00,223.7,224.26,7910.0,223.99832,223.715,0.0025033527045149858
2025-03-26 11:00:00,224.24,224.27,15961.0,224.05,223.8435,4.459109961660273e-05
2025-03-26 12:00:00,224.2,224.53,84498.0,224.11999999999998,224.01621,0.0011593168948142458
2025-03-26 13:00:00,224.5,224.3,5000294.0,224.212,224.07321000000002,-0.0010243620006234791
2025-03-26 14:00:00,224.315,223.65,4942211.0,224.202,224.06421,-0.002897904592064225
2025-03-26 15:00:00,223.645,222.695,3108852.0,223.88900000000004,223.94366,-0.004270064833445171
2025-03-26 16:00:00,222.69,222.8054,2614924.0,223.59608000000003,223.82304,0.0004957453018702643
2025-03-26 17:00:00,222.8,221.6697,2903599.0,223.02402,223.57201,-0.005097273225873277
2025-03-26 18:00:00,221.68,221.575,2064666.0,222.47902,223.34551000000002,-0.0004272121990511889
2025-03-26 19:00:00,221.57,221.39,6122443.0,222.02702,223.11450999999997,-0.0008349317386889418
2025-03-26 20:00:00,221.53,221.31,691218.0,221.75002,222.81950999999998,-0.0003613532679885455
2025-03-26 21:00:00,221.3217,221.0902,12875.0,221.40698000000003,222.50153,-0.0009931769915502789
2025-03-26 22:00:00,221.14,220.6957,31841.0,221.21218,222.1181,-0.001784339604378765
2025-03-26 23:00:00,220.65,221.53,41184.0,221.20317999999997,221.8411,0.00378031832971831
2025-03-27 08:00:00,221.0,221.2,34651.0,221.16518000000002,221.59609999999998,-0.0014896402293143706
2025-03-27 09:00:00,221.3,221.14,7452.0,221.13118,221.4406,-0.0002712477396021803
2025-03-27 10:00:00,221.27,220.6,5482.0,221.03314,221.22006000000002,-0.0024418920141086736
2025-03-27 11:00:00,220.64,221.47,22264.0,221.18800000000002,221.20009,0.003943789664551244
2025-03-27 12:00:00,220.66,221.66,60060.0,221.214,221.20859000000002,0.0008579040050571081
2025-03-27 13:00:00,221.64,221.555,3642495.0,221.285,221.22509,-0.00047369845709640786
2025-03-27 14:00:00,221.58,222.485,3461601.0,221.554,221.34259000000003,0.004197603303920051
2025-03-27 15:00:00,222.485,223.0,3613271.0,222.03400000000002,221.53357,0.0023147627929972193
2025-03-27 16:00:00,223.005,222.89,2577303.0,222.31799999999998,221.753,-0.000493273542600958
2025-03-27 17:00:00,222.905,223.32,3313720.0,222.65,221.93199999999996,0.0019292027457490548
2025-03-27 18:00:00,223.32,224.106,4126443.0,223.16019999999997,222.2226,0.0035196131112305274
2025-03-27 19:00:00,224.095,223.93,7177259.0,223.44920000000002,222.5016,-0.0007853426503529032
2025-03-27 20:00:00,223.85,223.6,604011.0,223.5692,222.8016,-0.001473674809092183
2025-03-27 21:00:00,223.6,223.52,7356.0,223.69520000000003,223.00660000000002,-0.00035778175313051915
2025-03-27 22:00:00,223.47,223.5,11020.0,223.7312,223.1906,-8.947745168222187e-05
2025-03-27 23:00:00,223.37,223.46,16874.0,223.602,223.38109999999998,-0.00017897091722591518
2025-03-28 08:00:00,222.0,222.25,30892.0,223.266,223.3576,-0.005414839344849226
2025-03-28 09:00:00,222.12,222.03,13234.0,222.952,223.2606,-0.0009898762654668115
2025-03-28 10:00:00,222.1,222.39,18848.0,222.72600000000003,223.21059999999997,0.0016214025131738288
2025-03-28 11:00:00,222.39,222.2,24595.0,222.46599999999998,223.09859999999998,-0.000854354962003677
2025-03-28 12:00:00,222.05,221.92,140051.0,222.158,222.88000000000002,-0.0012601260126012654
2025-03-28 13:00:00,221.82,223.38,4989280.0,222.38400000000001,222.825,0.006578947368421089
2025-03-28 14:00:00,223.35,220.6,6203660.0,222.098,222.525,-0.012445160712686906
2025-03-28 15:00:00,220.595,219.53,3775239.0,221.526,222.12600000000003,-0.00485040797824113
2025-03-28 16:00:00,219.51,218.6,2759102.0,220.80599999999998,221.63600000000002,-0.004236323053796779
2025-03-28 17:00:00,218.59,218.76,2973746.0,220.17399999999998,221.166,0.0007319304666056569
2025-03-28 18:00:00,218.74,218.51,2649853.0,219.2,220.792,-0.0011428049003474128
2025-03-28 19:00:00,218.49,217.85,7054383.0,218.65,220.37399999999997,-0.003020456729669107
2025-03-28 20:00:00,217.9,217.42,700176.0,218.22799999999998,219.877,-0.0019738352077117594
2025-03-28 21:00:00,217.42,217.59,22054.0,218.02599999999998,219.416,0.0007818967896238429
2025-03-28 22:00:00,217.5,217.4508,18000.0,217.76416,218.96908,-0.000639735281952372
2025-03-28 23:00:00,217.45,217.22,15283.0,217.50616,218.35308,-0.0010613895189164073
2025-03-31 08:00:00,215.74,215.93,64067.0,217.12215999999998,217.88608,-0.005938679679587478
2025-03-31 09:00:00,215.78,216.0,32949.0,216.83815999999996,217.53307999999998,0.0003241791321261204
2025-03-31 10:00:00,216.07,216.32,65616.0,216.58416000000003,217.30508,0.00148148148148145
2025-03-31 11:00:00,216.27,216.71,113426.0,216.436,217.10008000000002,0.0018028846153846838
2025-03-31 12:00:00,216.25,217.1091,319038.0,216.41382,216.95999,0.0018416316736652864
2025-03-31 13:00:00,217.11,217.11,9236025.0,216.64982,216.88599,4.145381285268352e-06
2025-03-31 14:00:00,217.14,219.25,6223623.0,217.29982,217.06899000000004,0.00985675464050475
2025-03-31 15:00:00,219.28,220.35,4599203.0,218.10582000000005,217.34499,0.005017103762827796
2025-03-31 16:00:00,220.36,220.1,3195593.0,218.78382000000002,217.60990999999999,-0.0011345586566825505
2025-03-31 17:00:00,220.09,219.49,2650711.0,219.26,217.83691,-0.0027714675147659483
2025-03-31 18:00:00,219.49,220.58,3432735.0,219.954,218.30191,0.004966057679165354
2025-03-31 19:00:00,220.57,221.995,13747089.0,220.50300000000001,218.90141,0.006414906156496473
2025-03-31 20:00:00,222.13,221.7404,2062652.0,220.78108000000003,219.44345000000004,-0.0011468726773125998
2025-03-31 21:00:00,221.7996,221.51,45096.0,221.06307999999999,219.92345,-0.0010390528744423798
2025-03-31 22:00:00,221.51,221.2836,22573.0,221.4218,220.3409,-0.001022075752787612
2025-03-31 23:00:00,221.33,221.1999,19201.0,221.54578,220.74989,-0.00037824764239190444
2025-04-01 08:00:00,221.42,221.22,46665.0,221.39078,220.94689,9.086803384624102e-05
2025-04-01 09:00:00,221.22,221.0,13073.0,221.2427,221.01189,-0.0009944851279269453
2025-04-01 10:00:00,220.63,220.39,62845.0,221.0187,221.04089,-0.002760180995475175
2025-04-01 11:00:00,220.18,220.0,63235.0,220.76198,221.09189,-0.0017695902717908543
2025-04-01 12:00:00,220.0,220.24,212862.0,220.57,221.05789,0.0010909090909091322
2025-04-01 13:00:00,220.3,223.14,5800177.0,220.954,221.17239,0.013167453686886928
2025-04-01 14:00:00,223.12,222.5688,5568407.0,221.26776,221.25522999999998,-0.002559827910728584
2025-04-01 15:00:00,222.555,222.5802,3584451.0,221.7058,221.36225,5.122011710527503e-05
2025-04-01 16:00:00,222.6,222.77,2352816.0,222.25979999999998,221.51089000000002,0.0008527263431339334
2025-04-01 17:00:00,222.765,222.2,2207235.0,222.6518,221.6109,-0.00255869282219339
2025-04-01 18:00:00,222.2,221.8102,2320765.0,222.38584,221.66992,-0.0017542754275426632
2025-04-01 19:00:00,221.81,223.14,5450593.0,222.50007999999997,221.88392,0.005995215729483934
2025-04-01 20:00:00,223.19,223.02,1344229.0,222.58804,222.14692,-0.0005377789728420549
2025-04-01 21:00:00,223.05,223.19,9941.0,222.67204,222.46592,0.0007622634741278248
2025-04-01 22:00:00,223.25,223.53,27281.0,222.93804,222.79492,0.0015233657421927658
2025-04-01 23:00:00,223.6563,223.45,14516.0,223.266,222.82592,-0.00035789379501638483
2025-04-02 08:00:00,222.82,222.26,16938.0,223.08999999999997,222.79503999999997,-0.005325576191541722
2025-04-02 09:00:00,222.45,222.25,5566.0,222.93599999999998,222.76202000000004,-4.499235130023804e-05
2025-04-02 10:00:00,222.2,221.91,30768.0,222.68,222.67602000000002,-0.0015298087739032775
2025-04-02 11:00:00,221.96,221.87,34600.0,222.348,222.64302000000004,-0.00018025325582439746
2025-04-02 12:00:00,222.3,221.45,172899.0,221.948,222.60699999999997,-0.0018930004056430159
2025-04-02 13:00:00,221.61,222.84,3256510.0,222.064,222.577,0.006276811921427026
2025-04-02 14:00:00,222.83,224.35,4446253.0,222.484,222.70999999999998,0.006776162268892438
2025-04-02 15:00:00,224.35,223.685,3254496.0,222.839,222.75949999999997,-0.0029641185647425543
2025-04-02 16:00:00,223.69,224.68,2676866.0,223.401,222.87449999999998,0.004448219594519099
2025-04-02 17:00:00,224.7,224.1903,3358215.0,223.94906,222.94852999999998,-0.0021795442406978777
2025-04-02 18:00:00,224.18,222.92,2690046.0,223.96506,223.01453,-0.005666168429231863
2025-04-02 19:00:00,222.9453,223.8,5194507.0,223.85506,223.16952999999998,0.003947604521801651
2025-04-02 20:00:00,223.89,212.73,1907197.0,221.66405999999998,222.25153,-0.04946380697050948
2025-04-02 21:00:00,212.7,208.6,1294873.0,218.44806,220.92453,-0.01941428101349126
2025-04-02 22:00:00,208.68,208.63,729764.0,215.336,219.64253,0.00014381591562800163
2025-04-02 23:00:00,208.71,207.91,388845.0,212.334,218.14953,-0.0034510856540286576
2025-04-03 08:00:00,210.78,208.85,359827.0,209.344,216.59953000000002,0.004521187052089835
2025-04-03 09:00:00,208.99,208.12,252625.0,208.42199999999997,215.04303,-0.0034953315776872864
2025-04-03 10:00:00,208.12,207.3,262175.0,208.16199999999998,213.30503,-0.003940034595425683
2025-04-03 11:00:00,207.36,206.99,546269.0,207.834,211.58499999999998,-0.001495417269657512
2025-04-03 12:00:00,207.18,207.0,1704397.0,207.652,209.99300000000002,4.831151263341661e-05
2025-04-03 13:00:00,206.99,204.358779,21677842.0,206.7537558,208.04887789999998,-0.012759521739130442
2025-04-03 14:00:00,204.25,204.3712,14468051.0,206.00399579999998,207.21299789999998,6.0780359232764525e-05
2025-04-03 15:00:00,204.37,205.595,9629201.0,205.6629958,206.9124979,0.0059881235712273126
2025-04-03 16:00:00,205.62,204.81,6897513.0,205.2269958,206.5304979,-0.003818186239937725
2025-04-03 17:00:00,204.82,203.4299,5266445.0,204.5129758,206.0824879,-0.00673844050583467
2025-04-03 18:00:00,203.42,202.905,8284791.0,204.22222,205.4879879,-0.002580250002580753
2025-04-03 19:00:00,202.88,203.06,19162961.0,203.95998000000003,204.9819879,0.0007639042901850675
2025-04-03 20:00:00,203.19,203.5,1471945.0,203.54098000000002,204.60198789999998,0.002166847237269761
2025-04-03 21:00:00,203.5,203.6015,216853.0,203.29928,204.2631379,0.0004987714987714362
2025-04-03 22:00:00,203.6,203.2245,163510.0,203.2582,203.8855879,-0.0018516562991922022
2025-04-03 23:00:00,203.3988,203.38,66527.0,203.35320000000002,203.78771,0.0007651636490678502
2025-04-04 08:00:00,203.11,201.9,101840.0,203.1212,203.54059,-0.007277018389222095
2025-04-04 09:00:00,201.86,201.23,122037.0,202.6672,203.10408999999999,-0.003318474492323011
2025-04-04 10:00:00,201.23,192.82,1138538.0,200.5109,201.90509000000003,-0.0417929732147294
2025-04-04 11:00:00,192.92,194.15,1357863.0,198.69599999999997,200.9771,0.006897624727725405
2025-04-04 12:00:00,193.57,194.78,1870445.0,196.97599999999997,200.1646,0.003244913726500105
2025-04-04 13:00:00,194.7235,199.235,19269632.0,196.44299999999998,199.7821,0.02287195810658185
2025-04-04 14:00:00,199.27,193.48,19694239.0,194.89299999999997,198.7801,-0.02888548698772818
2025-04-04 15:00:00,193.45,194.165,13147719.0,195.16199999999998,197.83645,0.003540417614223704
2025-04-04 16:00:00,194.163,192.96,8210240.0,194.924,196.81,-0.006206061854608112
2025-04-04 17:00:00,192.93,191.68,11335345.0,194.304,195.64,-0.006633499170812609
2025-04-04 18:00:00,191.66,188.88,11277512.0,192.233,194.33800000000002,-0.014607679465776353
2025-04-04 19:00:00,188.87,188.38,22210099.0,191.21300000000002,193.053,-0.0026471833968657347
2025-04-04 20:00:00,188.38,187.9,2399779.0,189.96,192.561,-0.0025480411933325713
2025-04-04 21:00:00,187.9,187.77,112680.0,188.922,191.923,-0.0006918573709419662
2025-04-04 22:00:00,187.8,187.2501,93618.0,188.03602,191.17001,-0.0027688129094104856
2025-04-04 23:00:00,187.28,186.6,170924.0,187.58002,189.90651,-0.0034718272513606613
2025-04-07 08:00:00,177.87,180.55,578930.0,186.01402000000002,188.61351,-0.03242229367631288
2025-04-07 09:00:00,180.55,181.1,252954.0,184.65402,187.30701,0.003046247576848424
2025-04-07 10:00:00,181.07,184.5,503956.0,184.00002,186.46101,0.018774157923799037
2025-04-07 11:00:00,184.82,182.06,789326.0,182.96200000000002,185.49901,-0.013224932249322481
2025-04-07 12:00:00,183.7,182.98,2184002.0,182.238,184.90901,0.0050532791387454
2025-04-07 13:00:00,182.97,180.49,34075230.0,182.226,184.12001,-0.013608044595037604
2025-04-07 14:00:00,180.49,183.87,32462205.0,182.78,183.71701000000002,0.01872679926865752
2025-04-07 15:00:00,183.88,178.78,18464092.0,181.63600000000002,182.81801000000002,-0.027682601838255307
2025-04-07 16:00:00,178.78,177.6,10500661.0,180.744,181.853,-0.0066002908602752364
2025-04-07 17:00:00,177.6125,182.605,11112082.0,180.669,181.4535,0.028181306306306282
2025-04-07 18:00:00,182.605,179.97,12892829.0,180.565,181.3955,-0.014430053941567817
2025-04-07 19:00:00,179.965,181.59,18416221.0,180.10899999999998,181.4445,0.009001500250041698
2025-04-07 20:00:00,181.3,181.32,1225627.0,180.61700000000002,181.12650000000002,-0.0014868660168512046
2025-04-07 21:00:00,181.49,182.2,172504.0,181.53699999999998,181.14049999999997,0.004853298036620315
2025-04-07 22:00:00,182.3,183.4,133433.0,181.69599999999997,181.1825,0.006586169045005583
2025-04-07 23:00:00,183.45,182.68,126428.0,182.238,181.4015,-0.003925845147219186
2025-04-08 08:00:00,183.88,184.26,155070.0,182.772,181.4405,0.008649003722355945
2025-04-08 09:00:00,184.22,183.85,142683.0,183.27799999999996,181.9475,-0.00222511668294799
2025-04-08 10:00:00,183.9,183.73,79061.0,183.584,182.5605,-0.0006527060103345366
2025-04-08 11:00:00,183.75,185.52,324953.0,184.00799999999998,182.852,0.009742557013008331
2025-04-08 12:00:00,183.5,185.45,830216.0,184.56199999999998,183.4,-0.0003773178094007201
2025-04-08 13:00:00,185.32,188.0,15465417.0,185.31,184.041,0.01375033701806423
2025-04-08 14:00:00,188.0,186.2,14173229.0,185.78000000000003,184.529,-0.009574468085106444
2025-04-08 15:00:00,186.215,184.47,9942907.0,185.928,184.75600000000003,-0.009291084854994575
2025-04-08 16:00:00,184.48,179.1685,11863105.0,184.65769999999998,184.33285,-0.02873909036699737
2025-04-08 17:00:00,179.15,178.15,14812061.0,183.1977,183.87984999999998,-0.005684592994862316
2025-04-08 18:00:00,178.16,174.59,10735368.0,180.51569999999998,182.91285,-0.019983160258209388
2025-04-08 19:00:00,174.58,172.77,24759217.0,177.8297,181.80485000000002,-0.010424422933730415
2025-04-08 20:00:00,172.814204,175.0,2272001.0,175.9357,180.93185,0.01290733344909411
2025-04-08 21:00:00,175.0,172.9,273209.0,174.68200000000002,179.66985,-0.011999999999999967
2025-04-08 22:00:00,172.88,170.85,307138.0,173.22199999999998,178.20985000000002,-0.011856564488143501
2025-04-08 23:00:00,170.95,169.45,279807.0,172.19400000000002,176.35485,-0.008194322505121485
2025-04-09 08:00:00,172.1,175.7,509199.0,172.78000000000003,175.30485,0.036884036588964296
2025-04-09 09:00:00,175.74,175.3,211426.0,172.84,174.38785,-0.002276607854296968
2025-04-09 10:00:00,175.29,176.02,303209.0,173.464,174.073,0.0041072447233314255
2025-04-09 11:00:00,176.07,168.8,1369332.0,173.05400000000003,173.138,-0.041018066128848986
2025-04-09 12:00:00,173.8,172.0,2455832.0,173.56400000000002,172.879,0.018957345971563913
2025-04-09 13:00:00,172.03,177.385,18439804.0,173.901,173.3405,0.03130813953488367
2025-04-09 14:00:00,177.4,177.72,18232775.0,174.385,173.6125,0.001888547509654187
2025-04-09 15:00:00,177.7,178.73,13269906.0,174.927,174.1955,0.00568309700652707
2025-04-09 16:00:00,178.71,181.07,9219447.0,177.381,175.2175,0.01309237397191296
2025-04-09 17:00:00,181.1,193.105,29946842.0,181.602,177.583,0.06646600762136189
2025-04-09 18:00:00,193.1,184.9,23377920.0,183.105,178.503,-0.04248983713523723
2025-04-09 19:00:00,184.9,198.85,40133543.0,187.331,180.858,0.07544618712817733
2025-04-09 20:00:00,198.85,198.5,2053308.0,191.285,183.106,-0.0017601206939904166
2025-04-09 21:00:00,198.4985,196.66,480561.0,194.403,185.892,-0.009269521410579361
2025-04-09 22:00:00,196.7,197.48,215687.0,195.27800000000002,188.44,0.004169632868910776
2025-04-09 23:00:00,197.4779,197.7118,180031.0,197.84035999999998,190.47268,0.0011737897508609537
2025-04-10 08:00:00,193.87,191.76,313857.0,196.42235999999997,191.87668,-0.030103413149847505
2025-04-10 09:00:00,191.72,193.01,167381.0,195.32435999999998,193.30468,0.006518564872757614
2025-04-10 10:00:00,193.11,192.99,152138.0,194.59035999999998,194.49668,-0.000103621574011615
2025-04-10 11:00:00,192.97,193.11,473819.0,193.71636,194.49718000000001,0.0006217938753303515
2025-04-10 12:00:00,192.48,190.65,2584191.0,192.304,195.07218,-0.012738853503184754
2025-04-10 13:00:00,190.709,193.285,15015689.0,192.609,194.51568,0.013821138211382067
2025-04-10 14:00:00,193.285,189.93,12171289.0,191.993,193.65868,-0.017357787722792714
2025-04-10 15:00:00,189.91,186.6499,14530242.0,190.72498000000002,192.65767,-0.017270046859369264
2025-04-10 16:00:00,186.5975,187.53,13979521.0,189.60898000000003,191.66267,0.004715244958609669
2025-04-10 17:00:00,187.5,190.39,14926163.0,189.55697999999998,190.93049000000002,0.015250893190422787
2025-04-10 18:00:00,190.365,190.73,11321925.0,189.04598,190.82749,0.0017858080781553833
2025-04-10 19:00:00,190.78,190.44,15780373.0,189.14798000000002,190.57049,-0.001520473968437016
2025-04-10 20:00:00,190.550897,190.64,1505755.0,189.946,190.33549,0.0010501995379121436
2025-04-10 21:00:00,190.7,190.5,42400.0,190.54000000000002,190.07449,-0.000734368443138829
2025-04-10 22:00:00,190.36,191.08,53586.0,190.67799999999997,190.11749,0.0030446194225722443
2025-04-10 23:00:00,191.08,189.44,92551.0,190.42000000000002,189.73299,-0.008582792547624108
2025-04-11 08:00:00,191.1,189.05,163910.0,190.142,189.64498999999998,-0.002058699324324252
2025-04-11 09:00:00,189.0,191.96,95866.0,190.406,190.176,0.01539275323988361
2025-04-11 10:00:00,191.96,192.0,110975.0,190.706,190.623,0.0002083767451551992
2025-04-11 11:00:00,191.94,191.06,126785.0,190.70200000000003,190.69,-0.0048958333333333215
2025-04-11 12:00:00,190.8,188.2506,1470695.0,190.46412,190.44206,-0.014704281377577781
2025-04-11 13:00:00,188.29,191.552879,9616743.0,190.96469580000002,190.5533479,0.017541930809251066
2025-04-11 14:00:00,191.43,192.28,10636848.0,191.0286958,190.7173479,0.003795928329534588
2025-04-11 15:00:00,192.27,195.64,9556334.0,191.7566958,191.2313479,0.017474516330351495
2025-04-11 16:00:00,195.63,198.4692,12749360.0,193.2385358,191.9702679,0.014461255367000688
2025-04-11 17:00:00,198.49,198.26,9148241.0,195.2404158,192.8522679,-0.0010540678352107522
2025-04-11 18:00:00,198.2643,197.54,5804576.0,196.43784,193.7012679,-0.0036315948754161147
2025-04-11 19:00:00,197.545,198.02,13229657.0,197.58584000000002,194.3072679,0.0024298876176977735
2025-04-11 20:00:00,198.15,198.01,1628071.0,198.05983999999998,194.9082679,-5.0499949500148095e-05
2025-04-11 21:00:00,198.05,197.72,52249.0,197.91,195.5742679,-0.0014645724963385286
2025-04-11 22:00:00,197.66,196.77,112499.0,197.612,196.4262079,-0.004804774428484668
2025-04-11 23:00:00,196.84,196.95,50915.0,197.494,196.96591999999998,0.0009147735935354901
2025-04-14 08:00:00,209.68,209.0,667706.0,199.69,198.63791999999998,0.061183041381061246
2025-04-14 09:00:00,209.0,208.2,348497.0,201.728,199.89392,-0.003827751196172303
2025-04-14 10:00:00,208.2,206.8,324971.0,203.544,200.727,-0.006724303554274627
2025-04-14 11:00:00,206.88,208.7,1079533.0,205.93,201.77100000000002,0.009187620889748439
2025-04-14 12:00:00,207.85,210.63,2599446.0,208.666,203.08,0.009247724005749913
2025-04-14 13:00:00,210.63,206.76,24420319.0,208.218,203.954,-0.018373451075345413
2025-04-14 14:00:00,206.795,205.2446,15760341.0,207.62691999999998,204.67745999999997,-0.007329270651963628
2025-04-14 15:00:00,205.22,202.51,10853721.0,206.76891999999998,205.15646,-0.013323614847844964
2025-04-14 16:00:00,202.51,202.1847,9995775.0,205.46585999999996,205.69792999999999,-0.0016063404276331964
2025-04-14 17:00:00,202.21,204.63,7708103.0,204.26586,206.46593,0.012094386963998775
2025-04-14 18:00:00,204.64,205.9,5973279.0,204.09386,206.15592999999998,0.006206323608464107
2025-04-14 19:00:00,205.89,202.59,12244428.0,203.56294,205.59492999999998,-0.016075764934434203
2025-04-14 20:00:00,202.52,202.189,1367986.0,203.49874,205.13383,-0.001979367194827042
2025-04-14 21:00:00,202.15,201.85,102052.0,203.4318,204.44883,-0.0016766490758646545
2025-04-14 22:00:00,201.67,201.0,66708.0,202.7058,203.48583,-0.004211047807778025
2025-04-14 23:00:00,201.0,200.93,92111.0,201.71179999999998,202.90283000000002,-0.0003482587064676278
2025-04-15 08:00:00,202.22,203.23,87870.0,201.8398,202.70137,0.011446772507838465
2025-04-15 09:00:00,203.2,203.01,24979.0,202.004,202.75137,-0.0010825173448801794
2025-04-15 10:00:00,203.12,201.96,73379.0,202.026,202.7289,-0.005172159006945387
2025-04-15 11:00:00,202.0,199.82,238212.0,201.79,202.24790000000002,-0.010596157654981257
2025-04-15 12:00:00,201.61,200.7399,409904.0,201.75198,201.73189000000002,0.004603643278951119
2025-04-15 13:00:00,200.75,202.935,7276956.0,201.69297999999998,201.76639,0.010935045798070022
2025-04-15 14:00:00,202.935,201.7812,8848805.0,201.44722000000002,201.72561000000002,-0.00568556434326257
2025-04-15 15:00:00,201.82,202.8871,4593891.0,201.63263999999998,201.82932,0.00548068898390926
2025-04-15 16:00:00,202.875,201.49,3370443.0,201.96664,201.87832,-0.006886095764590231
2025-04-15 17:00:00,201.485,202.35,3946804.0,202.28866,202.02032,0.004268201895875652
2025-04-15 18:00:00,202.385,202.45,4167934.0,202.19166,201.94232,0.0004941932295527271
2025-04-15 19:00:00,202.46,202.13,6610914.0,202.26142,201.85431999999997,-0.0015806371943689465
2025-04-15 20:00:00,202.14,202.14,619779.0,202.112,201.87232,4.9473111363928684e-05
2025-04-15 21:00:00,202.18,200.38,124065.0,201.89000000000001,201.92831999999999,-0.008706836845750425
2025-04-15 22:00:00,200.5,200.0,187808.0,201.42,201.85432999999998,-0.0018963968459925914
2025-04-15 23:00:00,199.96,199.81,133473.0,200.892,201.54182999999998,-0.0009499999999999886
2025-04-16 08:00:00,198.8,200.3,188727.0,200.52599999999998,201.39371,0.0024523297132276116
2025-04-16 09:00:00,200.5,199.81,41639.0,200.06,201.08599999999998,-0.00244633050424368
2025-04-16 10:00:00,199.94,200.31,34070.0,200.046,200.968,0.0025023772583954757
2025-04-16 11:00:00,200.39,200.14,85105.0,200.074,200.747,-0.0008486845389646843
2025-04-16 12:00:00,200.34,199.4,295759.0,199.99200000000002,200.44199999999998,-0.0036974118117316913
2025-04-16 13:00:00,199.33,196.56,8701391.0,199.244,199.88500000000002,-0.014242728184553678
2025-04-16 14:00:00,196.55,197.58,8091019.0,198.798,199.429,0.005189255189255241
2025-04-16 15:00:00,197.58,196.75,5046664.0,198.086,199.066,-0.004200830043526736
2025-04-16 16:00:00,196.755,197.2127,3741124.0,197.50054,198.78727,0.0023517153748412317
2025-04-16 17:00:00,197.225,193.985,6669977.0,196.41754,198.20477,-0.016366593023674433
2025-04-16 18:00:00,193.985,193.34,5519337.0,195.77354,197.50877,-0.0033249993556203326
2025-04-16 19:00:00,193.33,194.3,10392814.0,195.11754000000002,196.95777,0.004965346022550988
2025-04-16 20:00:00,194.27,194.56,884943.0,194.67954,196.38277,0.0013381369016983577
2025-04-16 21:00:00,194.45,194.99,69940.0,194.23499999999999,195.86777,0.0022101151315789824
2025-04-16 22:00:00,194.87,194.8033,21212.0,194.39866,195.40810000000002,-0.0009574849992307393
2025-04-16 23:00:00,194.97,194.94,40478.0,194.71866,195.2461,0.0007017334921943852
2025-04-17 08:00:00,196.5,196.37,71263.0,195.13266000000002,195.1251,0.007335590438083548
2025-04-17 09:00:00,196.3,196.48,42113.0,195.51666,195.0981,0.0005601670316238999
2025-04-17 10:00:00,196.47,195.95,45934.0,195.70865999999998,194.97183,-0.0026974755700325793
2025-04-17 11:00:00,195.94,195.98,68685.0,195.94400000000002,195.17133,0.00015310028068385374
2025-04-17 12:00:00,195.76,197.28,300663.0,196.41199999999998,195.56533,0.006633329931625734
2025-04-17 13:00:00,197.43,196.08,8290148.0,196.35399999999998,195.74333,-0.006082725060827193
2025-04-17 14:00:00,196.1,195.7826,7140854.0,196.21452,195.86559,-0.0015167278661771231
2025-04-17 15:00:00,195.79,196.11,4684162.0,196.24652,195.97759000000002,0.0016722630100939075
2025-04-17 16:00:00,196.12,198.17,5500654.0,196.68452,196.31426000000002,0.010504308806282054
2025-04-17 17:00:00,198.16,197.81,4247124.0,196.79052000000001,196.60126,-0.001816622092143035
2025-04-17 18:00:00,197.82,197.395,4450581.0,197.05352,196.70376000000002,-0.0020979728021838736
2025-04-17 19:00:00,197.4,196.87,6852129.0,197.27100000000002,196.74276,-0.0026596418348995956
2025-04-17 20:00:00,196.98,197.32,1294169.0,197.51299999999998,196.87976,0.0022857723370751696
2025-04-17 21:00:00,197.59,197.38,53158.0,197.355,197.01976,0.00030407459963512204
2025-04-17 22:00:00,197.5291,197.1,12132.0,197.213,197.00176000000002,-0.001418583443104677
2025-04-17 23:00:00,197.199,197.25,24155.0,197.184,197.11876,0.000761035007610379
2025-04-21 08:00:00,195.93,194.0,58254.0,196.60999999999999,196.94050000000001,-0.016476552598225603
2025-04-21 09:00:00,193.94,194.45,31852.0,196.036,196.7745,0.002319587628865921
2025-04-21 10:00:00,194.45,194.0,32671.0,195.35999999999999,196.3575,-0.002314219593725835
2025-04-21 11:00:00,194.29,191.94,145803.0,194.328,195.7705,-0.01061855670103094
2025-04-21 12:00:00,193.42,191.96,211273.0,193.27,195.227,0.00010419922892575926
2025-04-21 13:00:00,191.9,192.4995,4944712.0,192.9699,194.78995,0.0028104813502813288
2025-04-21 14:00:00,192.45,191.495,5644100.0,192.3789,194.20745,-0.005218195371936069
2025-04-21 15:00:00,191.5,190.25,5156264.0,191.62890000000002,193.49445,-0.006501475234340346
2025-04-21 16:00:00,190.24,190.765,3104586.0,191.3939,192.86095,0.002706964520367865
2025-04-21 17:00:00,190.765,190.51,3328734.0,191.1039,192.18695,-0.0013367231934578957
2025-04-21 18:00:00,190.51,190.27,2864153.0,190.658,191.81394999999998,-0.0012597763896907285
2025-04-21 19:00:00,190.27,193.09,7242164.0,190.977,191.67795,0.014821043779891695
2025-04-21 20:00:00,193.16,193.1,1227114.0,191.54699999999997,191.58795,5.1789321041954036e-05
2025-04-21 21:00:00,193.09,192.85,25929.0,191.964,191.67895000000001,-0.001294665976178146
2025-04-21 22:00:00,192.97,192.94,21854.0,192.45,191.77695,0.0004666839512574717
2025-04-21 23:00:00,192.644,194.0,55339.0,193.196,191.927,0.005493935938633784
2025-04-22 08:00:00,193.79,195.35,37303.0,193.648,192.3125,0.006958762886597909
2025-04-22 09:00:00,195.39,195.31,19014.0,194.09,192.8185,-0.0002047606859482572
2025-04-22 10:00:00,195.25,195.2,14500.0,194.56,193.262,-0.0005632072090523457
2025-04-22 11:00:00,194.99,194.5,75106.0,194.87199999999999,193.661,-0.0035860655737704338
2025-04-22 12:00:00,194.61,195.19,235270.0,195.10999999999999,194.15300000000002,0.0035475578406169547
2025-04-22 13:00:00,195.15,197.82,4895947.0,195.60399999999998,194.626,0.013474050924739973
2025-04-22 14:00:00,197.83,199.3001,5786569.0,196.40202,195.24601,0.007482054392882384
2025-04-22 15:00:00,199.31,199.33,4738656.0,197.22802,195.89400999999998,0.00015002501253148513
2025-04-22 16:00:00,199.34,200.5901,7520165.0,198.44604,196.65902,0.006321677620027061
2025-04-22 17:00:00,200.605,198.2512,5518340.0,199.05828000000002,197.08414,-0.01166009688414331
2025-04-22 18:00:00,198.25,200.15,6585455.0,199.52428000000003,197.56414,0.009577747826999253
2025-04-22 19:00:00,200.14,199.56,7672079.0,199.57626,197.98914,-0.0029477891581314183
2025-04-22 20:00:00,199.74,199.83,464916.0,199.67626,198.45214,0.0013529765484065455
2025-04-22 21:00:00,199.8,204.95,671981.0,200.54824,199.49714,0.025621778511734854
2025-04-22 22:00:00,204.91,205.27,275504.0,201.95200000000003,200.50513999999998,0.0015613564283972756
2025-04-22 23:00:00,205.4,205.0,157566.0,202.922,201.22314,-0.0013153407706923087
2025-04-23 08:00:00,205.0,205.37,110692.0,204.084,201.83013,0.00180487804878051
2025-04-23 09:00:00,205.44,205.15,78283.0,205.148,202.41213000000002,-0.0010712372790573055
2025-04-23 10:00:00,205.18,206.26,114474.0,205.41,202.97912000000002,0.005410675115768877
2025-04-23 11:00:00,206.3,205.77,178511.0,205.51,203.73100000000002,-0.0023756423930959988
2025-04-23 12:00:00,206.36,206.8042,406242.0,205.87084,204.39641999999998,0.005025999902804094
2025-04-23 13:00:00,206.95,207.38,10564794.0,206.27284,205.17842000000002,0.0027842761413935826
2025-04-23 14:00:00,207.3234,206.9,6557420.0,206.62284,205.88542,-0.0023145915710289797
2025-04-23 15:00:00,206.93,204.27,8346959.0,206.22484,205.81742,-0.012711454809086493
2025-04-23 16:00:00,204.27,204.76,3575338.0,206.02284,205.76642,0.0023987859205951956
2025-04-23 17:00:00,204.75,205.3901,3020324.0,205.74002000000002,205.80543000000003,0.00307726118382496
2025-04-23 18:00:00,205.39,204.74,3041565.0,205.21202,205.74243,-0.00316519637509296
2025-04-23 19:00:00,204.72,204.36,7599821.0,204.70402,205.66342999999998,-0.0018560125036631602
2025-04-23 20:00:00,204.44,204.5,703580.0,204.75002,205.48743,0.000685065570561687
2025-04-23 21:00:00,204.351,204.0001,39284.0,204.59804,205.31044000000003,-0.002444498777506096
2025-04-23 22:00:00,204.0,203.808,43292.0,204.28162,205.01081999999997,-0.0009416662050656377
2025-04-23 23:00:00,203.94,204.4594,33881.0,204.22549999999998,204.71876,0.0031961453917412237
2025-04-24 08:00:00,203.87,201.95,39622.0,203.74349999999998,204.22376,-0.012273341308836862
2025-04-24 09:00:00,201.98,202.38,27579.0,203.3195,204.03475999999998,0.002129239910869061
2025-04-24 10:00:00,202.6,204.04,98999.0,203.32747999999998,203.96275999999997,0.008202391540666057
2025-04-24 11:00:00,204.11,203.67,104817.0,203.29987999999997,203.79075,-0.0018133699274652253
2025-04-24 12:00:00,203.99,204.23,200427.0,203.254,203.73975000000002,0.0027495458339470828
2025-04-24 13:00:00,204.45,205.59,5100973.0,203.982,203.86274999999998,0.006659158791558604
2025-04-24 14:00:00,205.57,205.955,5252602.0,204.69699999999997,204.00825,0.0017753781798726062
2025-04-24 15:00:00,205.96,206.095,3779689.0,205.108,204.21774,0.0006797601417784776
2025-04-24 16:00:00,206.11,206.54,3640332.0,205.68200000000002,204.49094,0.002159198427909426
2025-04-24 17:00:00,206.54,207.45,2744511.0,206.32600000000002,204.79000000000002,0.004405926212840111
2025-04-24 18:00:00,207.44,207.86,3401647.0,206.78000000000003,205.381,0.001976379850566522
2025-04-24 19:00:00,207.85,208.2,7593841.0,207.22899999999998,205.96300000000002,0.001635716347541494
2025-04-24 20:00:00,208.213911,208.689,919633.0,207.7478,206.4279,0.0023487031700288393
2025-04-24 21:00:00,208.64,208.5401,71192.0,208.14782,206.91491000000002,-0.0007135019095400217
2025-04-24 22:00:00,208.56,208.02,63662.0,208.26182,207.29391,-0.0024940047501654846
2025-04-24 23:00:00,207.96,207.9991,51725.0,208.28964000000002,207.53482,-0.00010047110854731124
2025-04-25 08:00:00,208.6,207.76,42215.0,208.20164,207.71531999999996,-0.0011495242046720762
2025-04-25 09:00:00,207.76,207.64,36605.0,207.99184,207.86981999999998,-0.0005775895263766103
2025-04-25 10:00:00,207.56,205.51,115472.0,207.38582000000002,207.76682,-0.01025813908688112
2025-04-25 11:00:00,205.77,206.17,113017.0,207.01582,207.63881999999998,0.003211522553647008
2025-04-25 12:00:00,206.2,205.5,275615.0,206.516,207.40281999999996,-0.0032497453557743007
2025-04-25 13:00:00,205.5,208.21,5011831.0,206.606,207.40382,0.013187347931873518
2025-04-25 14:00:00,208.23,207.315,5166167.0,206.541,207.26642,-0.004298544738485232
2025-04-25 15:00:00,207.31,207.5,3209064.0,206.939,207.16241,0.0008923618647951295
2025-04-25 16:00:00,207.49,208.675,3297032.0,207.44,207.22790999999998,0.005662650602409693
2025-04-25 17:00:00,208.66,208.1,4438652.0,207.95999999999998,207.238,-0.002755481011141809
2025-04-25 18:00:00,208.09,208.38,2249223.0,207.994,207.3,0.001345506967803946
2025-04-25 19:00:00,208.38,209.23,5692679.0,208.377,207.459,0.004079086284672206
2025-04-25 20:00:00,209.28,208.84,623871.0,208.64499999999998,207.792,-0.0018639774410934683
2025-04-25 21:00:00,208.78,208.24,48419.0,208.558,207.99899999999997,-0.002873012832790626
2025-04-25 22:00:00,208.49,208.4,10466.0,208.61800000000002,208.289,0.0007683442182097415
2025-04-25 23:00:00,208.37,208.59,10714.0,208.66,208.327,0.0009117082533589143
2025-04-28 08:00:00,208.76,208.71,37992.0,208.55599999999998,208.4665,0.0005752912411908747
2025-04-28 09:00:00,208.8,209.73,53499.0,208.734,208.6895,0.004887164007474399
2025-04-28 10:00:00,209.65,209.32,27842.0,208.95,208.754,-0.0019548943880226795
2025-04-28 11:00:00,209.35,209.92,60694.0,209.254,208.936,0.00286642461303265
2025-04-28 12:00:00,209.3,210.05,1496957.0,209.546,209.10299999999998,0.0006192835365854796
2025-04-28 13:00:00,210.05,209.385,5420383.0,209.68099999999998,209.11849999999998,-0.0031659128778863148
2025-04-28 14:00:00,209.385,209.03,4220052.0,209.541,209.1375,-0.0016954414117534198
2025-04-28 15:00:00,209.04,207.96,3305714.0,209.269,209.10949999999997,-0.005118882457063547
2025-04-28 16:00:00,207.95,208.445,2327169.0,208.974,209.11399999999998,0.0023321792652432447
2025-04-28 17:00:00,208.43,209.75,2577857.0,208.91400000000004,209.23000000000002,0.006260644294658097
2025-04-28 18:00:00,209.73,209.8407,2639147.0,209.00514000000004,209.34306999999998,0.0004324195470798485
2025-04-28 19:00:00,209.87,210.09,5144581.0,209.21714000000003,209.37907,0.0011880440734328716
2025-04-28 20:00:00,210.14,210.0899,512369.0,209.64312,209.45605999999998,-4.7598648199971276e-07
2025-04-28 21:00:00,210.09,209.7,37149.0,209.89412000000002,209.43406,-0.0018558721766253944
2025-04-28 22:00:00,209.65,209.89,33116.0,209.92212,209.41805999999997,0.000906056270863127
2025-04-28 23:00:00,210.0,210.3,27927.0,210.01398,209.50956000000002,0.001953404164086069
2025-04-29 08:00:00,210.65,211.0,24782.0,210.19598000000002,209.70656,0.003328578221588153
2025-04-29 09:00:00,211.04,210.87,9054.0,210.352,209.99755999999996,-0.0006161137440758079
2025-04-29 10:00:00,210.92,209.97,46028.0,210.406,210.15006,-0.004268032437046548
2025-04-29 11:00:00,210.37,210.31,19401.0,210.49,210.20605999999998,0.0016192789446111513
2025-04-29 12:00:00,210.4,209.57,2643799.0,210.344,210.17899000000003,-0.003518615377300219
2025-04-29 13:00:00,209.5,210.8,3413459.0,210.304,210.24998999999997,0.005869160662308624
2025-04-29 14:00:00,210.81,211.6111,4773613.0,210.45221999999998,210.40211,0.003847722960151717
2025-04-29 15:00:00,211.62,210.615,3003606.0,210.58122000000003,210.49361,-0.004707219989877583
2025-04-29 16:00:00,210.615,209.7326,2590700.0,210.46574,210.47787,-0.004189635116207385
2025-04-29 17:00:00,209.74,211.58,2330851.0,210.86774,210.60587,0.008808358834058328
2025-04-29 18:00:00,211.585,211.3,2260229.0,210.96774,210.63587,-0.0013233765006144301
2025-04-29 19:00:00,211.3,211.24,4718782.0,210.89352,210.67287000000002,-0.00028395646000947596
2025-04-29 20:00:00,211.21,211.21,2117110.0,211.01252,210.79686999999998,-0.00014201855709146532
2025-04-29 21:00:00,210.89,210.93,40861.0,211.252,210.85887000000002,-0.00132569480611714
2025-04-29 22:00:00,210.9,210.7,14108.0,211.07600000000002,210.97187,-0.001090409140473229
2025-04-29 23:00:00,210.7,210.556,26458.0,210.9272,210.94747,-0.000683436165163631
2025-04-30 08:00:00,210.58,210.72,25171.0,210.82319999999999,210.85836,0.000778890176485055
2025-04-30 09:00:00,210.72,210.65,2401.0,210.71120000000002,210.86186000000004,-0.00033219438116929183
2025-04-30 10:00:00,210.65,210.32,13326.0,210.58919999999998,210.9206,-0.0015665796344648112
2025-04-30 11:00:00,210.36,209.99,31056.0,210.44719999999998,210.7616,-0.00156903765690369
2025-04-30 12:00:00,210.4,207.49,1094058.0,209.834,210.38060000000002,-0.011905328825182152
2025-04-30 13:00:00,207.55,207.14,4482849.0,209.118,209.97060000000002,-0.001686828280881116
2025-04-30 14:00:00,207.185,209.6355,4038523.0,208.9151,209.81315,0.012047407550449075
2025-04-30 15:00:00,209.59,211.05,3267206.0,209.06109999999998,209.82514999999998,0.006747425889222025
2025-04-30 16:00:00,211.04,210.92,2545599.0,209.2471,209.84715,-0.0006159677801469977
2025-04-30 17:00:00,210.915,211.1031,2511158.0,209.96972,209.90186,0.0008681016499147757
2025-04-30 18:00:00,211.13,210.652,3712578.0,210.67212,209.89506,-0.002136870562298825
2025-04-30 19:00:00,210.66,212.48,8400393.0,211.24102,210.07806,0.008677819341852928
2025-04-30 20:00:00,212.5,212.5,3621111.0,211.53101999999998,210.29605999999998,9.412650602414454e-05
2025-04-30 21:00:00,212.5,212.1,82323.0,211.76702,210.50706,-0.0018823529411764973
2025-04-30 22:00:00,212.09,210.24,300624.0,211.5944,210.78206,-0.0087694483734087
2025-04-30 23:00:00,210.1452,209.0,310542.0,211.26399999999998,210.96806,-0.005898021308980256
2025-05-01 08:00:00,209.58,209.72,78355.0,210.712,210.97651000000002,0.0034449760765550186
2025-05-01 09:00:00,209.72,210.3,62531.0,210.272,210.90151,0.002765592218195749
2025-05-01 10:00:00,210.21,209.99,58632.0,209.85,210.80851,-0.001474084640989074
2025-05-01 11:00:00,210.04,209.31,223753.0,209.66400000000004,210.6292,-0.0032382494404495778
2025-05-01 12:00:00,209.31,209.13,590773.0,209.69,210.477,-0.0008599684678228791
2025-05-01 13:00:00,209.11,210.68,6843340.0,209.882,210.29699999999997,0.0074116578204944834
2025-05-01 14:00:00,210.8,212.89,6565701.0,210.4,210.336,0.010489842415036926
2025-05-01 15:00:00,212.89,211.5844,4866579.0,210.71887999999998,210.28444,-0.0061327446098924255
2025-05-01 16:00:00,211.6,212.135,3300093.0,211.28388,210.47394,0.0026022712449500197
2025-05-01 17:00:00,212.12,212.595,4153527.0,211.97688,210.83344000000002,0.0021684304805902276
2025-05-01 18:00:00,212.59,212.545,3001606.0,212.34987999999998,211.11594,-0.00023518897434093638
2025-05-01 19:00:00,212.55,212.83,9534210.0,212.33787999999998,211.36894,0.0013408925168788964
2025-05-01 20:00:00,213.32,207.7001,4431344.0,211.56102,211.13995,-0.024103274914250905
2025-05-01 21:00:00,207.7992,205.21,2686654.0,210.17602000000002,210.72995,-0.011988920563832103
2025-05-01 22:00:00,205.25,204.55,628233.0,208.56702,210.27195,-0.0032162175332585965
2025-05-01 23:00:00,204.5,205.25,467554.0,207.10801999999998,209.72895,0.0034221461745293992
