Date,Open,Close,Volume
2024-05-01 08:00:00,170.5,169.79,23770.0
2024-05-01 09:00:00,169.73,169.59,13685.0
2024-05-01 10:00:00,169.5,170.1,24119.0
2024-05-01 11:00:00,170.2,169.99,36022.0
2024-05-01 12:00:00,170.15,169.9702,259260.0
2024-05-01 13:00:00,169.96,170.3299,4728860.0
2024-05-01 14:00:00,170.32,171.105,5468759.0
2024-05-01 15:00:00,171.1,171.52,4285949.0
2024-05-01 16:00:00,171.52,171.06,3348165.0
2024-05-01 17:00:00,171.055,171.23,3086723.0
2024-05-01 18:00:00,171.24,172.48,7393183.0
2024-05-01 19:00:00,172.49,169.31,11948881.0
2024-05-01 20:00:00,169.28,170.06,1420422.0
2024-05-01 21:00:00,170.03,170.35,86107.0
2024-05-01 22:00:00,170.3,170.15,60959.0
2024-05-01 23:00:00,170.29,170.35,52982.0
2024-05-02 08:00:00,170.5,171.12,54112.0
2024-05-02 09:00:00,171.14,171.17,17375.0
2024-05-02 10:00:00,171.18,171.2,16286.0
2024-05-02 11:00:00,171.15,170.89,71523.0
2024-05-02 12:00:00,171.15,171.95,3907110.0
2024-05-02 13:00:00,171.9,171.44,8607270.0
2024-05-02 14:00:00,171.425,171.5602,7201196.0
2024-05-02 15:00:00,171.568,172.1,5895195.0
2024-05-02 16:00:00,172.105,172.1589,6533283.0
2024-05-02 17:00:00,172.16,172.6,5135430.0
2024-05-02 18:00:00,172.595,172.94,8039005.0
2024-05-02 19:00:00,172.94,173.08,14272488.0
2024-05-02 20:00:00,173.11,185.3,15680042.0
2024-05-02 21:00:00,185.3005,184.1,7228158.0
2024-05-02 22:00:00,184.09,183.52,1267711.0
2024-05-02 23:00:00,183.52,183.46,501248.0
2024-05-03 08:00:00,183.1,183.2,273238.0
2024-05-03 09:00:00,183.2,183.13,91854.0
2024-05-03 10:00:00,183.14,183.71,213148.0
2024-05-03 11:00:00,183.71,183.59,474346.0
2024-05-03 12:00:00,183.6,185.3,3182729.0
2024-05-03 13:00:00,185.3,184.115,35957707.0
2024-05-03 14:00:00,184.15,184.79,25112559.0
2024-05-03 15:00:00,184.78,184.595,14518267.0
2024-05-03 16:00:00,184.59,184.755,9509959.0
2024-05-03 17:00:00,184.76,185.055,13795876.0
2024-05-03 18:00:00,185.045,185.355,12413805.0
2024-05-03 19:00:00,185.355,183.39,24872514.0
2024-05-03 20:00:00,183.38,183.82,8267236.0
2024-05-03 21:00:00,183.82,183.85,3110714.0
2024-05-03 22:00:00,183.9,183.91,41747.0
2024-05-03 23:00:00,183.9,183.78,75956.0
2024-05-06 08:00:00,180.4,181.38,174552.0
2024-05-06 09:00:00,181.39,181.67,70617.0
2024-05-06 10:00:00,181.64,182.32,98396.0
2024-05-06 11:00:00,182.35,182.62,193067.0
2024-05-06 12:00:00,182.39,182.33,1091968.0
2024-05-06 13:00:00,182.297,182.4701,13023367.0
2024-05-06 14:00:00,182.48,182.39,11156157.0
2024-05-06 15:00:00,182.38,182.315,7199245.0
2024-05-06 16:00:00,182.315,181.53,7553996.0
2024-05-06 17:00:00,181.52,181.09,8364787.0
2024-05-06 18:00:00,181.085,181.15,6574074.0
2024-05-06 19:00:00,181.1576,181.7,12387575.0
2024-05-06 20:00:00,181.71,181.82,1016071.0
2024-05-06 21:00:00,181.83,181.83,94958.0
2024-05-06 22:00:00,181.77,181.97,43305.0
2024-05-06 23:00:00,181.95,182.89,469705.0
2024-05-07 08:00:00,183.02,183.29,71614.0
2024-05-07 09:00:00,183.13,183.34,34324.0
2024-05-07 10:00:00,183.33,183.43,40119.0
2024-05-07 11:00:00,183.32,183.28,87755.0
2024-05-07 12:00:00,183.15,183.92,2127541.0
2024-05-07 13:00:00,183.92,183.92,13485384.0
2024-05-07 14:00:00,183.93,182.6101,13901688.0
2024-05-07 15:00:00,182.62,181.57,8829256.0
2024-05-07 16:00:00,181.5699,181.865,6393856.0
2024-05-07 17:00:00,181.87,182.6875,6039929.0
2024-05-07 18:00:00,182.6801,182.4983,4548175.0
2024-05-07 19:00:00,182.49,182.37,7682339.0
2024-05-07 20:00:00,182.4,182.3948,5553175.0
2024-05-07 21:00:00,182.37,182.35,43453.0
2024-05-07 22:00:00,182.33,182.36,46716.0
2024-05-07 23:00:00,182.35,182.23,27742.0
2024-05-08 08:00:00,182.3,183.34,98498.0
2024-05-08 09:00:00,183.24,183.12,15783.0
2024-05-08 10:00:00,182.98,183.1,34957.0
2024-05-08 11:00:00,183.0,182.7,50483.0
2024-05-08 12:00:00,182.96,182.65,183610.0
2024-05-08 13:00:00,182.7,182.1,6196004.0
2024-05-08 14:00:00,182.1,182.0485,6151212.0
2024-05-08 15:00:00,182.042,182.25,4160374.0
2024-05-08 16:00:00,182.2487,182.16,4003695.0
2024-05-08 17:00:00,182.17,182.65,3629574.0
2024-05-08 18:00:00,182.645,182.805,3968002.0
2024-05-08 19:00:00,182.805,182.75,8128698.0
2024-05-08 20:00:00,182.74,182.4114,752784.0
2024-05-08 21:00:00,182.41,182.57,595351.0
2024-05-08 22:00:00,182.57,182.64,10430.0
2024-05-08 23:00:00,182.63,182.46,12409.0
2024-05-09 08:00:00,182.75,182.2,7227.0
2024-05-09 09:00:00,182.18,182.17,3796.0
2024-05-09 10:00:00,182.3,182.35,13603.0
2024-05-09 11:00:00,182.4,182.42,18147.0
2024-05-09 12:00:00,182.41,182.56,96478.0
2024-05-09 13:00:00,182.55,183.75,6148172.0
2024-05-09 14:00:00,183.75,183.2999,6938558.0
2024-05-09 15:00:00,183.3,183.541,4556014.0
2024-05-09 16:00:00,183.55,184.02,4071066.0
2024-05-09 17:00:00,184.02,184.48,6277064.0
2024-05-09 18:00:00,184.48,184.52,4337375.0
2024-05-09 19:00:00,184.52,184.65,7786708.0
2024-05-09 20:00:00,184.57,184.66,1525808.0
2024-05-09 21:00:00,184.651,184.66,80710.0
2024-05-09 22:00:00,184.57,184.8,17025.0
2024-05-09 23:00:00,184.75,184.79,38580.0
2024-05-10 08:00:00,184.57,184.82,18318.0
2024-05-10 09:00:00,184.81,184.94,31224.0
2024-05-10 10:00:00,184.95,184.8,4149.0
2024-05-10 11:00:00,184.85,184.79,28049.0
2024-05-10 12:00:00,184.95,184.69,132589.0
2024-05-10 13:00:00,184.69,183.6,7670110.0
2024-05-10 14:00:00,183.62,182.55,8748379.0
2024-05-10 15:00:00,182.55,182.575,5267640.0
2024-05-10 16:00:00,182.575,182.39,3362465.0
2024-05-10 17:00:00,182.39,182.475,3211564.0
2024-05-10 18:00:00,182.475,182.9099,4640700.0
2024-05-10 19:00:00,182.9078,182.99,7246466.0
2024-05-10 20:00:00,183.05,182.58,782261.0
2024-05-10 21:00:00,182.57,182.75,67858.0
2024-05-10 22:00:00,182.82,182.82,9015.0
2024-05-10 23:00:00,183.05,182.5,22598.0
2024-05-13 08:00:00,184.3,184.6,82938.0
2024-05-13 09:00:00,184.59,184.94,46174.0
2024-05-13 10:00:00,184.91,185.22,50860.0
2024-05-13 11:00:00,185.21,185.37,156880.0
2024-05-13 12:00:00,185.28,185.49,313206.0
2024-05-13 13:00:00,185.5,185.185,8310165.0
2024-05-13 14:00:00,185.19,186.0798,10598498.0
2024-05-13 15:00:00,186.0701,186.05,7633639.0
2024-05-13 16:00:00,186.05,186.815,7112988.0
2024-05-13 17:00:00,186.81,186.7801,7405047.0
2024-05-13 18:00:00,186.78,186.815,4839603.0
2024-05-13 19:00:00,186.8199,186.285,13489459.0
2024-05-13 20:00:00,186.28,186.26,2929035.0
2024-05-13 21:00:00,186.26,186.16,32148.0
2024-05-13 22:00:00,186.16,186.25,27835.0
2024-05-13 23:00:00,186.25,186.14,26367.0
2024-05-14 08:00:00,186.5,187.0,34262.0
2024-05-14 09:00:00,187.0,187.02,43833.0
2024-05-14 10:00:00,187.0,187.04,39431.0
2024-05-14 11:00:00,187.01,186.5,54335.0
2024-05-14 12:00:00,186.9,186.32,2863550.0
2024-05-14 13:00:00,186.34,187.01,8044705.0
2024-05-14 14:00:00,187.02,186.99,6399244.0
2024-05-14 15:00:00,187.0,186.91,4431070.0
2024-05-14 16:00:00,186.92,186.779,2801374.0
2024-05-14 17:00:00,186.78,186.94,5267541.0
2024-05-14 18:00:00,186.935,187.53,4151616.0
2024-05-14 19:00:00,187.5208,187.39,8166832.0
2024-05-14 20:00:00,187.43,187.55,2133072.0
2024-05-14 21:00:00,187.55,187.55,15566.0
2024-05-14 22:00:00,187.58,187.62,51069.0
2024-05-14 23:00:00,187.6,187.45,30901.0
2024-05-15 08:00:00,187.43,187.34,9022.0
2024-05-15 09:00:00,187.34,187.3,7641.0
2024-05-15 10:00:00,187.27,187.2,1294.0
2024-05-15 11:00:00,187.24,187.3,28818.0
2024-05-15 12:00:00,187.29,187.75,1166943.0
2024-05-15 13:00:00,187.76,188.87,7339974.0
2024-05-15 14:00:00,188.8521,189.92,11382144.0
2024-05-15 15:00:00,189.93,189.885,8322660.0
2024-05-15 16:00:00,189.89,190.39,6229274.0
2024-05-15 17:00:00,190.395,190.38,5080507.0
2024-05-15 18:00:00,190.385,189.975,5360314.0
2024-05-15 19:00:00,189.975,189.75,12522473.0
2024-05-15 20:00:00,189.72,189.78,1257746.0
2024-05-15 21:00:00,189.75,189.72,49523.0
2024-05-15 22:00:00,189.78,189.85,22001.0
2024-05-15 23:00:00,189.92,189.96,17730.0
2024-05-16 08:00:00,190.12,190.28,23678.0
2024-05-16 09:00:00,190.3,189.67,37663.0
2024-05-16 10:00:00,189.69,189.95,42783.0
2024-05-16 11:00:00,189.99,190.09,24176.0
2024-05-16 12:00:00,189.95,190.0,176652.0
2024-05-16 13:00:00,190.02,190.4999,9109532.0
2024-05-16 14:00:00,190.5,190.335,7272613.0
2024-05-16 15:00:00,190.34,190.0186,5897726.0
2024-05-16 16:00:00,190.01,190.329,4200092.0
2024-05-16 17:00:00,190.32,190.19,3404027.0
2024-05-16 18:00:00,190.185,189.94,3587803.0
2024-05-16 19:00:00,189.94,189.91,8531003.0
2024-05-16 20:00:00,189.84,189.74,2893190.0
2024-05-16 21:00:00,189.74,189.78,14345.0
2024-05-16 22:00:00,189.78,189.9378,27700.0
2024-05-16 23:00:00,189.9,190.0,16809.0
2024-05-17 08:00:00,189.78,189.58,11746.0
2024-05-17 09:00:00,189.65,189.75,2130.0
2024-05-17 10:00:00,189.75,189.72,2816.0
2024-05-17 11:00:00,189.74,189.82,22738.0
2024-05-17 12:00:00,189.78,189.9573,69651.0
2024-05-17 13:00:00,189.94,190.4,7484090.0
2024-05-17 14:00:00,190.4,189.965,4670270.0
2024-05-17 15:00:00,189.98,189.58,3308968.0
2024-05-17 16:00:00,189.5787,189.9489,3050027.0
2024-05-17 17:00:00,189.95,189.81,2830044.0
2024-05-17 18:00:00,189.8187,189.9738,2888843.0
2024-05-17 19:00:00,189.9781,189.93,7755566.0
2024-05-17 20:00:00,189.87,190.04,2016660.0
2024-05-17 21:00:00,190.03,190.0,26216.0
2024-05-17 22:00:00,190.0,190.0,3906.0
2024-05-17 23:00:00,189.99,189.92,14651.0
2024-05-20 08:00:00,189.84,189.9,13985.0
2024-05-20 09:00:00,189.79,188.66,51857.0
2024-05-20 10:00:00,188.66,188.72,26007.0
2024-05-20 11:00:00,188.75,189.02,53756.0
2024-05-20 12:00:00,188.98,189.26,177649.0
2024-05-20 13:00:00,189.3,190.9,5735064.0
2024-05-20 14:00:00,190.91,191.48,9759170.0
2024-05-20 15:00:00,191.4798,191.275,3660531.0
2024-05-20 16:00:00,191.27,191.615,3333594.0
2024-05-20 17:00:00,191.615,191.51,2895138.0
2024-05-20 18:00:00,191.51,191.1794,2677748.0
2024-05-20 19:00:00,191.185,191.08,6476885.0
2024-05-20 20:00:00,191.04,191.2,3805644.0
2024-05-20 21:00:00,191.2,191.17,19920.0
2024-05-20 22:00:00,191.17,191.12,27536.0
2024-05-20 23:00:00,191.25,191.19,12656.0
2024-05-21 08:00:00,191.18,190.81,13589.0
2024-05-21 09:00:00,190.8,190.77,4672.0
2024-05-21 10:00:00,190.8,191.22,17577.0
2024-05-21 11:00:00,191.21,191.52,26197.0
2024-05-21 12:00:00,191.29,191.39,77709.0
2024-05-21 13:00:00,191.33,192.2,5719096.0
2024-05-21 14:00:00,192.2,192.2899,6065476.0
2024-05-21 15:00:00,192.2899,192.105,4949136.0
2024-05-21 16:00:00,192.11,192.1299,3041166.0
2024-05-21 17:00:00,192.1271,192.4988,3817287.0
2024-05-21 18:00:00,192.5,192.605,3175373.0
2024-05-21 19:00:00,192.6,192.36,7384248.0
2024-05-21 20:00:00,192.35,192.35,1210884.0
2024-05-21 21:00:00,192.36,192.4,11424.0
2024-05-21 22:00:00,192.4,192.59,13101.0
2024-05-21 23:00:00,192.62,192.48,28160.0
2024-05-22 08:00:00,192.42,192.01,21533.0
2024-05-22 09:00:00,192.04,191.81,9610.0
2024-05-22 10:00:00,191.9,191.77,4131.0
2024-05-22 11:00:00,191.83,192.17,48572.0
2024-05-22 12:00:00,191.87,192.1,66363.0
2024-05-22 13:00:00,192.08,192.47,3715119.0
2024-05-22 14:00:00,192.44,192.08,4127990.0
2024-05-22 15:00:00,192.0801,191.829,3989808.0
2024-05-22 16:00:00,191.83,191.3,2520530.0
2024-05-22 17:00:00,191.3085,190.855,3213385.0
2024-05-22 18:00:00,190.85,190.81,3330027.0
2024-05-22 19:00:00,190.815,190.98,5941960.0
2024-05-22 20:00:00,190.9,190.5,1071613.0
2024-05-22 21:00:00,190.52,190.69,107526.0
2024-05-22 22:00:00,190.69,190.61,46982.0
2024-05-22 23:00:00,190.61,190.46,30835.0
2024-05-23 08:00:00,190.65,190.78,17940.0
2024-05-23 09:00:00,190.77,190.83,10092.0
2024-05-23 10:00:00,190.83,190.85,7047.0
2024-05-23 11:00:00,190.85,191.25,31308.0
2024-05-23 12:00:00,190.85,191.32,174953.0
2024-05-23 13:00:00,191.34,189.42,6438266.0
2024-05-23 14:00:00,189.42,188.725,7652417.0
2024-05-23 15:00:00,188.73,189.685,3737963.0
2024-05-23 16:00:00,189.685,188.79,3134543.0
2024-05-23 17:00:00,188.78,187.595,4585046.0
2024-05-23 18:00:00,187.59,187.27,4366927.0
2024-05-23 19:00:00,187.27,186.91,8567439.0
2024-05-23 20:00:00,186.88,186.97,1811549.0
2024-05-23 21:00:00,187.0,187.01,132685.0
2024-05-23 22:00:00,187.08,187.2999,43147.0
2024-05-23 23:00:00,187.17,187.28,26230.0
2024-05-24 08:00:00,187.9,188.4,51566.0
2024-05-24 09:00:00,188.36,188.07,9946.0
2024-05-24 10:00:00,188.18,188.35,9997.0
2024-05-24 11:00:00,188.35,188.01,49683.0
2024-05-24 12:00:00,188.25,188.2,175057.0
2024-05-24 13:00:00,188.23,188.75,5527843.0
2024-05-24 14:00:00,188.75,189.7401,5492577.0
2024-05-24 15:00:00,189.75,190.175,4394291.0
2024-05-24 16:00:00,190.175,190.355,3197279.0
2024-05-24 17:00:00,190.36,190.075,2662975.0
2024-05-24 18:00:00,190.075,190.21,2751049.0
2024-05-24 19:00:00,190.2,190.0,5125687.0
2024-05-24 20:00:00,189.98,190.0,882722.0
2024-05-24 21:00:00,189.99,189.99,14537.0
2024-05-24 22:00:00,190.0,190.09,18345.0
2024-05-24 23:00:00,190.1,189.95,11219.0
2024-05-28 08:00:00,190.8,194.29,279473.0
2024-05-28 09:00:00,194.2,194.5,115785.0
2024-05-28 10:00:00,194.6,193.7,114057.0
2024-05-28 11:00:00,193.69,193.5,233033.0
2024-05-28 12:00:00,193.56,192.98,444818.0
2024-05-28 13:00:00,192.96,191.05,9755175.0
2024-05-28 14:00:00,191.05,191.645,7172457.0
2024-05-28 15:00:00,191.66,191.475,4452949.0
2024-05-28 16:00:00,191.47,191.3057,3753526.0
2024-05-28 17:00:00,191.305,190.3222,3774379.0
2024-05-28 18:00:00,190.33,189.72,5327174.0
2024-05-28 19:00:00,189.72,190.1,7402777.0
2024-05-28 20:00:00,189.99,190.03,2240923.0
2024-05-28 21:00:00,190.0399,190.02,36353.0
2024-05-28 22:00:00,190.03,190.02,29921.0
2024-05-28 23:00:00,190.0,190.15,58338.0
2024-05-29 08:00:00,189.88,189.39,40366.0
2024-05-29 09:00:00,189.4,189.45,10243.0
2024-05-29 10:00:00,189.54,189.71,15214.0
2024-05-29 11:00:00,189.82,189.99,66136.0
2024-05-29 12:00:00,189.8,190.3,312861.0
2024-05-29 13:00:00,190.27,191.785,8561584.0
2024-05-29 14:00:00,191.8,192.1796,7912745.0
2024-05-29 15:00:00,192.17,191.4465,4950577.0
2024-05-29 16:00:00,191.45,191.8938,4264452.0
2024-05-29 17:00:00,191.895,191.78,3456161.0
2024-05-29 18:00:00,191.775,191.22,4724297.0
2024-05-29 19:00:00,191.2114,190.37,9179915.0
2024-05-29 20:00:00,190.37,189.8,943191.0
2024-05-29 21:00:00,190.29,190.5,223619.0
2024-05-29 22:00:00,190.36,190.01,43516.0
2024-05-29 23:00:00,189.99,190.25,22109.0
2024-05-30 08:00:00,190.01,190.5,25724.0
2024-05-30 09:00:00,190.5,190.6,7219.0
2024-05-30 10:00:00,190.66,190.76,8985.0
2024-05-30 11:00:00,190.7,190.2,33316.0
2024-05-30 12:00:00,190.51,190.46,171438.0
2024-05-30 13:00:00,190.5,190.89,6848636.0
2024-05-30 14:00:00,190.89,191.25,7092227.0
2024-05-30 15:00:00,191.25,191.47,3979805.0
2024-05-30 16:00:00,191.46,191.748,2908613.0
2024-05-30 17:00:00,191.7483,191.94,4000831.0
2024-05-30 18:00:00,191.925,191.74,3961179.0
2024-05-30 19:00:00,191.74,191.29,8515607.0
2024-05-30 20:00:00,191.29,191.29,1914332.0
2024-05-30 21:00:00,191.2903,191.38,87275.0
2024-05-30 22:00:00,191.39,191.52,41153.0
2024-05-30 23:00:00,191.54,191.41,36090.0
2024-05-31 08:00:00,191.0,191.15,24678.0
2024-05-31 09:00:00,191.03,190.98,15473.0
2024-05-31 10:00:00,190.99,190.68,24582.0
2024-05-31 11:00:00,190.6,191.2,64659.0
2024-05-31 12:00:00,190.84,191.65,315318.0
2024-05-31 13:00:00,191.78,191.71,6053516.0
2024-05-31 14:00:00,191.71,191.2001,7404282.0
2024-05-31 15:00:00,191.205,190.335,5608228.0
2024-05-31 16:00:00,190.33,190.04,3619836.0
2024-05-31 17:00:00,190.04,190.7701,2972908.0
2024-05-31 18:00:00,190.78,190.76,3215300.0
2024-05-31 19:00:00,190.763,192.47,14170838.0
2024-05-31 20:00:00,192.29,192.34,6472320.0
2024-05-31 21:00:00,192.35,192.46,100315.0
2024-05-31 22:00:00,192.4435,192.47,31805.0
2024-05-31 23:00:00,192.4509,192.48,15350.0
2024-06-03 08:00:00,192.45,193.1,80613.0
2024-06-03 09:00:00,193.0,192.98,41578.0
2024-06-03 10:00:00,193.0,192.8,22266.0
2024-06-03 11:00:00,192.85,192.95,65032.0
2024-06-03 12:00:00,192.8014,192.82,234458.0
2024-06-03 13:00:00,192.8,194.11,9048858.0
2024-06-03 14:00:00,194.13,193.95,8849541.0
2024-06-03 15:00:00,193.94,193.93,4963119.0
2024-06-03 16:00:00,193.9202,193.255,4366901.0
2024-06-03 17:00:00,193.255,193.61,4045228.0
2024-06-03 18:00:00,193.61,193.0499,3694936.0
2024-06-03 19:00:00,193.04,194.09,7037846.0
2024-06-03 20:00:00,194.03,194.1,1044744.0
2024-06-03 21:00:00,194.1,194.1,41780.0
2024-06-03 22:00:00,194.1,194.03,30998.0
2024-06-03 23:00:00,194.03,194.08,20771.0
2024-06-04 08:00:00,194.03,193.31,19151.0
2024-06-04 09:00:00,193.25,193.2,18089.0
2024-06-04 10:00:00,193.21,193.3,6980.0
2024-06-04 11:00:00,193.46,193.68,34349.0
2024-06-04 12:00:00,193.41,193.88,111484.0
2024-06-04 13:00:00,193.99,193.18,6447800.0
2024-06-04 14:00:00,193.18,194.1801,7110733.0
2024-06-04 15:00:00,194.19,193.8499,3733493.0
2024-06-04 16:00:00,193.845,194.525,3654976.0
2024-06-04 17:00:00,194.525,194.57,2985547.0
2024-06-04 18:00:00,194.57,194.67,5422046.0
2024-06-04 19:00:00,194.66,194.365,7231983.0
2024-06-04 20:00:00,194.35,194.4,2061486.0
2024-06-04 21:00:00,194.4,194.3994,143605.0
2024-06-04 22:00:00,194.4,194.5,614289.0
2024-06-04 23:00:00,194.51,194.64,23561.0
2024-06-05 08:00:00,194.99,194.81,21011.0
2024-06-05 09:00:00,194.85,194.79,25516.0
2024-06-05 10:00:00,194.67,194.61,25785.0
2024-06-05 11:00:00,194.82,194.83,45731.0
2024-06-05 12:00:00,194.79,195.12,141336.0
2024-06-05 13:00:00,195.11,195.78,7548681.0
2024-06-05 14:00:00,195.75,195.27,6666900.0
2024-06-05 15:00:00,195.27,196.02,7579242.0
2024-06-05 16:00:00,196.01,196.035,4216039.0
2024-06-05 17:00:00,196.04,196.67,5054941.0
2024-06-05 18:00:00,196.665,195.83,4348089.0
2024-06-05 19:00:00,195.83,195.9,8892170.0
2024-06-05 20:00:00,195.87,195.45,1334960.0
2024-06-05 21:00:00,195.5,195.4365,801654.0
2024-06-05 22:00:00,195.42,195.59,44067.0
2024-06-05 23:00:00,195.59,195.53,38492.0
2024-06-06 08:00:00,195.65,195.91,45106.0
2024-06-06 09:00:00,196.0,195.82,20482.0
2024-06-06 10:00:00,195.79,195.92,16215.0
2024-06-06 11:00:00,195.9,195.67,43013.0
2024-06-06 12:00:00,195.9,195.869,146034.0
2024-06-06 13:00:00,195.86,196.1101,5640575.0
2024-06-06 14:00:00,196.13,195.745,6283791.0
2024-06-06 15:00:00,195.74,195.53,3525750.0
2024-06-06 16:00:00,195.535,195.97,2926260.0
2024-06-06 17:00:00,195.96,195.475,3206094.0
2024-06-06 18:00:00,195.475,195.235,4103375.0
2024-06-06 19:00:00,195.235,194.48,7713578.0
2024-06-06 20:00:00,194.48,194.45,874495.0
2024-06-06 21:00:00,194.45,194.4,48827.0
2024-06-06 22:00:00,194.46,194.6408,28720.0
2024-06-06 23:00:00,194.63,194.59,18094.0
2024-06-07 08:00:00,195.02,194.73,22774.0
2024-06-07 09:00:00,194.7,194.89,3230.0
2024-06-07 10:00:00,194.88,194.9,4528.0
2024-06-07 11:00:00,194.97,195.12,49310.0
2024-06-07 12:00:00,195.0,193.72,568686.0
2024-06-07 13:00:00,193.65,194.68,6306388.0
2024-06-07 14:00:00,194.69,195.63,6647853.0
2024-06-07 15:00:00,195.64,195.85,7419011.0
2024-06-07 16:00:00,195.86,196.32,5321509.0
2024-06-07 17:00:00,196.32,196.505,4306756.0
2024-06-07 18:00:00,196.5,195.86,5264770.0
2024-06-07 19:00:00,195.87,196.9,10424039.0
2024-06-07 20:00:00,196.89,196.95,1176100.0
2024-06-07 21:00:00,196.9501,196.74,89273.0
2024-06-07 22:00:00,196.8266,196.78,23997.0
2024-06-07 23:00:00,196.79,196.9,36762.0
2024-06-10 08:00:00,197.0,197.39,73420.0
2024-06-10 09:00:00,197.41,197.37,34061.0
2024-06-10 10:00:00,197.37,197.42,45739.0
2024-06-10 11:00:00,197.42,197.59,95953.0
2024-06-10 12:00:00,197.32,197.55,443368.0
2024-06-10 13:00:00,197.565,195.409,9885950.0
2024-06-10 14:00:00,195.42,195.385,8056908.0
2024-06-10 15:00:00,195.38,195.23,5009383.0
2024-06-10 16:00:00,195.235,195.62,7027411.0
2024-06-10 17:00:00,195.61,194.95,13808515.0
2024-06-10 18:00:00,194.95,193.16,25410436.0
2024-06-10 19:00:00,193.16,193.13,16383149.0
2024-06-10 20:00:00,193.12,192.85,1675871.0
2024-06-10 21:00:00,192.8916,192.33,1055513.0
2024-06-10 22:00:00,192.3,192.54,129539.0
2024-06-10 23:00:00,192.55,192.33,147580.0
2024-06-11 08:00:00,192.48,192.0,81130.0
2024-06-11 09:00:00,191.93,191.85,32796.0
2024-06-11 10:00:00,191.74,192.74,106024.0
2024-06-11 11:00:00,192.75,192.85,175414.0
2024-06-11 12:00:00,192.5,193.05,375250.0
2024-06-11 13:00:00,193.0,199.13,20501044.0
2024-06-11 14:00:00,199.1316,203.24,38778390.0
2024-06-11 15:00:00,203.235,204.3299,29975523.0
2024-06-11 16:00:00,204.33,205.04,16440608.0
2024-06-11 17:00:00,205.0499,204.99,14076457.0
2024-06-11 18:00:00,204.985,205.6,11510966.0
2024-06-11 19:00:00,205.595,207.14,23068942.0
2024-06-11 20:00:00,207.15,207.69,4270611.0
2024-06-11 21:00:00,207.68,207.15,259576.0
2024-06-11 22:00:00,207.15,206.95,309780.0
2024-06-11 23:00:00,206.91,206.54,302648.0
2024-06-12 08:00:00,206.54,206.33,76514.0
2024-06-12 09:00:00,206.33,206.0,100514.0
2024-06-12 10:00:00,206.0,206.2,67800.0
2024-06-12 11:00:00,206.16,206.2,203915.0
2024-06-12 12:00:00,206.19,206.4,1651049.0
2024-06-12 13:00:00,206.4,214.255,35209866.0
2024-06-12 14:00:00,214.26,216.6031,33026876.0
2024-06-12 15:00:00,216.61,216.5075,23667127.0
2024-06-12 16:00:00,216.51,215.8257,15185227.0
2024-06-12 17:00:00,215.8399,217.49,11505087.0
2024-06-12 18:00:00,217.49,219.78,24836352.0
2024-06-12 19:00:00,219.78,213.08,38597736.0
2024-06-12 20:00:00,213.07,213.92,1550899.0
2024-06-12 21:00:00,213.96,213.7,2596684.0
2024-06-12 22:00:00,213.74,213.2,280309.0
2024-06-12 23:00:00,213.2138,214.2,394421.0
2024-06-13 08:00:00,214.52,214.19,185969.0
2024-06-13 09:00:00,214.26,213.5,103311.0
2024-06-13 10:00:00,213.45,213.23,77911.0
2024-06-13 11:00:00,213.24,213.0,209308.0
2024-06-13 12:00:00,213.43,213.93,1607569.0
2024-06-13 13:00:00,213.94,214.73,19944000.0
2024-06-13 14:00:00,214.75,212.8601,13162726.0
2024-06-13 15:00:00,212.88,213.74,9848332.0
2024-06-13 16:00:00,213.745,212.296,9260515.0
2024-06-13 17:00:00,212.29,212.6937,6673084.0
2024-06-13 18:00:00,212.7,213.98,6902283.0
2024-06-13 19:00:00,213.97,214.13,17103109.0
2024-06-13 20:00:00,214.16,214.71,2986223.0
2024-06-13 21:00:00,214.71,214.5,424154.0
2024-06-13 22:00:00,214.46,214.38,52333.0
2024-06-13 23:00:00,214.4,214.6,67386.0
2024-06-14 08:00:00,214.4,214.23,89878.0
2024-06-14 09:00:00,214.23,213.7,41997.0
2024-06-14 10:00:00,213.65,213.55,93254.0
2024-06-14 11:00:00,213.4,213.3,98089.0
2024-06-14 12:00:00,212.8,213.48,326270.0
2024-06-14 13:00:00,213.49,213.7499,8663083.0
2024-06-14 14:00:00,213.74,213.1115,11403529.0
2024-06-14 15:00:00,213.12,212.55,9157026.0
2024-06-14 16:00:00,212.54,212.18,9142480.0
2024-06-14 17:00:00,212.19,212.37,5800456.0
2024-06-14 18:00:00,212.37,212.165,4731418.0
2024-06-14 19:00:00,212.16,212.52,10451159.0
2024-06-14 20:00:00,212.49,212.49,2566226.0
2024-06-14 21:00:00,212.48,212.6,120333.0
2024-06-14 22:00:00,212.62,212.69,166596.0
2024-06-14 23:00:00,212.69,212.44,45261.0
2024-06-17 08:00:00,212.62,214.04,203269.0
2024-06-17 09:00:00,214.01,213.8,47195.0
2024-06-17 10:00:00,213.9,213.89,87126.0
2024-06-17 11:00:00,213.71,213.92,147728.0
2024-06-17 12:00:00,213.78,213.82,607051.0
2024-06-17 13:00:00,213.87,213.55,11434797.0
2024-06-17 14:00:00,213.54,216.88,17391465.0
2024-06-17 15:00:00,216.88,216.345,10138044.0
2024-06-17 16:00:00,216.34,217.074,6220068.0
2024-06-17 17:00:00,217.08,217.9399,8184859.0
2024-06-17 18:00:00,217.92,218.7066,8511052.0
2024-06-17 19:00:00,218.705,216.71,17135417.0
2024-06-17 20:00:00,216.67,216.58,2146742.0
2024-06-17 21:00:00,216.58,217.05,91516.0
2024-06-17 22:00:00,217.05,216.82,53174.0
2024-06-17 23:00:00,216.8,216.76,76284.0
2024-06-18 08:00:00,216.81,216.9,61165.0
2024-06-18 09:00:00,216.96,218.2,130297.0
2024-06-18 10:00:00,218.17,217.71,33485.0
2024-06-18 11:00:00,217.77,217.83,140446.0
2024-06-18 12:00:00,217.8,217.3,419524.0
2024-06-18 13:00:00,217.2,214.6666,13963380.0
2024-06-18 14:00:00,214.68,215.495,10965318.0
2024-06-18 15:00:00,215.4998,213.59,10735526.0
2024-06-18 16:00:00,213.58,214.2,7840152.0
2024-06-18 17:00:00,214.18,213.575,5741628.0
2024-06-18 18:00:00,213.575,213.865,5641062.0
2024-06-18 19:00:00,213.865,214.38,12307191.0
2024-06-18 20:00:00,214.29,214.17,1651452.0
2024-06-18 21:00:00,214.21,214.06,146482.0
2024-06-18 22:00:00,214.05,214.15,60696.0
2024-06-18 23:00:00,214.11,214.02,43353.0
2024-06-20 08:00:00,215.31,214.62,102273.0
2024-06-20 09:00:00,214.66,214.65,26009.0
2024-06-20 10:00:00,214.69,214.37,35579.0
2024-06-20 11:00:00,214.36,213.65,109333.0
2024-06-20 12:00:00,214.3,213.7,1159481.0
2024-06-20 13:00:00,213.67,212.8168,10615246.0
2024-06-20 14:00:00,212.82,211.21,13756913.0
2024-06-20 15:00:00,211.22,210.8738,11212433.0
2024-06-20 16:00:00,210.88,209.895,7408368.0
2024-06-20 17:00:00,209.895,209.8,6556459.0
2024-06-20 18:00:00,209.79,210.022,6898934.0
2024-06-20 19:00:00,210.02,209.56,14169029.0
2024-06-20 20:00:00,209.68,209.95,2225471.0
2024-06-20 21:00:00,209.95,209.5,83636.0
2024-06-20 22:00:00,209.69,210.02,46904.0
2024-06-20 23:00:00,210.04,210.0,35543.0
2024-06-21 08:00:00,209.47,209.0,69549.0
2024-06-21 09:00:00,209.0,209.04,25310.0
2024-06-21 10:00:00,209.09,210.15,43584.0
2024-06-21 11:00:00,210.01,210.35,138942.0
2024-06-21 12:00:00,210.3,211.2,467088.0
2024-06-21 13:00:00,211.21,210.43,22473715.0
2024-06-21 14:00:00,210.44,211.06,9416275.0
2024-06-21 15:00:00,211.055,211.2693,7263149.0
2024-06-21 16:00:00,211.28,210.22,7927174.0
2024-06-21 17:00:00,210.225,210.3,5347921.0
2024-06-21 18:00:00,210.3,210.16,6575608.0
2024-06-21 19:00:00,210.1699,207.11,24560464.0
2024-06-21 20:00:00,207.49,207.65,15697132.0
2024-06-21 21:00:00,207.63,207.6999,319055.0
2024-06-21 22:00:00,207.69,207.42,161923.0
2024-06-21 23:00:00,207.43,207.22,147164.0
2024-06-24 08:00:00,207.4,207.78,61974.0
2024-06-24 09:00:00,207.73,207.06,70844.0
2024-06-24 10:00:00,207.1,207.8,66736.0
2024-06-24 11:00:00,207.84,207.75,215351.0
2024-06-24 12:00:00,207.7504,207.976,327026.0
2024-06-24 13:00:00,207.96,208.7,9592947.0
2024-06-24 14:00:00,208.7,210.57,11354224.0
2024-06-24 15:00:00,210.562,211.8499,12721137.0
2024-06-24 16:00:00,211.83,209.7699,7318659.0
2024-06-24 17:00:00,209.765,209.26,5885920.0
2024-06-24 18:00:00,209.25,208.85,5978763.0
2024-06-24 19:00:00,208.845,208.15,10952940.0
2024-06-24 20:00:00,208.14,208.84,2754160.0
2024-06-24 21:00:00,208.9,208.75,68333.0
2024-06-24 22:00:00,208.75,208.9571,57380.0
2024-06-24 23:00:00,208.95,209.12,58334.0
2024-06-25 08:00:00,208.92,209.15,48442.0
2024-06-25 09:00:00,208.91,209.01,43186.0
2024-06-25 10:00:00,209.0,209.71,43703.0
2024-06-25 11:00:00,209.8,209.7,75580.0
2024-06-25 12:00:00,209.7,209.7997,534851.0
2024-06-25 13:00:00,209.71,210.1096,9548535.0
2024-06-25 14:00:00,210.11,209.3,7167897.0
2024-06-25 15:00:00,209.29,210.33,4854305.0
2024-06-25 16:00:00,210.32,209.7166,3176198.0
2024-06-25 17:00:00,209.715,210.28,3559511.0
2024-06-25 18:00:00,210.2801,210.46,3555972.0
2024-06-25 19:00:00,210.45,209.07,7637311.0
2024-06-25 20:00:00,209.07,209.1608,1803288.0
2024-06-25 21:00:00,209.14,209.26,364826.0
2024-06-25 22:00:00,209.26,209.19,31118.0
2024-06-25 23:00:00,209.13,209.14,42661.0
2024-06-26 08:00:00,209.35,209.9,44706.0
2024-06-26 09:00:00,209.73,209.7,5235.0
2024-06-26 10:00:00,209.7,211.0,140149.0
2024-06-26 11:00:00,211.0,211.15,149083.0
2024-06-26 12:00:00,210.9,210.38,343927.0
2024-06-26 13:00:00,210.3969,211.53,8850916.0
2024-06-26 14:00:00,211.49,213.195,10616524.0
2024-06-26 15:00:00,213.195,214.27,7706558.0
2024-06-26 16:00:00,214.26,213.83,5815138.0
2024-06-26 17:00:00,213.83,214.0122,3837066.0
2024-06-26 18:00:00,214.01,214.15,6086433.0
2024-06-26 19:00:00,214.15,213.1,9195956.0
2024-06-26 20:00:00,213.25,213.22,1512902.0
2024-06-26 21:00:00,213.23,212.95,1527993.0
2024-06-26 22:00:00,212.96,212.65,37233.0
2024-06-26 23:00:00,212.61,212.8,68839.0
2024-06-27 08:00:00,213.08,213.1,8398.0
2024-06-27 09:00:00,213.19,213.8,29810.0
2024-06-27 10:00:00,213.84,213.99,16817.0
2024-06-27 11:00:00,214.06,214.16,63233.0
2024-06-27 12:00:00,213.92,214.41,206556.0
2024-06-27 13:00:00,214.4195,214.41,9643428.0
2024-06-27 14:00:00,214.42,213.28,8449049.0
2024-06-27 15:00:00,213.275,213.205,4814111.0
2024-06-27 16:00:00,213.2,213.67,4391510.0
2024-06-27 17:00:00,213.67,213.635,2811241.0
2024-06-27 18:00:00,213.635,213.74,3597346.0
2024-06-27 19:00:00,213.75,214.11,6892840.0
2024-06-27 20:00:00,214.07,214.15,735213.0
2024-06-27 21:00:00,214.15,214.19,18890.0
2024-06-27 22:00:00,214.1201,214.47,33556.0
2024-06-27 23:00:00,214.4666,214.45,27557.0
2024-06-28 08:00:00,214.12,214.69,12664.0
2024-06-28 09:00:00,214.68,216.32,81306.0
2024-06-28 10:00:00,216.3,216.15,44401.0
2024-06-28 11:00:00,216.11,215.92,124279.0
2024-06-28 12:00:00,215.8,215.839,380431.0
2024-06-28 13:00:00,215.8,214.325,7759838.0
2024-06-28 14:00:00,214.34,214.37,8376329.0
2024-06-28 15:00:00,214.36,214.19,5908951.0
2024-06-28 16:00:00,214.185,213.955,5384908.0
2024-06-28 17:00:00,213.95,213.92,3929889.0
2024-06-28 18:00:00,213.92,213.145,4456278.0
2024-06-28 19:00:00,213.15,210.61,16327171.0
2024-06-28 20:00:00,210.63,211.23,8074179.0
2024-06-28 21:00:00,211.2107,211.18,130624.0
2024-06-28 22:00:00,211.2,211.19,13339.0
2024-06-28 23:00:00,211.19,211.66,50076.0
2024-07-01 08:00:00,211.89,211.09,53813.0
2024-07-01 09:00:00,211.09,210.99,36353.0
2024-07-01 10:00:00,211.19,211.15,9813.0
2024-07-01 11:00:00,211.14,211.65,57258.0
2024-07-01 12:00:00,211.32,211.45,204114.0
2024-07-01 13:00:00,211.51,213.15,7982331.0
2024-07-01 14:00:00,213.15,215.36,10725670.0
2024-07-01 15:00:00,215.36,215.69,6204418.0
2024-07-01 16:00:00,215.685,216.9824,9128005.0
2024-07-01 17:00:00,216.9999,216.72,5525382.0
2024-07-01 18:00:00,216.72,215.75,4471988.0
2024-07-01 19:00:00,215.74,216.73,8220383.0
2024-07-01 20:00:00,216.75,216.95,1393331.0
2024-07-01 21:00:00,216.93,217.05,167252.0
2024-07-01 22:00:00,217.05,216.8006,38801.0
2024-07-01 23:00:00,216.9267,216.66,49191.0
2024-07-02 08:00:00,216.5,216.1,40576.0
2024-07-02 09:00:00,216.07,215.9,18157.0
2024-07-02 10:00:00,215.9,215.99,8978.0
2024-07-02 11:00:00,216.05,215.7,52669.0
2024-07-02 12:00:00,215.92,215.7,181140.0
2024-07-02 13:00:00,215.76,217.985,8055169.0
2024-07-02 14:00:00,218.0,219.5398,11621365.0
2024-07-02 15:00:00,219.54,219.27,8841214.0
2024-07-02 16:00:00,219.26,219.17,4020105.0
2024-07-02 17:00:00,219.1601,219.5998,3207431.0
2024-07-02 18:00:00,219.59,219.78,5020530.0
2024-07-02 19:00:00,219.78,220.37,6748517.0
2024-07-02 20:00:00,220.27,219.68,1789491.0
2024-07-02 21:00:00,219.68,219.55,73889.0
2024-07-02 22:00:00,219.6,219.5915,42516.0
2024-07-02 23:00:00,219.6,219.41,42541.0
2024-07-03 08:00:00,220.0,219.7,34981.0
2024-07-03 09:00:00,219.62,219.71,26352.0
2024-07-03 10:00:00,219.71,219.6,24804.0
2024-07-03 11:00:00,219.64,219.45,71816.0
2024-07-03 12:00:00,219.635,219.61,229498.0
2024-07-03 13:00:00,219.6001,221.14,8294137.0
2024-07-03 14:00:00,221.16,220.54,9067357.0
2024-07-03 15:00:00,220.55,220.3099,5592732.0
2024-07-03 16:00:00,220.32,221.54,8297898.0
2024-07-03 17:00:00,221.51,221.55,4468411.0
2024-07-03 20:00:00,220.88,221.08,14189.0
2024-07-05 08:00:00,221.86,221.31,32353.0
2024-07-05 09:00:00,221.34,221.5,7709.0
2024-07-05 10:00:00,221.46,221.46,6684.0
2024-07-05 11:00:00,221.38,221.73,59210.0
2024-07-05 12:00:00,221.15,221.3,207446.0
2024-07-05 13:00:00,221.4628,224.1052,9442013.0
2024-07-05 14:00:00,224.11,224.26,11256664.0
2024-07-05 15:00:00,224.25,225.3,5607281.0
2024-07-05 16:00:00,225.3,225.07,4113376.0
2024-07-05 17:00:00,225.065,225.135,4643187.0
2024-07-05 18:00:00,225.1399,225.23,3668253.0
2024-07-05 19:00:00,225.23,226.32,9741993.0
2024-07-05 20:00:00,226.34,226.2,2555968.0
2024-07-05 21:00:00,226.2,226.3116,37298.0
2024-07-05 22:00:00,226.32,226.35,21192.0
2024-07-05 23:00:00,226.35,226.5092,60531.0
2024-07-08 08:00:00,227.6,227.5,61379.0
2024-07-08 09:00:00,227.36,227.16,21446.0
2024-07-08 10:00:00,227.23,227.1,15437.0
2024-07-08 11:00:00,227.1,227.84,108457.0
2024-07-08 12:00:00,227.0,227.48,662545.0
2024-07-08 13:00:00,227.48,223.67,10590261.0
2024-07-08 14:00:00,223.67,225.42,8718618.0
2024-07-08 15:00:00,225.43,226.5,7216874.0
2024-07-08 16:00:00,226.49,226.68,5105139.0
2024-07-08 17:00:00,226.69,226.46,4309816.0
2024-07-08 18:00:00,226.45,226.976,4766366.0
2024-07-08 19:00:00,226.975,227.8,8535529.0
2024-07-08 20:00:00,227.82,227.65,1331014.0
2024-07-08 21:00:00,227.64,227.95,153421.0
2024-07-08 22:00:00,227.9,227.86,33997.0
2024-07-08 23:00:00,227.9176,228.39,78998.0
2024-07-09 08:00:00,228.27,227.55,46737.0
2024-07-09 09:00:00,227.74,227.47,25062.0
2024-07-09 10:00:00,227.63,227.74,9126.0
2024-07-09 11:00:00,227.74,227.53,62949.0
2024-07-09 12:00:00,227.75,228.3002,235025.0
2024-07-09 13:00:00,228.3,228.175,7097198.0
2024-07-09 14:00:00,228.175,228.42,11235687.0
2024-07-09 15:00:00,228.43,228.2001,4943433.0
2024-07-09 16:00:00,228.21,228.5101,4301927.0
2024-07-09 17:00:00,228.525,228.1,3397684.0
2024-07-09 18:00:00,228.1,228.29,3321088.0
2024-07-09 19:00:00,228.28,228.7,6505828.0
2024-07-09 20:00:00,228.68,228.62,1077004.0
2024-07-09 21:00:00,228.6196,228.68,38347.0
2024-07-09 22:00:00,228.68,228.9365,61904.0
2024-07-09 23:00:00,228.95,229.0,38464.0
2024-07-10 08:00:00,229.11,229.11,21731.0
2024-07-10 09:00:00,229.21,229.12,10156.0
2024-07-10 10:00:00,229.13,229.55,50730.0
2024-07-10 11:00:00,229.42,229.7,41797.0
2024-07-10 12:00:00,229.57,229.55,316628.0
2024-07-10 13:00:00,229.56,231.3013,9043449.0
2024-07-10 14:00:00,231.31,230.2872,8945499.0
2024-07-10 15:00:00,230.29,231.28,4803127.0
2024-07-10 16:00:00,231.29,231.324,11223801.0
2024-07-10 17:00:00,231.32,231.96,5798984.0
2024-07-10 18:00:00,231.965,232.155,3656340.0
2024-07-10 19:00:00,232.145,232.91,9492023.0
2024-07-10 20:00:00,232.98,232.55,997041.0
2024-07-10 21:00:00,232.54,232.6742,100222.0
2024-07-10 22:00:00,232.6802,232.5018,40010.0
2024-07-10 23:00:00,232.5,232.37,34632.0
2024-07-11 08:00:00,232.81,232.7,37698.0
2024-07-11 09:00:00,232.68,232.7,14912.0
2024-07-11 10:00:00,232.69,232.63,9975.0
2024-07-11 11:00:00,232.62,232.14,61111.0
2024-07-11 12:00:00,232.58,232.06,735257.0
2024-07-11 13:00:00,232.0,231.83,8733382.0
2024-07-11 14:00:00,231.83,226.66,12467578.0
2024-07-11 15:00:00,226.66,226.86,9308693.0
2024-07-11 16:00:00,226.864,227.72,6994714.0
2024-07-11 17:00:00,227.72,226.82,3442991.0
2024-07-11 18:00:00,226.82,227.87,3575593.0
2024-07-11 19:00:00,227.88,227.55,8354897.0
2024-07-11 20:00:00,227.69,227.71,688402.0
2024-07-11 21:00:00,227.7,227.9,72261.0
2024-07-11 22:00:00,227.85,228.34,92484.0
2024-07-11 23:00:00,228.42,228.05,128412.0
2024-07-12 08:00:00,228.0,228.37,40825.0
2024-07-12 09:00:00,228.47,228.44,23400.0
2024-07-12 10:00:00,228.47,228.3,18300.0
2024-07-12 11:00:00,228.3,228.58,70265.0
2024-07-12 12:00:00,228.31,228.2,717904.0
2024-07-12 13:00:00,228.27,231.35,8270479.0
2024-07-12 14:00:00,231.36,231.85,8779050.0
2024-07-12 15:00:00,231.84,230.9001,6397054.0
2024-07-12 16:00:00,230.9,231.445,4765757.0
2024-07-12 17:00:00,231.45,232.295,4461024.0
2024-07-12 18:00:00,232.28,232.22,3214275.0
2024-07-12 19:00:00,232.215,230.56,7879621.0
2024-07-12 20:00:00,230.54,230.18,1252972.0
2024-07-12 21:00:00,230.18,230.28,168369.0
2024-07-12 22:00:00,230.27,230.23,10980.0
2024-07-12 23:00:00,230.23,230.427,24644.0
2024-07-15 08:00:00,232.22,234.4,226373.0
2024-07-15 09:00:00,234.5,235.07,175817.0
2024-07-15 10:00:00,235.0,235.09,66472.0
2024-07-15 11:00:00,235.03,234.7,225517.0
2024-07-15 12:00:00,234.9101,235.06,552522.0
2024-07-15 13:00:00,235.1,234.4901,13966205.0
2024-07-15 14:00:00,234.5,235.5013,8688567.0
2024-07-15 15:00:00,235.51,235.09,7987526.0
2024-07-15 16:00:00,235.09,235.4529,3690337.0
2024-07-15 17:00:00,235.46,234.5499,4208948.0
2024-07-15 18:00:00,234.538,234.7837,3611405.0
2024-07-15 19:00:00,234.78,234.42,8079199.0
2024-07-15 20:00:00,234.4,234.95,4320792.0
2024-07-15 21:00:00,234.9799,234.99,108210.0
2024-07-15 22:00:00,234.99,235.26,42048.0
2024-07-15 23:00:00,235.26,235.57,52508.0
2024-07-16 08:00:00,236.0,235.01,54990.0
2024-07-16 09:00:00,235.05,234.99,22259.0
2024-07-16 10:00:00,235.0,235.15,13911.0
2024-07-16 11:00:00,235.15,235.18,49701.0
2024-07-16 12:00:00,235.08,234.82,225559.0
2024-07-16 13:00:00,234.85,234.4,6921829.0
2024-07-16 14:00:00,234.37,234.1,7223363.0
2024-07-16 15:00:00,234.092,233.91,3540704.0
2024-07-16 16:00:00,233.92,233.59,5200785.0
2024-07-16 17:00:00,233.56,234.13,2957492.0
2024-07-16 18:00:00,234.1136,234.79,3113904.0
2024-07-16 19:00:00,234.795,234.81,4563513.0
2024-07-16 20:00:00,234.82,234.55,587825.0
2024-07-16 21:00:00,234.56,234.64,23041.0
2024-07-16 22:00:00,234.62,234.65,20006.0
2024-07-16 23:00:00,234.6512,234.3195,35332.0
2024-07-17 08:00:00,233.41,231.14,146320.0
2024-07-17 09:00:00,231.0,231.0,49887.0
2024-07-17 10:00:00,230.94,230.15,92555.0
2024-07-17 11:00:00,230.49,229.8,288530.0
2024-07-17 12:00:00,230.5469,230.1002,556357.0
2024-07-17 13:00:00,230.1001,229.01,10330637.0
2024-07-17 14:00:00,229.0,227.77,9285999.0
2024-07-17 15:00:00,227.765,228.71,5233229.0
2024-07-17 16:00:00,228.72,228.71,3943532.0
2024-07-17 17:00:00,228.72,228.631,3478637.0
2024-07-17 18:00:00,228.64,229.2,4859122.0
2024-07-17 19:00:00,229.195,228.88,8880075.0
2024-07-17 20:00:00,228.88,229.05,1236065.0
2024-07-17 21:00:00,229.05,228.93,871143.0
2024-07-17 22:00:00,228.97,229.1859,45110.0
2024-07-17 23:00:00,229.1,229.13,33969.0
2024-07-18 08:00:00,229.34,231.04,57747.0
2024-07-18 09:00:00,231.1,230.48,40219.0
2024-07-18 10:00:00,230.34,230.07,33451.0
2024-07-18 11:00:00,230.09,230.0,64099.0
2024-07-18 12:00:00,229.85,230.94,295044.0
2024-07-18 13:00:00,230.912,227.03,7302709.0
2024-07-18 14:00:00,227.005,226.59,9377687.0
2024-07-18 15:00:00,226.59,223.49,12214995.0
2024-07-18 16:00:00,223.49,224.21,6840341.0
2024-07-18 17:00:00,224.2,224.7,5884951.0
2024-07-18 18:00:00,224.71,224.785,4093703.0
2024-07-18 19:00:00,224.78,224.19,7776628.0
2024-07-18 20:00:00,224.18,224.74,4995889.0
2024-07-18 21:00:00,224.73,225.17,75625.0
2024-07-18 22:00:00,225.17,225.26,49369.0
2024-07-18 23:00:00,225.25,224.9887,21479.0
2024-07-19 08:00:00,224.13,223.0,85232.0
2024-07-19 09:00:00,222.93,224.85,72027.0
2024-07-19 10:00:00,224.79,225.1,57424.0
2024-07-19 11:00:00,225.0,225.9,84463.0
2024-07-19 12:00:00,225.15,226.28,678824.0
2024-07-19 13:00:00,226.3,225.825,9813652.0
2024-07-19 14:00:00,225.81,224.8,6506610.0
2024-07-19 15:00:00,224.81,224.99,6046776.0
2024-07-19 16:00:00,224.97,223.99,3853144.0
2024-07-19 17:00:00,223.97,224.61,3120084.0
2024-07-19 18:00:00,224.6,224.44,3221792.0
2024-07-19 19:00:00,224.45,224.33,7448044.0
2024-07-19 20:00:00,224.31,224.46,366172.0
2024-07-19 21:00:00,224.46,224.35,448959.0
2024-07-19 22:00:00,224.35,224.3,136846.0
2024-07-19 23:00:00,224.3007,224.3271,10439.0
2024-07-22 08:00:00,224.35,225.4,20577.0
2024-07-22 09:00:00,225.4,225.65,8079.0
2024-07-22 10:00:00,225.62,226.5,28506.0
2024-07-22 11:00:00,226.5,226.78,69534.0
2024-07-22 12:00:00,226.4091,226.8,313759.0
2024-07-22 13:00:00,226.8,226.71,6063265.0
2024-07-22 14:00:00,226.7,225.96,6117944.0
2024-07-22 15:00:00,225.96,224.0007,6677349.0
2024-07-22 16:00:00,224.0,224.28,3752577.0
2024-07-22 17:00:00,224.31,225.19,3521927.0
2024-07-22 18:00:00,225.21,225.14,2842161.0
2024-07-22 19:00:00,225.14,223.93,7316462.0
2024-07-22 20:00:00,223.96,224.03,1200933.0
2024-07-22 21:00:00,224.02,224.02,17194.0
2024-07-22 22:00:00,224.1,224.16,15128.0
2024-07-22 23:00:00,224.1597,223.89,27939.0
2024-07-23 08:00:00,224.24,223.38,27302.0
2024-07-23 09:00:00,223.3,223.81,13006.0
2024-07-23 10:00:00,223.7,223.54,14971.0
2024-07-23 11:00:00,223.82,224.28,34091.0
2024-07-23 12:00:00,224.07,223.8,121608.0
2024-07-23 13:00:00,223.78,224.15,4665773.0
2024-07-23 14:00:00,224.175,224.65,4340044.0
2024-07-23 15:00:00,224.67,226.61,6255663.0
2024-07-23 16:00:00,226.63,225.254,3553967.0
2024-07-23 17:00:00,225.26,225.008,3414375.0
2024-07-23 18:00:00,225.0,224.78,2598243.0
2024-07-23 19:00:00,224.78,224.98,5396406.0
2024-07-23 20:00:00,225.01,224.93,3382519.0
2024-07-23 21:00:00,224.98,224.5626,211695.0
2024-07-23 22:00:00,224.56,224.76,70935.0
2024-07-23 23:00:00,224.6,224.2781,43918.0
2024-07-24 08:00:00,223.44,223.76,30895.0
2024-07-24 09:00:00,223.84,224.1,38917.0
2024-07-24 10:00:00,224.27,225.0,58851.0
2024-07-24 11:00:00,225.0,224.8,48655.0
2024-07-24 12:00:00,225.0,223.88,241874.0
2024-07-24 13:00:00,223.8,221.29,7242080.0
2024-07-24 14:00:00,221.28,218.8302,8376949.0
2024-07-24 15:00:00,218.86,218.04,7255470.0
2024-07-24 16:00:00,218.04,217.815,5947519.0
2024-07-24 17:00:00,217.83,218.1803,3728251.0
2024-07-24 18:00:00,218.19,218.1735,4051024.0
2024-07-24 19:00:00,218.17,218.57,10129443.0
2024-07-24 20:00:00,218.54,218.41,1110116.0
2024-07-24 21:00:00,218.4101,217.85,1768971.0
2024-07-24 22:00:00,217.86,217.9601,94973.0
2024-07-24 23:00:00,217.9841,218.1448,81744.0
2024-07-25 08:00:00,217.4,217.14,127000.0
2024-07-25 09:00:00,217.1,216.46,57393.0
2024-07-25 10:00:00,216.5,217.2,70173.0
2024-07-25 11:00:00,217.06,217.0,144538.0
2024-07-25 12:00:00,217.24,218.16,310957.0
2024-07-25 13:00:00,218.14,215.56,7191224.0
2024-07-25 14:00:00,215.55,218.5599,10687753.0
2024-07-25 15:00:00,218.54,219.3549,5475512.0
2024-07-25 16:00:00,219.36,220.2089,5012045.0
2024-07-25 17:00:00,220.2,220.348,3763029.0
2024-07-25 18:00:00,220.35,218.64,3546876.0
2024-07-25 19:00:00,218.62,217.49,7505357.0
2024-07-25 20:00:00,217.49,218.06,897916.0
2024-07-25 21:00:00,218.1,217.8501,42362.0
2024-07-25 22:00:00,217.85,217.7,61633.0
2024-07-25 23:00:00,217.7,217.91,35395.0
2024-07-26 08:00:00,218.9,220.0,34011.0
2024-07-26 09:00:00,220.25,219.63,13973.0
2024-07-26 10:00:00,219.63,219.2,23029.0
2024-07-26 11:00:00,219.2,219.87,62449.0
2024-07-26 12:00:00,219.4,219.45,220978.0
2024-07-26 13:00:00,219.4919,217.68,6449319.0
2024-07-26 14:00:00,217.664,217.515,6352201.0
2024-07-26 15:00:00,217.51,218.5,4655328.0
2024-07-26 16:00:00,218.5,219.26,3414888.0
2024-07-26 17:00:00,219.27,218.0762,3495925.0
2024-07-26 18:00:00,218.06,217.7801,2939891.0
2024-07-26 19:00:00,217.78,218.1,6253622.0
2024-07-26 20:00:00,217.99,217.87,1176581.0
2024-07-26 21:00:00,217.87,217.81,17565.0
2024-07-26 22:00:00,217.82,217.82,14318.0
2024-07-26 23:00:00,217.81,217.9,8928.0
2024-07-29 08:00:00,218.69,218.29,29616.0
2024-07-29 09:00:00,218.3,218.75,10712.0
2024-07-29 10:00:00,218.51,217.7,55853.0
2024-07-29 11:00:00,217.8,218.0,76135.0
2024-07-29 12:00:00,217.5,217.0,313016.0
2024-07-29 13:00:00,217.02,218.94,6191847.0
2024-07-29 14:00:00,218.95,217.815,5521755.0
2024-07-29 15:00:00,217.83,218.03,4129476.0
2024-07-29 16:00:00,218.04,218.78,2711680.0
2024-07-29 17:00:00,218.79,218.36,3003021.0
2024-07-29 18:00:00,218.37,218.57,3061864.0
2024-07-29 19:00:00,218.56,218.22,5564125.0
2024-07-29 20:00:00,218.24,218.31,352984.0
2024-07-29 21:00:00,218.38,218.18,21287.0
2024-07-29 22:00:00,218.26,218.15,17992.0
2024-07-29 23:00:00,218.2997,217.19,30551.0
2024-07-30 08:00:00,218.42,218.79,17568.0
2024-07-30 09:00:00,218.8,218.69,13056.0
2024-07-30 10:00:00,218.74,218.99,13492.0
2024-07-30 11:00:00,219.0,219.15,35460.0
2024-07-30 12:00:00,218.9,219.59,107524.0
2024-07-30 13:00:00,219.6,219.64,5060614.0
2024-07-30 14:00:00,219.66,218.7213,5512588.0
2024-07-30 15:00:00,218.729,216.545,5171987.0
2024-07-30 16:00:00,216.5533,216.15,2973056.0
2024-07-30 17:00:00,216.17,217.58,2905663.0
2024-07-30 18:00:00,217.585,218.2,3220187.0
2024-07-30 19:00:00,218.21,218.79,7355251.0
2024-07-30 20:00:00,218.77,217.45,1559172.0
2024-07-30 21:00:00,217.4,217.12,682281.0
2024-07-30 22:00:00,217.23,217.61,106403.0
2024-07-30 23:00:00,217.59,218.1,55230.0
2024-07-31 08:00:00,219.67,220.24,53743.0
2024-07-31 09:00:00,220.33,220.49,26320.0
2024-07-31 10:00:00,220.26,220.42,20850.0
2024-07-31 11:00:00,220.32,220.25,112414.0
2024-07-31 12:00:00,220.0,221.3,376320.0
2024-07-31 13:00:00,221.28,221.98,6377899.0
2024-07-31 14:00:00,221.98,222.61,6842225.0
2024-07-31 15:00:00,222.605,222.55,3828197.0
2024-07-31 16:00:00,222.57,222.54,2623326.0
2024-07-31 17:00:00,222.54,222.17,4044635.0
2024-07-31 18:00:00,222.19,222.665,3555974.0
2024-07-31 19:00:00,222.665,221.99,8635406.0
2024-07-31 20:00:00,222.08,222.32,3128490.0
2024-07-31 21:00:00,222.401,222.83,121835.0
2024-07-31 22:00:00,222.85,223.3,364090.0
2024-07-31 23:00:00,223.25,223.8,90021.0
2024-08-01 08:00:00,223.8,223.05,44591.0
2024-08-01 09:00:00,223.26,223.62,18201.0
2024-08-01 10:00:00,223.6,224.0,25534.0
2024-08-01 11:00:00,224.0,224.25,136537.0
2024-08-01 12:00:00,223.98,224.44,335241.0
2024-08-01 13:00:00,224.44,224.28,5933066.0
2024-08-01 14:00:00,224.24,220.985,7658230.0
2024-08-01 15:00:00,221.0,219.8,5043113.0
2024-08-01 16:00:00,219.7901,218.74,4545337.0
2024-08-01 17:00:00,218.72,218.63,5485080.0
2024-08-01 18:00:00,218.62,217.495,5882393.0
2024-08-01 19:00:00,217.48,218.28,10447032.0
2024-08-01 20:00:00,218.36,219.77,3940837.0
2024-08-01 21:00:00,219.75,219.0,3292103.0
2024-08-01 22:00:00,220.0,220.0,542730.0
2024-08-01 23:00:00,220.0,219.6,260017.0
2024-08-02 08:00:00,217.9,218.15,83829.0
2024-08-02 09:00:00,218.0,218.01,39669.0
2024-08-02 10:00:00,218.05,220.47,105605.0
2024-08-02 11:00:00,220.1,217.5,321140.0
2024-08-02 12:00:00,220.02,215.3,1291240.0
2024-08-02 13:00:00,215.36,223.24,17230299.0
2024-08-02 14:00:00,223.205,222.4,19539631.0
2024-08-02 15:00:00,222.41,223.205,9945863.0
2024-08-02 16:00:00,223.205,224.235,8681216.0
2024-08-02 17:00:00,224.215,224.19,7072095.0
2024-08-02 18:00:00,224.2,222.7,6555484.0
2024-08-02 19:00:00,222.7,219.8,14662108.0
2024-08-02 20:00:00,219.86,219.82,1651376.0
2024-08-02 21:00:00,219.82,219.34,384530.0
2024-08-02 22:00:00,219.5493,219.5,7036197.0
2024-08-02 23:00:00,219.53,219.25,41346.0
2024-08-05 08:00:00,206.94,202.3,589069.0
2024-08-05 09:00:00,202.4,202.4,430826.0
2024-08-05 10:00:00,202.39,203.25,411739.0
2024-08-05 11:00:00,203.44,203.07,1322852.0
2024-08-05 12:00:00,203.0,197.65,4052063.0
2024-08-05 13:00:00,197.65,207.63,27800821.0
2024-08-05 14:00:00,207.83,209.5599,14942317.0
2024-08-05 15:00:00,209.57,210.335,12311737.0
2024-08-05 16:00:00,210.335,210.38,6842673.0
2024-08-05 17:00:00,210.36,210.76,5437018.0
2024-08-05 18:00:00,210.77,204.7596,12466614.0
2024-08-05 19:00:00,204.79,209.2,18083933.0
2024-08-05 20:00:00,209.27,210.7996,2155178.0
2024-08-05 21:00:00,210.64,210.34,1556282.0
2024-08-05 22:00:00,210.33,210.45,98555.0
2024-08-05 23:00:00,210.5,211.85,109470.0
2024-08-06 08:00:00,211.84,210.33,135869.0
2024-08-06 09:00:00,210.32,209.21,81182.0
2024-08-06 10:00:00,209.02,208.5,115579.0
2024-08-06 11:00:00,208.45,207.74,229141.0
2024-08-06 12:00:00,208.9,205.8907,3265682.0
2024-08-06 13:00:00,206.0,203.19,13558404.0
2024-08-06 14:00:00,203.19,207.546,10712572.0
2024-08-06 15:00:00,207.52,208.45,6748597.0
2024-08-06 16:00:00,208.46,209.7,4981411.0
2024-08-06 17:00:00,209.69,208.51,4087580.0
2024-08-06 18:00:00,208.51,208.78,4815308.0
2024-08-06 19:00:00,208.74,207.125,9262794.0
2024-08-06 20:00:00,207.23,205.5,5241057.0
2024-08-06 21:00:00,205.5,204.93,162174.0
2024-08-06 22:00:00,205.0,205.83,76151.0
2024-08-06 23:00:00,206.16,205.01,55696.0
2024-08-07 08:00:00,208.3,208.33,77905.0
2024-08-07 09:00:00,208.31,208.44,49783.0
2024-08-07 10:00:00,208.5,209.27,33718.0
2024-08-07 11:00:00,208.91,207.95,147130.0
2024-08-07 12:00:00,208.8,208.0799,2909178.0
2024-08-07 13:00:00,208.03,212.4,7943224.0
2024-08-07 14:00:00,212.43,213.15,8125470.0
2024-08-07 15:00:00,213.18,212.5799,5604886.0
2024-08-07 16:00:00,212.5799,211.555,4668480.0
2024-08-07 17:00:00,211.54,210.93,4714356.0
2024-08-07 18:00:00,210.9,208.94,6086623.0
2024-08-07 19:00:00,208.945,209.86,8438477.0
2024-08-07 20:00:00,209.82,208.71,5224349.0
2024-08-07 21:00:00,208.63,208.39,72120.0
2024-08-07 22:00:00,208.39,208.9,58594.0
2024-08-07 23:00:00,208.71,208.25,74104.0
2024-08-08 08:00:00,209.75,209.8,38104.0
2024-08-08 09:00:00,209.8,209.37,10503.0
2024-08-08 10:00:00,209.46,209.61,33024.0
2024-08-08 11:00:00,209.4,209.76,44206.0
2024-08-08 12:00:00,209.5,211.6,311785.0
2024-08-08 13:00:00,211.54,210.73,5987608.0
2024-08-08 14:00:00,210.67,212.19,5976385.0
2024-08-08 15:00:00,212.19,212.39,4499939.0
2024-08-08 16:00:00,212.37,213.175,4457830.0
2024-08-08 17:00:00,213.22,213.68,4194586.0
2024-08-08 18:00:00,213.67,212.915,3140251.0
2024-08-08 19:00:00,212.91,213.34,6943993.0
2024-08-08 20:00:00,213.31,213.54,2903833.0
2024-08-08 21:00:00,213.5016,213.3534,450749.0
2024-08-08 22:00:00,213.4,213.465,19621.0
2024-08-08 23:00:00,213.5,213.9482,32501.0
2024-08-09 08:00:00,213.41,214.1,63725.0
2024-08-09 09:00:00,214.14,212.44,59281.0
2024-08-09 10:00:00,212.4,212.3,61558.0
2024-08-09 11:00:00,212.46,211.62,189527.0
2024-08-09 12:00:00,212.7,211.18,139694.0
2024-08-09 13:00:00,211.2,212.56,4246228.0
2024-08-09 14:00:00,212.58,214.82,5623578.0
2024-08-09 15:00:00,214.82,214.7,4117549.0
2024-08-09 16:00:00,214.7,215.435,3901265.0
2024-08-09 17:00:00,215.4382,215.9164,3817952.0
2024-08-09 18:00:00,215.93,215.61,3770389.0
2024-08-09 19:00:00,215.605,216.3,7407864.0
2024-08-09 20:00:00,216.24,216.12,2149576.0
2024-08-09 21:00:00,216.09,216.1703,19159.0
2024-08-09 22:00:00,216.17,216.25,9866.0
2024-08-09 23:00:00,216.31,216.468,19882.0
2024-08-12 08:00:00,216.77,216.7,32826.0
2024-08-12 09:00:00,216.79,216.92,11235.0
2024-08-12 10:00:00,216.9,216.85,27956.0
2024-08-12 11:00:00,216.8,216.8,49311.0
2024-08-12 12:00:00,216.7,216.68,125716.0
2024-08-12 13:00:00,216.72,216.9924,4821895.0
2024-08-12 14:00:00,217.0,218.63,6154150.0
2024-08-12 15:00:00,218.64,218.7301,5556532.0
2024-08-12 16:00:00,218.73,217.19,3114423.0
2024-08-12 17:00:00,217.19,216.845,3476125.0
2024-08-12 18:00:00,216.85,217.3852,2390802.0
2024-08-12 19:00:00,217.4,217.55,4705100.0
2024-08-12 20:00:00,217.53,217.6182,884094.0
2024-08-12 21:00:00,217.6,217.53,38464.0
2024-08-12 22:00:00,217.55,217.65,8376.0
2024-08-12 23:00:00,217.6,217.59,27010.0
2024-08-13 08:00:00,218.31,218.54,25269.0
2024-08-13 09:00:00,218.54,218.66,7059.0
2024-08-13 10:00:00,218.65,217.89,25258.0
2024-08-13 11:00:00,217.92,218.24,25698.0
2024-08-13 12:00:00,217.97,218.5009,1700885.0
2024-08-13 13:00:00,218.58,221.13,7090817.0
2024-08-13 14:00:00,221.13,220.97,5367106.0
2024-08-13 15:00:00,220.98,221.1203,4279692.0
2024-08-13 16:00:00,221.1,221.585,2724225.0
2024-08-13 17:00:00,221.57,220.93,3139496.0
2024-08-13 18:00:00,220.93,221.23,2358966.0
2024-08-13 19:00:00,221.23,221.27,5367035.0
2024-08-13 20:00:00,221.27,220.44,3371453.0
2024-08-13 21:00:00,220.45,220.68,32112.0
2024-08-13 22:00:00,220.69,220.65,23727.0
2024-08-13 23:00:00,220.6,220.7,40300.0
2024-08-14 08:00:00,221.28,221.07,42335.0
2024-08-14 09:00:00,221.19,221.61,15638.0
2024-08-14 10:00:00,221.69,221.35,15651.0
2024-08-14 11:00:00,221.33,221.04,34261.0
2024-08-14 12:00:00,221.2,221.41,1333982.0
2024-08-14 13:00:00,221.35,220.95,6251706.0
2024-08-14 14:00:00,220.945,221.6901,4979140.0
2024-08-14 15:00:00,221.695,222.9701,3936281.0
2024-08-14 16:00:00,222.97,221.04,4048549.0
2024-08-14 17:00:00,221.03,221.27,3326989.0
2024-08-14 18:00:00,221.26,221.57,2910963.0
2024-08-14 19:00:00,221.58,221.61,5775363.0
2024-08-14 20:00:00,221.72,221.68,2047538.0
2024-08-14 21:00:00,221.71,221.85,14023.0
2024-08-14 22:00:00,221.85,221.6081,18551.0
2024-08-14 23:00:00,221.6,222.0,53626.0
2024-08-15 08:00:00,222.34,222.22,19360.0
2024-08-15 09:00:00,222.21,222.44,8317.0
2024-08-15 10:00:00,222.46,221.84,12569.0
2024-08-15 11:00:00,221.91,222.28,28423.0
2024-08-15 12:00:00,221.94,223.43,276292.0
2024-08-15 13:00:00,223.53,224.43,6019266.0
2024-08-15 14:00:00,224.4201,224.45,6820985.0
2024-08-15 15:00:00,224.44,224.65,3801672.0
2024-08-15 16:00:00,224.65,224.57,2865119.0
2024-08-15 17:00:00,224.5601,224.6761,3300057.0
2024-08-15 18:00:00,224.6801,225.11,3367895.0
2024-08-15 19:00:00,225.11,224.71,6802648.0
2024-08-15 20:00:00,224.72,224.78,818858.0
2024-08-15 21:00:00,224.8,224.8199,973560.0
2024-08-15 22:00:00,224.83,225.39,41762.0
2024-08-15 23:00:00,225.38,225.3901,38190.0
2024-08-16 08:00:00,225.61,225.3,36493.0
2024-08-16 09:00:00,225.38,225.4,11431.0
2024-08-16 10:00:00,225.37,225.2,16211.0
2024-08-16 11:00:00,225.27,224.9,36525.0
2024-08-16 12:00:00,224.9,224.04,1544617.0
2024-08-16 13:00:00,223.9994,224.115,7760219.0
2024-08-16 14:00:00,224.08,224.16,4659056.0
2024-08-16 15:00:00,224.15,225.915,4861187.0
2024-08-16 16:00:00,225.91,226.6073,4833607.0
2024-08-16 17:00:00,226.61,226.14,3078333.0
2024-08-16 18:00:00,226.14,226.13,2995928.0
2024-08-16 19:00:00,226.124,226.1,4528040.0
2024-08-16 20:00:00,226.09,226.15,687575.0
2024-08-16 21:00:00,226.15,226.22,267067.0
2024-08-16 22:00:00,226.22,226.0,28121.0
2024-08-16 23:00:00,226.02,225.95,20998.0
2024-08-19 08:00:00,226.44,225.6,29195.0
2024-08-19 09:00:00,225.6,225.38,17407.0
2024-08-19 10:00:00,225.43,225.1,29364.0
2024-08-19 11:00:00,225.19,225.98,47664.0
2024-08-19 12:00:00,225.35,226.0936,139332.0
2024-08-19 13:00:00,226.13,224.4,4820787.0
2024-08-19 14:00:00,224.4,224.21,6703338.0
2024-08-19 15:00:00,224.23,223.8647,3566558.0
2024-08-19 16:00:00,223.88,224.375,3101943.0
2024-08-19 17:00:00,224.36,224.315,2742787.0
2024-08-19 18:00:00,224.31,224.785,3673649.0
2024-08-19 19:00:00,224.78,225.9,6235226.0
2024-08-19 20:00:00,225.89,225.84,2299042.0
2024-08-19 21:00:00,225.83,225.8088,80306.0
2024-08-19 22:00:00,225.81,225.9,43733.0
2024-08-19 23:00:00,225.92,225.7,13136.0
2024-08-20 08:00:00,226.11,225.79,26312.0
2024-08-20 09:00:00,225.81,226.05,7328.0
2024-08-20 10:00:00,225.98,226.21,10844.0
2024-08-20 11:00:00,226.12,226.0,17163.0
2024-08-20 12:00:00,225.99,225.9019,88489.0
2024-08-20 13:00:00,225.98,227.02,4940293.0
2024-08-20 14:00:00,227.02,225.96,4802615.0
2024-08-20 15:00:00,225.96,226.9268,2719257.0
2024-08-20 16:00:00,226.92,226.52,2277308.0
2024-08-20 17:00:00,226.53,226.76,1869887.0
2024-08-20 18:00:00,226.75,226.525,2093844.0
2024-08-20 19:00:00,226.52,226.51,3962199.0
2024-08-20 20:00:00,226.51,226.53,2689306.0
2024-08-20 21:00:00,226.58,226.4503,316276.0
2024-08-20 22:00:00,226.53,226.3584,26581.0
2024-08-20 23:00:00,226.52,226.55,33006.0
2024-08-21 08:00:00,225.89,226.73,8210.0
2024-08-21 09:00:00,226.63,226.58,6280.0
2024-08-21 10:00:00,226.6,227.01,10466.0
2024-08-21 11:00:00,226.99,226.92,21919.0
2024-08-21 12:00:00,227.0,226.84,1716531.0
2024-08-21 13:00:00,226.84,227.06,3689665.0
2024-08-21 14:00:00,227.07,226.28,5735852.0
2024-08-21 15:00:00,226.26,226.21,3246058.0
2024-08-21 16:00:00,226.205,226.42,2274607.0
2024-08-21 17:00:00,226.42,226.15,2099594.0
2024-08-21 18:00:00,226.17,226.416,2718622.0
2024-08-21 19:00:00,226.41,226.36,5462526.0
2024-08-21 20:00:00,226.4,226.64,1320379.0
2024-08-21 21:00:00,226.65,226.6663,1325441.0
2024-08-21 22:00:00,226.69,226.65,12550.0
2024-08-21 23:00:00,226.74,226.59,23197.0
2024-08-22 08:00:00,226.2,226.45,11949.0
2024-08-22 09:00:00,226.57,226.4,3836.0
2024-08-22 10:00:00,226.46,227.57,18227.0
2024-08-22 11:00:00,227.12,227.74,99636.0
2024-08-22 12:00:00,226.44,227.5202,139234.0
2024-08-22 13:00:00,227.57,227.93,5274284.0
2024-08-22 14:00:00,227.96,226.785,4800514.0
2024-08-22 15:00:00,226.785,225.51,4093175.0
2024-08-22 16:00:00,225.51,225.505,2684203.0
2024-08-22 17:00:00,225.51,224.39,3848099.0
2024-08-22 18:00:00,224.4,224.4,2703397.0
2024-08-22 19:00:00,224.4,224.53,6390562.0
2024-08-22 20:00:00,224.57,224.83,1668537.0
2024-08-22 21:00:00,224.85,225.08,226322.0
2024-08-22 22:00:00,225.08,225.05,9048.0
2024-08-22 23:00:00,225.04,225.0011,16798.0
2024-08-23 08:00:00,225.5,225.65,11389.0
2024-08-23 09:00:00,225.71,225.7,7807.0
2024-08-23 10:00:00,225.65,225.96,5106.0
2024-08-23 11:00:00,225.87,226.14,21210.0
2024-08-23 12:00:00,225.99,226.34,110372.0
2024-08-23 13:00:00,226.34,227.04,4321539.0
2024-08-23 14:00:00,227.06,226.2399,7369083.0
2024-08-23 15:00:00,226.21,225.84,3733769.0
2024-08-23 16:00:00,225.85,225.3,3293014.0
2024-08-23 17:00:00,225.33,226.21,2276262.0
2024-08-23 18:00:00,226.21,226.47,2039783.0
2024-08-23 19:00:00,226.47,226.773604,5291275.0
2024-08-23 20:00:00,226.84,226.95,3405135.0
2024-08-23 21:00:00,226.99,226.9783,14475.0
2024-08-23 22:00:00,226.98,227.1,13241.0
2024-08-23 23:00:00,227.1292,227.1631,18028.0
2024-08-26 08:00:00,226.75,227.31,15209.0
2024-08-26 09:00:00,227.39,227.43,8146.0
2024-08-26 10:00:00,227.44,227.25,4847.0
2024-08-26 11:00:00,227.24,226.64,44982.0
2024-08-26 12:00:00,227.3,227.0,179625.0
2024-08-26 13:00:00,227.04,226.34,3278673.0
2024-08-26 14:00:00,226.35,224.82,5078557.0
2024-08-26 15:00:00,224.8066,224.87,2856096.0
2024-08-26 16:00:00,224.84,226.185,3026496.0
2024-08-26 17:00:00,226.1887,225.6,2339700.0
2024-08-26 18:00:00,225.61,226.325,2032013.0
2024-08-26 19:00:00,226.32,227.22,4957974.0
2024-08-26 20:00:00,227.18,225.67,836402.0
2024-08-26 21:00:00,225.71,226.1,89139.0
2024-08-26 22:00:00,226.08,225.97,38751.0
2024-08-26 23:00:00,225.9,226.5,31590.0
2024-08-27 08:00:00,226.09,226.73,22309.0
2024-08-27 09:00:00,226.66,226.83,12224.0
2024-08-27 10:00:00,226.89,226.38,17159.0
2024-08-27 11:00:00,226.44,226.0,49664.0
2024-08-27 12:00:00,226.54,225.7,116242.0
2024-08-27 13:00:00,225.7,226.745,4186609.0
2024-08-27 14:00:00,226.745,228.3067,6560206.0
2024-08-27 15:00:00,228.32,228.165,3754930.0
2024-08-27 16:00:00,228.145,228.09,2438615.0
2024-08-27 17:00:00,228.0804,228.525,1994498.0
2024-08-27 18:00:00,228.53,228.43,1799354.0
2024-08-27 19:00:00,228.43,228.14,4451484.0
2024-08-27 20:00:00,228.03,228.05,5333736.0
2024-08-27 21:00:00,228.09,227.85,26216.0
2024-08-27 22:00:00,227.8503,227.73,23707.0
2024-08-27 23:00:00,227.62,227.3,27002.0
2024-08-28 08:00:00,228.0,228.9,30125.0
2024-08-28 09:00:00,228.9,228.58,9152.0
2024-08-28 10:00:00,228.61,228.65,7706.0
2024-08-28 11:00:00,228.54,228.25,18793.0
2024-08-28 12:00:00,228.6,228.28,82647.0
2024-08-28 13:00:00,228.3,228.6,4822399.0
2024-08-28 14:00:00,228.6,227.48,6619951.0
2024-08-28 15:00:00,227.45,226.83,4569352.0
2024-08-28 16:00:00,226.82,227.519,3963824.0
2024-08-28 17:00:00,227.515,225.895,2426829.0
2024-08-28 18:00:00,225.895,227.1639,2463866.0
2024-08-28 19:00:00,227.16,226.51,5424529.0
2024-08-28 20:00:00,226.45,225.7,1098572.0
2024-08-28 21:00:00,225.8,226.25,172739.0
2024-08-28 22:00:00,226.41,225.6396,97654.0
2024-08-28 23:00:00,225.63,225.7,42776.0
2024-08-29 08:00:00,226.89,228.77,63678.0
2024-08-29 09:00:00,228.73,229.21,75500.0
2024-08-29 10:00:00,229.33,229.25,55660.0
2024-08-29 11:00:00,229.25,229.98,263178.0
2024-08-29 12:00:00,229.4,226.49,555893.0
2024-08-29 13:00:00,230.37,231.57,10330873.0
2024-08-29 14:00:00,231.58,232.37,8214967.0
2024-08-29 15:00:00,232.34,231.6799,5168679.0
2024-08-29 16:00:00,231.67,232.54,4906789.0
2024-08-29 17:00:00,232.53,231.74,3802664.0
2024-08-29 18:00:00,231.75,230.45,4884563.0
2024-08-29 19:00:00,230.43,229.83,6870026.0
2024-08-29 20:00:00,229.79,230.25,737168.0
2024-08-29 21:00:00,230.24,230.33,231015.0
2024-08-29 22:00:00,230.33,230.1,52395.0
2024-08-29 23:00:00,230.0203,230.29,23253.0
2024-08-30 08:00:00,230.55,230.64,25870.0
2024-08-30 09:00:00,230.68,230.89,13130.0
2024-08-30 10:00:00,230.85,231.27,28113.0
2024-08-30 11:00:00,231.29,230.99,36248.0
2024-08-30 12:00:00,231.3,230.6019,238413.0
2024-08-30 13:00:00,230.67,229.07,5556989.0
2024-08-30 14:00:00,229.1,228.69,5542681.0
2024-08-30 15:00:00,228.7,228.62,4336978.0
2024-08-30 16:00:00,228.61,228.36,3015780.0
2024-08-30 17:00:00,228.37,227.76,2088391.0
2024-08-30 18:00:00,227.77,228.56,2805025.0
2024-08-30 19:00:00,228.56,228.86,8804170.0
2024-08-30 20:00:00,229.0,228.9801,1628116.0
2024-08-30 21:00:00,229.0,229.15,23673.0
2024-08-30 22:00:00,229.09,229.15,16006.0
2024-08-30 23:00:00,229.14,229.1114,14159.0
2024-09-03 08:00:00,229.27,228.59,45658.0
2024-09-03 09:00:00,228.57,228.47,33224.0
2024-09-03 10:00:00,228.29,228.21,9780.0
2024-09-03 11:00:00,228.14,227.84,60891.0
2024-09-03 12:00:00,227.85,228.06,925381.0
2024-09-03 13:00:00,227.9207,226.16,6605224.0
2024-09-03 14:00:00,226.19,223.645,6864531.0
2024-09-03 15:00:00,223.65,223.54,4297520.0
2024-09-03 16:00:00,223.55,223.71,3058522.0
2024-09-03 17:00:00,223.72,223.21,2638177.0
2024-09-03 18:00:00,223.24,221.935,4671417.0
2024-09-03 19:00:00,221.945,222.76,9170783.0
2024-09-03 20:00:00,222.77,222.0,2944865.0
2024-09-03 21:00:00,222.0,221.21,345729.0
2024-09-03 22:00:00,221.47,220.89,100081.0
2024-09-03 23:00:00,220.9,220.8519,91227.0
2024-09-04 08:00:00,220.1,220.54,59933.0
2024-09-04 09:00:00,220.5,221.08,51334.0
2024-09-04 10:00:00,221.15,220.75,19471.0
2024-09-04 11:00:00,220.7,220.7,38545.0
2024-09-04 12:00:00,220.65,221.5,129785.0
2024-09-04 13:00:00,221.5,219.57,6846222.0
2024-09-04 14:00:00,219.56,219.45,9612653.0
2024-09-04 15:00:00,219.48,219.32,4825605.0
2024-09-04 16:00:00,219.315,220.215,3027696.0
2024-09-04 17:00:00,220.21,220.875,3015882.0
2024-09-04 18:00:00,220.875,220.51,3164318.0
2024-09-04 19:00:00,220.52,220.79,6330047.0
2024-09-04 20:00:00,220.85,220.67,947494.0
2024-09-04 21:00:00,220.66,220.9,156100.0
2024-09-04 22:00:00,220.86,221.0,14733.0
2024-09-04 23:00:00,220.8,220.0,43339.0
2024-09-05 08:00:00,220.2,220.49,23791.0
2024-09-05 09:00:00,220.44,220.1,12209.0
2024-09-05 10:00:00,220.17,221.2,45535.0
2024-09-05 11:00:00,221.1,220.44,44497.0
2024-09-05 12:00:00,221.2,220.36,227504.0
2024-09-05 13:00:00,220.29,224.71,6783525.0
2024-09-05 14:00:00,224.71,223.7,5733368.0
2024-09-05 15:00:00,223.7,221.97,4280323.0
2024-09-05 16:00:00,221.98,222.825,2632319.0
2024-09-05 17:00:00,222.835,223.61,2546717.0
2024-09-05 18:00:00,223.63,223.32,2530078.0
2024-09-05 19:00:00,223.33,222.38,4795863.0
2024-09-05 20:00:00,222.38,222.37,1523941.0
2024-09-05 21:00:00,222.3106,222.35,36555.0
2024-09-05 22:00:00,222.35,222.3219,28001.0
2024-09-05 23:00:00,222.41,222.21,29559.0
2024-09-06 08:00:00,219.0,221.22,20450.0
2024-09-06 09:00:00,221.17,221.24,8167.0
2024-09-06 10:00:00,221.25,220.95,5207.0
2024-09-06 11:00:00,221.09,221.35,72859.0
2024-09-06 12:00:00,221.8256,223.4,371133.0
2024-09-06 13:00:00,223.38,224.045,6368148.0
2024-09-06 14:00:00,224.045,221.4,7185564.0
2024-09-06 15:00:00,221.41,220.96,5243184.0
2024-09-06 16:00:00,220.955,220.68,3313956.0
2024-09-06 17:00:00,220.68,220.265,3187045.0
2024-09-06 18:00:00,220.3079,220.54,3220469.0
2024-09-06 19:00:00,220.545,220.95,6803553.0
2024-09-06 20:00:00,220.88,219.93,1298455.0
2024-09-06 21:00:00,220.03,219.9,393008.0
2024-09-06 22:00:00,219.9,220.1128,29672.0
2024-09-06 23:00:00,220.2,220.1434,16180.0
2024-09-09 08:00:00,221.95,222.95,57511.0
2024-09-09 09:00:00,222.74,222.49,27986.0
2024-09-09 10:00:00,222.49,221.79,56804.0
2024-09-09 11:00:00,221.9,221.2,115989.0
2024-09-09 12:00:00,222.0019,221.0,264515.0
2024-09-09 13:00:00,220.86,219.24,8838601.0
2024-09-09 14:00:00,219.2,217.2,8359174.0
2024-09-09 15:00:00,217.2,219.91,4731863.0
2024-09-09 16:00:00,219.89,220.15,4661932.0
2024-09-09 17:00:00,220.16,219.1694,7552041.0
2024-09-09 18:00:00,219.155,217.88,11694386.0
2024-09-09 19:00:00,217.87,220.99,11969536.0
2024-09-09 20:00:00,220.91,221.0449,1650758.0
2024-09-09 21:00:00,221.05,221.12,71504.0
2024-09-09 22:00:00,221.15,220.4205,57319.0
2024-09-09 23:00:00,220.5,220.8797,67270.0
2024-09-10 08:00:00,219.69,218.43,119617.0
2024-09-10 09:00:00,218.22,218.25,48209.0
2024-09-10 10:00:00,218.14,218.49,29200.0
2024-09-10 11:00:00,218.5,218.74,160391.0
2024-09-10 12:00:00,218.525,219.2,287105.0
2024-09-10 13:00:00,219.2,217.515,8243269.0
2024-09-10 14:00:00,217.5,219.1599,8673499.0
2024-09-10 15:00:00,219.15,218.34,5103033.0
2024-09-10 16:00:00,218.32,219.5461,3784866.0
2024-09-10 17:00:00,219.555,220.81,3497332.0
2024-09-10 18:00:00,220.81,220.3756,5621538.0
2024-09-10 19:00:00,220.37,220.17,6814007.0
2024-09-10 20:00:00,220.11,219.9,1175945.0
2024-09-10 21:00:00,219.84,219.98,19621.0
2024-09-10 22:00:00,219.88,219.96,15813.0
2024-09-10 23:00:00,219.93,219.74,21148.0
2024-09-11 08:00:00,217.8,219.22,23960.0
2024-09-11 09:00:00,219.47,219.39,3126.0
2024-09-11 10:00:00,219.56,219.63,14795.0
2024-09-11 11:00:00,219.6,219.88,22688.0
2024-09-11 12:00:00,219.62,220.46,912584.0
2024-09-11 13:00:00,220.6,220.505,5571853.0
2024-09-11 14:00:00,220.55,218.59,5951749.0
2024-09-11 15:00:00,218.55,219.68,3958119.0
2024-09-11 16:00:00,219.6999,221.0728,3186018.0
2024-09-11 17:00:00,221.07,221.08,3376138.0
2024-09-11 18:00:00,221.08,221.45,3561773.0
2024-09-11 19:00:00,221.44,222.86,7965765.0
2024-09-11 20:00:00,222.49,222.2,1991142.0
2024-09-11 21:00:00,222.22,222.0,35650.0
2024-09-11 22:00:00,222.09,222.32,41830.0
2024-09-11 23:00:00,222.3,222.1445,26615.0
2024-09-12 08:00:00,222.5,222.65,29610.0
2024-09-12 09:00:00,222.61,222.62,9835.0
2024-09-12 10:00:00,222.6,222.66,14096.0
2024-09-12 11:00:00,222.6,222.6,32256.0
2024-09-12 12:00:00,222.69,222.76,116065.0
2024-09-12 13:00:00,222.6014,221.04,5099709.0
2024-09-12 14:00:00,221.04,221.8,4840092.0
2024-09-12 15:00:00,221.81,221.975,3670641.0
2024-09-12 16:00:00,221.98,222.5,2087225.0
2024-09-12 17:00:00,222.49,223.08,2876414.0
2024-09-12 18:00:00,223.09,223.19,3542130.0
2024-09-12 19:00:00,223.18,222.87,6960588.0
2024-09-12 20:00:00,222.77,222.29,842558.0
2024-09-12 21:00:00,222.282,222.2,56271.0
2024-09-12 22:00:00,222.41,222.64,38110.0
2024-09-12 23:00:00,222.6,222.757,15910.0
2024-09-13 08:00:00,222.7,222.95,12086.0
2024-09-13 09:00:00,223.0,223.22,7564.0
2024-09-13 10:00:00,223.17,223.41,20030.0
2024-09-13 11:00:00,223.46,224.05,58987.0
2024-09-13 12:00:00,223.49,224.48,844583.0
2024-09-13 13:00:00,224.45,222.52,5160545.0
2024-09-13 14:00:00,222.5,223.16,5776363.0
2024-09-13 15:00:00,223.18,223.81,3704289.0
2024-09-13 16:00:00,223.8,223.88,2506406.0
2024-09-13 17:00:00,223.88,223.69,2220245.0
2024-09-13 18:00:00,223.7,222.4701,3360769.0
2024-09-13 19:00:00,222.47,222.46,6061271.0
2024-09-13 20:00:00,222.5,222.42,1914587.0
2024-09-13 21:00:00,222.42,222.35,49487.0
2024-09-13 22:00:00,222.37,222.31,16424.0
2024-09-13 23:00:00,222.27,222.23,26849.0
2024-09-16 08:00:00,222.2,219.21,101381.0
2024-09-16 09:00:00,219.16,218.82,49364.0
2024-09-16 10:00:00,218.75,218.2,135177.0
2024-09-16 11:00:00,218.25,217.0,432601.0
2024-09-16 12:00:00,217.0,217.015,724140.0
2024-09-16 13:00:00,217.0,215.195,14284808.0
2024-09-16 14:00:00,215.18,215.3,9910658.0
2024-09-16 15:00:00,215.29,215.955,6283387.0
2024-09-16 16:00:00,215.97,215.59,4466661.0
2024-09-16 17:00:00,215.59,216.21,3695537.0
2024-09-16 18:00:00,216.215,216.4,3600477.0
2024-09-16 19:00:00,216.405,216.3,7308355.0
2024-09-16 20:00:00,216.32,216.1,2181373.0
2024-09-16 21:00:00,216.09,216.0376,136428.0
2024-09-16 22:00:00,216.002,216.1308,31187.0
2024-09-16 23:00:00,216.155,216.249,44398.0
2024-09-17 08:00:00,216.37,216.52,40404.0
2024-09-17 09:00:00,216.62,216.89,14010.0
2024-09-17 10:00:00,216.85,216.65,13624.0
2024-09-17 11:00:00,216.6,216.26,160719.0
2024-09-17 12:00:00,216.53,216.07,257330.0
2024-09-17 13:00:00,216.1,216.22,7499270.0
2024-09-17 14:00:00,216.24,216.1299,6676038.0
2024-09-17 15:00:00,216.105,216.6,4097073.0
2024-09-17 16:00:00,216.6,215.795,4962850.0
2024-09-17 17:00:00,215.81,216.1301,4133746.0
2024-09-17 18:00:00,216.14,215.84,3063254.0
2024-09-17 19:00:00,215.84,216.85,7047703.0
2024-09-17 20:00:00,216.79,216.6205,509673.0
2024-09-17 21:00:00,216.62,216.595,17694.0
2024-09-17 22:00:00,216.56,216.6,14031.0
2024-09-17 23:00:00,216.595,216.9,27444.0
2024-09-18 08:00:00,216.2,216.0,36807.0
2024-09-18 09:00:00,216.12,215.88,11204.0
2024-09-18 10:00:00,215.97,216.72,64235.0
2024-09-18 11:00:00,216.74,216.49,71140.0
2024-09-18 12:00:00,217.0,217.13,145956.0
2024-09-18 13:00:00,217.13,219.205,7014128.0
2024-09-18 14:00:00,219.21,220.93,9336268.0
2024-09-18 15:00:00,220.935,219.6115,5897925.0
2024-09-18 16:00:00,219.61,221.285,4309593.0
2024-09-18 17:00:00,221.285,220.6816,4462351.0
2024-09-18 18:00:00,220.63,220.0501,8638352.0
2024-09-18 19:00:00,220.048,220.69,10241246.0
2024-09-18 20:00:00,220.69,221.4,2082974.0
2024-09-18 21:00:00,221.3225,221.23,43728.0
2024-09-18 22:00:00,221.28,221.6,29520.0
2024-09-18 23:00:00,221.58,222.25,77765.0
2024-09-19 08:00:00,222.79,224.5,96566.0
2024-09-19 09:00:00,224.34,224.38,49020.0
2024-09-19 10:00:00,224.23,224.84,38366.0
2024-09-19 11:00:00,224.5,224.7,109540.0
2024-09-19 12:00:00,224.14,225.105,457219.0
2024-09-19 13:00:00,225.1,227.3,10318082.0
2024-09-19 14:00:00,227.29,227.94,11940023.0
2024-09-19 15:00:00,227.96,228.37,7368762.0
2024-09-19 16:00:00,228.37,229.18,4487164.0
2024-09-19 17:00:00,229.18,229.38,4132629.0
2024-09-19 18:00:00,229.38,229.32,4305936.0
2024-09-19 19:00:00,229.32,228.81,10192161.0
2024-09-19 20:00:00,228.87,228.58,1055859.0
2024-09-19 21:00:00,228.6275,228.6293,21786.0
2024-09-19 22:00:00,228.63,228.5,30565.0
2024-09-19 23:00:00,228.59,228.546,28832.0
2024-09-20 08:00:00,228.15,227.84,45760.0
2024-09-20 09:00:00,227.9,227.63,27386.0
2024-09-20 10:00:00,227.5,227.2,21470.0
2024-09-20 11:00:00,227.47,227.9,82917.0
2024-09-20 12:00:00,227.4573,229.442,472197.0
2024-09-20 13:00:00,229.48,230.0,22001506.0
2024-09-20 14:00:00,230.0,230.305,9070357.0
2024-09-20 15:00:00,230.305,230.8,12681095.0
2024-09-20 16:00:00,230.8,231.845,6354656.0
2024-09-20 17:00:00,231.845,230.665,6954081.0
2024-09-20 18:00:00,230.665,231.48,9721687.0
2024-09-20 19:00:00,231.478,228.53,30818447.0
2024-09-20 20:00:00,228.535,228.05,64142489.0
2024-09-20 21:00:00,228.05,227.8704,160203.0
2024-09-20 22:00:00,227.8732,227.85,60326.0
2024-09-20 23:00:00,227.86,227.76,45751.0
2024-09-23 08:00:00,228.4,227.7,82385.0
2024-09-23 09:00:00,227.71,227.98,34530.0
2024-09-23 10:00:00,227.87,228.2,34899.0
2024-09-23 11:00:00,228.05,228.27,90778.0
2024-09-23 12:00:00,228.125,227.1995,391125.0
2024-09-23 13:00:00,227.18,226.935,7994072.0
2024-09-23 14:00:00,226.935,228.705,8577877.0
2024-09-23 15:00:00,228.7001,228.34,3633867.0
2024-09-23 16:00:00,228.3389,226.7605,3576383.0
2024-09-23 17:00:00,226.77,227.1,3255544.0
2024-09-23 18:00:00,227.08,226.68,2528994.0
2024-09-23 19:00:00,226.68,226.45,6605419.0
2024-09-23 20:00:00,226.47,226.29,1869718.0
2024-09-23 21:00:00,226.3,226.24,1487746.0
2024-09-23 22:00:00,226.26,226.22,17092.0
2024-09-23 23:00:00,226.18,226.23,21045.0
2024-09-24 08:00:00,226.97,227.97,58673.0
2024-09-24 09:00:00,227.99,228.15,28040.0
2024-09-24 10:00:00,228.12,227.85,24556.0
2024-09-24 11:00:00,227.8,227.76,106011.0
2024-09-24 12:00:00,227.5,228.1,257832.0
2024-09-24 13:00:00,228.08,227.41,4203926.0
2024-09-24 14:00:00,227.43,227.185,5532891.0
2024-09-24 15:00:00,227.1857,227.45,2852258.0
2024-09-24 16:00:00,227.465,227.0,2551379.0
2024-09-24 17:00:00,227.0195,227.29,2051659.0
2024-09-24 18:00:00,227.3,226.87,2032654.0
2024-09-24 19:00:00,226.87,227.36,5556663.0
2024-09-24 20:00:00,227.37,227.56,6471074.0
2024-09-24 21:00:00,227.52,227.5701,462697.0
2024-09-24 22:00:00,227.64,227.54,17620.0
2024-09-24 23:00:00,227.54,227.5128,45027.0
2024-09-25 08:00:00,226.98,225.88,42581.0
2024-09-25 09:00:00,225.98,225.84,19454.0
2024-09-25 10:00:00,225.97,225.0,85495.0
2024-09-25 11:00:00,225.0,225.22,112065.0
2024-09-25 12:00:00,225.05,225.1,228893.0
2024-09-25 13:00:00,225.17,226.89,5369311.0
2024-09-25 14:00:00,226.895,226.371,4792397.0
2024-09-25 15:00:00,226.3799,225.51,3549748.0
2024-09-25 16:00:00,225.53,225.7999,2585130.0
2024-09-25 17:00:00,225.8,224.96,3104913.0
2024-09-25 18:00:00,224.965,224.9355,4160270.0
2024-09-25 19:00:00,224.93,226.31,5409157.0
2024-09-25 20:00:00,226.37,226.03,1466481.0
2024-09-25 21:00:00,226.03,226.11,377243.0
2024-09-25 22:00:00,226.03,225.95,37720.0
2024-09-25 23:00:00,225.94,226.15,24726.0
2024-09-26 08:00:00,227.12,227.95,51168.0
2024-09-26 09:00:00,228.07,228.12,40086.0
2024-09-26 10:00:00,228.0,228.1,34655.0
2024-09-26 11:00:00,228.06,227.81,78458.0
2024-09-26 12:00:00,227.95,228.1,278317.0
2024-09-26 13:00:00,228.13,226.52,5324688.0
2024-09-26 14:00:00,226.51,227.17,5831300.0
2024-09-26 15:00:00,227.19,227.7,4106323.0
2024-09-26 16:00:00,227.69,227.2567,1685153.0
2024-09-26 17:00:00,227.24,227.135,2241732.0
2024-09-26 18:00:00,227.15,227.78,2278264.0
2024-09-26 19:00:00,227.78,227.52,5142942.0
2024-09-26 20:00:00,227.52,227.93,962817.0
2024-09-26 21:00:00,227.52,227.89,44147.0
2024-09-26 22:00:00,227.95,228.2,54231.0
2024-09-26 23:00:00,228.13,228.066,21892.0
2024-09-27 08:00:00,226.4,227.24,29835.0
2024-09-27 09:00:00,227.24,228.11,30052.0
2024-09-27 10:00:00,227.92,227.72,13846.0
2024-09-27 11:00:00,227.68,228.01,13531.0
2024-09-27 12:00:00,227.69,228.0195,142416.0
2024-09-27 13:00:00,228.04,228.8,4233813.0
2024-09-27 14:00:00,228.81,228.64,4400190.0
2024-09-27 15:00:00,228.64,227.51,4385304.0
2024-09-27 16:00:00,227.51,228.33,2075938.0
2024-09-27 17:00:00,228.34,228.365,1910899.0
2024-09-27 18:00:00,228.36,228.1066,2231623.0
2024-09-27 19:00:00,228.12,227.82,4674239.0
2024-09-27 20:00:00,227.79,227.5985,790974.0
2024-09-27 21:00:00,227.57,227.57,17026.0
2024-09-27 22:00:00,227.505,227.57,2348.0
2024-09-27 23:00:00,227.5,227.4982,27071.0
2024-09-30 08:00:00,227.33,229.0,85848.0
2024-09-30 09:00:00,229.0,230.2,75170.0
2024-09-30 10:00:00,230.12,229.9,33523.0
2024-09-30 11:00:00,229.85,229.42,168244.0
2024-09-30 12:00:00,229.4,230.35,1326733.0
2024-09-30 13:00:00,230.35,230.925,7208047.0
2024-09-30 14:00:00,230.925,231.61,5140798.0
2024-09-30 15:00:00,231.6,232.25,4405794.0
2024-09-30 16:00:00,232.25,231.7878,3087886.0
2024-09-30 17:00:00,231.78,231.84,2550516.0
2024-09-30 18:00:00,231.825,231.7516,3421941.0
2024-09-30 19:00:00,231.735,233.0,10554085.0
2024-09-30 20:00:00,233.0,232.88,2485928.0
2024-09-30 21:00:00,232.88,232.88,128940.0
2024-09-30 22:00:00,232.9,232.782,39882.0
2024-09-30 23:00:00,232.782,233.15,40467.0
2024-10-01 08:00:00,233.33,233.09,13482.0
2024-10-01 09:00:00,233.23,233.42,7128.0
2024-10-01 10:00:00,233.39,233.0,37477.0
2024-10-01 11:00:00,233.0,230.32,657259.0
2024-10-01 12:00:00,230.3,230.0,571654.0
2024-10-01 13:00:00,230.0,226.125,11906819.0
2024-10-01 14:00:00,226.13,225.32,8910712.0
2024-10-01 15:00:00,225.29,225.22,6277009.0
2024-10-01 16:00:00,225.21,224.75,5193565.0
2024-10-01 17:00:00,224.77,225.13,4461401.0
2024-10-01 18:00:00,225.12,225.604,3725807.0
2024-10-01 19:00:00,225.61,226.26,7427226.0
2024-10-01 20:00:00,226.21,225.67,1216511.0
2024-10-01 21:00:00,225.67,225.5665,191055.0
2024-10-01 22:00:00,225.57,225.62,49785.0
2024-10-01 23:00:00,225.68,225.72,46475.0
2024-10-02 08:00:00,225.6,225.75,12410.0
2024-10-02 09:00:00,225.65,224.8,22391.0
2024-10-02 10:00:00,224.64,224.84,49512.0
2024-10-02 11:00:00,224.82,224.75,48684.0
2024-10-02 12:00:00,224.66,225.2,142094.0
2024-10-02 13:00:00,225.2,223.38,6119636.0
2024-10-02 14:00:00,223.375,226.08,5654209.0
2024-10-02 15:00:00,226.085,226.84,4173536.0
2024-10-02 16:00:00,226.85,226.635,2802785.0
2024-10-02 17:00:00,226.63,227.116,2336732.0
2024-10-02 18:00:00,227.11,226.9,2026766.0
2024-10-02 19:00:00,226.9,226.81,4003728.0
2024-10-02 20:00:00,226.78,227.2,390435.0
2024-10-02 21:00:00,227.299,227.0982,122054.0
2024-10-02 22:00:00,227.06,227.0287,19408.0
2024-10-02 23:00:00,227.0,226.9715,23644.0
2024-10-03 08:00:00,226.2,225.86,18489.0
2024-10-03 09:00:00,225.86,225.74,922.0
2024-10-03 10:00:00,225.79,225.75,17410.0
2024-10-03 11:00:00,225.8,225.53,57907.0
2024-10-03 12:00:00,225.5,225.21,190054.0
2024-10-03 13:00:00,225.15,226.305,3359407.0
2024-10-03 14:00:00,226.31,224.34,5037911.0
2024-10-03 15:00:00,224.33,225.13,3074644.0
2024-10-03 16:00:00,225.1472,223.82,3693908.0
2024-10-03 17:00:00,223.8,224.3,2621046.0
2024-10-03 18:00:00,224.29,223.63,1942725.0
2024-10-03 19:00:00,223.62,225.67,7118667.0
2024-10-03 20:00:00,225.67,225.73,685379.0
2024-10-03 21:00:00,225.71,225.65,144099.0
2024-10-03 22:00:00,225.5252,225.8,37162.0
2024-10-03 23:00:00,225.8805,226.07,45876.0
2024-10-04 08:00:00,226.08,225.86,26124.0
2024-10-04 09:00:00,225.83,225.87,6798.0
2024-10-04 10:00:00,225.95,226.18,12360.0
2024-10-04 11:00:00,226.01,226.5,27261.0
2024-10-04 12:00:00,226.0,227.85,227745.0
2024-10-04 13:00:00,227.9,225.1899,5011815.0
2024-10-04 14:00:00,225.18,225.1088,5433717.0
2024-10-04 15:00:00,225.1,225.53,3186677.0
2024-10-04 16:00:00,225.54,225.14,2870222.0
2024-10-04 17:00:00,225.15,224.88,2074577.0
2024-10-04 18:00:00,224.89,225.53,2476679.0
2024-10-04 19:00:00,225.53,226.8,6603816.0
2024-10-04 20:00:00,226.8,226.59,2642409.0
2024-10-04 21:00:00,226.6,226.77,28558.0
2024-10-04 22:00:00,226.74,226.56,22486.0
2024-10-04 23:00:00,226.59,226.3745,17173.0
2024-10-07 08:00:00,224.88,224.0,82278.0
2024-10-07 09:00:00,224.0,223.7,61830.0
2024-10-07 10:00:00,223.6,223.62,33960.0
2024-10-07 11:00:00,223.65,224.17,117451.0
2024-10-07 12:00:00,223.85,224.65,247425.0
2024-10-07 13:00:00,224.64,225.065,4541362.0
2024-10-07 14:00:00,225.03,225.31,4282172.0
2024-10-07 15:00:00,225.31,224.89,2868946.0
2024-10-07 16:00:00,224.89,223.9575,2747354.0
2024-10-07 17:00:00,223.96,223.8598,2516203.0
2024-10-07 18:00:00,223.86,222.33,3812908.0
2024-10-07 19:00:00,222.32,221.72,6417367.0
2024-10-07 20:00:00,221.69,221.84,2813171.0
2024-10-07 21:00:00,221.69,221.99,82310.0
2024-10-07 22:00:00,222.0,221.47,64872.0
2024-10-07 23:00:00,221.38,221.8,30014.0
2024-10-08 08:00:00,222.1,221.97,24402.0
2024-10-08 09:00:00,222.07,222.8,16585.0
2024-10-08 10:00:00,222.77,223.13,25350.0
2024-10-08 11:00:00,223.08,223.18,48932.0
2024-10-08 12:00:00,223.2,223.4404,1156734.0
2024-10-08 13:00:00,223.45,225.07,4821072.0
2024-10-08 14:00:00,225.08,225.04,5318511.0
2024-10-08 15:00:00,225.045,225.3452,2553409.0
2024-10-08 16:00:00,225.34,224.7098,1690870.0
2024-10-08 17:00:00,224.692,224.9611,2002155.0
2024-10-08 18:00:00,224.96,225.34,1914048.0
2024-10-08 19:00:00,225.32,225.78,4943821.0
2024-10-08 20:00:00,225.65,225.51,1330362.0
2024-10-08 21:00:00,225.5,225.4,37420.0
2024-10-08 22:00:00,225.49,225.53,22187.0
2024-10-08 23:00:00,225.53,225.2212,10351.0
2024-10-09 08:00:00,225.12,224.72,8412.0
2024-10-09 09:00:00,224.83,225.13,6477.0
2024-10-09 10:00:00,224.99,225.0,7011.0
2024-10-09 11:00:00,225.14,225.5,36260.0
2024-10-09 12:00:00,225.3,225.65,81157.0
2024-10-09 13:00:00,225.59,226.15,3590377.0
2024-10-09 14:00:00,226.15,227.65,5449263.0
2024-10-09 15:00:00,227.66,228.4245,3989930.0
2024-10-09 16:00:00,228.425,228.65,2729177.0
2024-10-09 17:00:00,228.64,228.5032,2006253.0
2024-10-09 18:00:00,228.51,229.3,3241376.0
2024-10-09 19:00:00,229.31,229.49,4916729.0
2024-10-09 20:00:00,229.54,229.18,471186.0
2024-10-09 21:00:00,229.22,229.14,78468.0
2024-10-09 22:00:00,229.19,229.1503,19882.0
2024-10-09 23:00:00,229.14,229.3961,23923.0
2024-10-10 08:00:00,229.4,228.83,11650.0
2024-10-10 09:00:00,228.84,228.66,21237.0
2024-10-10 10:00:00,228.68,228.49,15180.0
2024-10-10 11:00:00,228.57,229.0,29876.0
2024-10-10 12:00:00,228.6,227.8,381659.0
2024-10-10 13:00:00,227.82,228.44,4192295.0
2024-10-10 14:00:00,228.44,227.83,3429925.0
2024-10-10 15:00:00,227.85,228.655,2447459.0
2024-10-10 16:00:00,228.66,228.44,2242176.0
2024-10-10 17:00:00,228.44,228.62,1936392.0
2024-10-10 18:00:00,228.6499,228.485,1533269.0
2024-10-10 19:00:00,228.48,229.03,4179071.0
2024-10-10 20:00:00,229.04,229.1915,847553.0
2024-10-10 21:00:00,229.208,229.12,7311.0
2024-10-10 22:00:00,229.15,229.2284,25344.0
2024-10-10 23:00:00,229.2464,229.36,28782.0
2024-10-11 08:00:00,228.5,229.09,10324.0
2024-10-11 09:00:00,228.65,228.71,2513.0
2024-10-11 10:00:00,228.73,228.75,816.0
2024-10-11 11:00:00,228.8,229.12,21241.0
2024-10-11 12:00:00,228.85,228.96,90247.0
2024-10-11 13:00:00,228.97,227.96,3903817.0
2024-10-11 14:00:00,227.965,228.09,4177446.0
2024-10-11 15:00:00,228.08,228.0699,2857659.0
2024-10-11 16:00:00,228.065,227.87,2787142.0
2024-10-11 17:00:00,227.87,227.8342,1966728.0
2024-10-11 18:00:00,227.83,228.585,2496964.0
2024-10-11 19:00:00,228.57,227.51,5624766.0
2024-10-11 20:00:00,227.55,227.45,1045935.0
2024-10-11 21:00:00,227.461,227.49,13248.0
2024-10-11 22:00:00,227.45,227.3533,16123.0
2024-10-11 23:00:00,227.35,227.4,8518.0
2024-10-14 08:00:00,228.0,227.85,30522.0
2024-10-14 09:00:00,227.98,228.24,13285.0
2024-10-14 10:00:00,228.04,229.0,48818.0
2024-10-14 11:00:00,229.0,228.8,60148.0
2024-10-14 12:00:00,229.0,228.79,115197.0
2024-10-14 13:00:00,228.75,230.555,5754087.0
2024-10-14 14:00:00,230.57,229.48,4460691.0
2024-10-14 15:00:00,229.47,230.346,2780543.0
2024-10-14 16:00:00,230.34,230.33,2174250.0
2024-10-14 17:00:00,230.355,230.19,1647856.0
2024-10-14 18:00:00,230.19,231.15,3114992.0
2024-10-14 19:00:00,231.16,231.4,6259523.0
2024-10-14 20:00:00,231.3,231.19,1613376.0
2024-10-14 21:00:00,231.19,231.14,303433.0
2024-10-14 22:00:00,231.14,231.2235,17644.0
2024-10-14 23:00:00,231.2235,231.3,16626.0
2024-10-15 08:00:00,231.34,230.54,29653.0
2024-10-15 09:00:00,230.55,230.81,13294.0
2024-10-15 10:00:00,230.86,232.65,106753.0
2024-10-15 11:00:00,232.54,233.99,173999.0
2024-10-15 12:00:00,232.68,234.3185,330827.0
2024-10-15 13:00:00,234.21,236.635,13524363.0
2024-10-15 14:00:00,236.635,235.38,11580537.0
2024-10-15 15:00:00,235.37,235.37,6140393.0
2024-10-15 16:00:00,235.38,234.48,4229715.0
2024-10-15 17:00:00,234.4699,233.76,3699365.0
2024-10-15 18:00:00,233.77,233.78,2591881.0
2024-10-15 19:00:00,233.8,233.8,7961290.0
2024-10-15 20:00:00,233.85,233.8436,2440820.0
2024-10-15 21:00:00,233.85,233.6,1417540.0
2024-10-15 22:00:00,233.56,233.83,21262.0
2024-10-15 23:00:00,233.99,234.1,21671.0
2024-10-16 08:00:00,234.34,234.15,13438.0
2024-10-16 09:00:00,234.18,233.54,12721.0
2024-10-16 10:00:00,233.46,233.55,6266.0
2024-10-16 11:00:00,233.69,233.95,32085.0
2024-10-16 12:00:00,233.8,232.91,575748.0
2024-10-16 13:00:00,232.91,230.08,6816223.0
2024-10-16 14:00:00,230.085,230.3995,5217845.0
2024-10-16 15:00:00,230.4,230.1988,3375293.0
2024-10-16 16:00:00,230.1901,231.035,2968097.0
2024-10-16 17:00:00,231.05,230.805,2159019.0
2024-10-16 18:00:00,230.824206,231.2676,2261743.0
2024-10-16 19:00:00,231.27,231.75,4321708.0
2024-10-16 20:00:00,231.78,231.48,595870.0
2024-10-16 21:00:00,231.47,231.6,100200.0
2024-10-16 22:00:00,231.6,231.65,9010.0
2024-10-16 23:00:00,231.59,231.3605,12313.0
2024-10-17 08:00:00,232.0,232.9,60732.0
2024-10-17 09:00:00,232.86,233.65,112451.0
2024-10-17 10:00:00,233.49,233.65,62801.0
2024-10-17 11:00:00,233.53,233.47,81299.0
2024-10-17 12:00:00,233.53,233.76,230330.0
2024-10-17 13:00:00,233.792,231.72,5046407.0
2024-10-17 14:00:00,231.76,231.3599,3822918.0
2024-10-17 15:00:00,231.36,232.5462,2450623.0
2024-10-17 16:00:00,232.54,232.1761,1724641.0
2024-10-17 17:00:00,232.18,232.43,2328719.0
2024-10-17 18:00:00,232.43,232.1,3291829.0
2024-10-17 19:00:00,232.1,232.26,4578741.0
2024-10-17 20:00:00,232.15,232.15,771054.0
2024-10-17 21:00:00,232.1,232.1,4103.0
2024-10-17 22:00:00,232.11,232.28,11307.0
2024-10-17 23:00:00,232.229,232.16,4238.0
2024-10-18 08:00:00,233.3,234.41,87917.0
2024-10-18 09:00:00,234.5,235.02,65847.0
2024-10-18 10:00:00,234.95,235.75,98724.0
2024-10-18 11:00:00,235.76,236.35,295422.0
2024-10-18 12:00:00,235.69,236.3124,462037.0
2024-10-18 13:00:00,236.35,235.42,12692907.0
2024-10-18 14:00:00,235.43,234.69,5844843.0
2024-10-18 15:00:00,234.7,235.0275,4544675.0
2024-10-18 16:00:00,235.02,235.464,2943808.0
2024-10-18 17:00:00,235.465,235.648,2703128.0
2024-10-18 18:00:00,235.64,235.56,2208247.0
2024-10-18 19:00:00,235.55,234.98,4773510.0
2024-10-18 20:00:00,235.0,235.02,2042864.0
2024-10-18 21:00:00,235.02,234.898,44651.0
2024-10-18 22:00:00,234.89,234.7856,14256.0
2024-10-18 23:00:00,234.86,234.89,5756.0
2024-10-21 08:00:00,234.8,234.4,29810.0
2024-10-21 09:00:00,234.42,234.03,15291.0
2024-10-21 10:00:00,234.02,233.52,31085.0
2024-10-21 11:00:00,233.52,233.75,51044.0
2024-10-21 12:00:00,233.79,233.85,1136443.0
2024-10-21 13:00:00,233.85,235.1703,3802348.0
2024-10-21 14:00:00,235.175,235.88,4257321.0
2024-10-21 15:00:00,235.88,236.24,6060628.0
2024-10-21 16:00:00,236.23,236.51,2865143.0
2024-10-21 17:00:00,236.51,236.67,2198330.0
2024-10-21 18:00:00,236.69,235.985,2061476.0
2024-10-21 19:00:00,235.99,236.58,4462263.0
2024-10-21 20:00:00,236.48,236.55,1578867.0
2024-10-21 21:00:00,236.57,236.6,176313.0
2024-10-21 22:00:00,236.6,236.49,14638.0
2024-10-21 23:00:00,236.56,236.57,18611.0
2024-10-22 08:00:00,235.61,235.61,14957.0
2024-10-22 09:00:00,235.6,234.91,30457.0
2024-10-22 10:00:00,234.88,234.89,13702.0
2024-10-22 11:00:00,234.96,234.9,79645.0
2024-10-22 12:00:00,235.1,234.1801,1479234.0
2024-10-22 13:00:00,234.2001,233.16,5760514.0
2024-10-22 14:00:00,233.164595,234.225,4732054.0
2024-10-22 15:00:00,234.23,234.4903,3050088.0
2024-10-22 16:00:00,234.495,234.94,2830804.0
2024-10-22 17:00:00,234.935,235.68,2749665.0
2024-10-22 18:00:00,235.675,235.37,2742676.0
2024-10-22 19:00:00,235.37,235.86,3864708.0
2024-10-22 20:00:00,235.86,235.89,968661.0
2024-10-22 21:00:00,235.9,235.7,275310.0
2024-10-22 22:00:00,235.66,235.45,22302.0
2024-10-22 23:00:00,235.45,235.6,9201.0
2024-10-23 08:00:00,235.39,235.0,5825.0
2024-10-23 09:00:00,234.94,234.77,6825.0
2024-10-23 10:00:00,234.72,234.4,13645.0
2024-10-23 11:00:00,234.53,234.45,47116.0
2024-10-23 12:00:00,234.74,233.9979,137054.0
2024-10-23 13:00:00,233.93,234.915,4053616.0
2024-10-23 14:00:00,234.915,234.2925,3478545.0
2024-10-23 15:00:00,234.29,231.56,8028186.0
2024-10-23 16:00:00,231.58,229.64,10707602.0
2024-10-23 17:00:00,229.63,228.37,4937627.0
2024-10-23 18:00:00,228.36,229.26,4596687.0
2024-10-23 19:00:00,229.24,230.75,5985672.0
2024-10-23 20:00:00,230.76,230.35,2864233.0
2024-10-23 21:00:00,230.51,230.49,222339.0
2024-10-23 22:00:00,230.49,230.25,33285.0
2024-10-23 23:00:00,230.3,230.4178,35588.0
2024-10-24 08:00:00,230.66,231.2,30174.0
2024-10-24 09:00:00,231.28,231.34,9988.0
2024-10-24 10:00:00,231.36,231.4,5669.0
2024-10-24 11:00:00,231.4,231.33,31624.0
2024-10-24 12:00:00,231.27,230.5,163284.0
2024-10-24 13:00:00,230.442,229.82,5319812.0
2024-10-24 14:00:00,229.83,229.25,3843117.0
2024-10-24 15:00:00,229.25,229.58,3115136.0
2024-10-24 16:00:00,229.59,230.308,2467514.0
2024-10-24 17:00:00,230.31,230.255,2339177.0
2024-10-24 18:00:00,230.26,230.46,1640595.0
2024-10-24 19:00:00,230.45,230.57,3755673.0
2024-10-24 20:00:00,230.57,230.48,1150939.0
2024-10-24 21:00:00,230.43,230.39,23538.0
2024-10-24 22:00:00,230.42,230.2603,9659.0
2024-10-24 23:00:00,230.27,229.51,26477.0
2024-10-25 08:00:00,229.13,228.05,131904.0
2024-10-25 09:00:00,228.18,228.61,28310.0
2024-10-25 10:00:00,228.64,228.45,21983.0
2024-10-25 11:00:00,228.4,228.68,94942.0
2024-10-25 12:00:00,228.25,229.76,301247.0
2024-10-25 13:00:00,229.74,231.9,5207059.0
2024-10-25 14:00:00,231.96,232.8446,4374106.0
2024-10-25 15:00:00,232.86,232.05,4128242.0
2024-10-25 16:00:00,232.03,232.775,2387575.0
2024-10-25 17:00:00,232.775,231.48,2785364.0
2024-10-25 18:00:00,231.49,232.14,2320589.0
2024-10-25 19:00:00,232.12,231.41,4990664.0
2024-10-25 20:00:00,231.41,231.31,507527.0
2024-10-25 21:00:00,231.31,231.49,74213.0
2024-10-25 22:00:00,231.57,231.25,6281.0
2024-10-25 23:00:00,231.3,230.86,15801.0
2024-10-28 08:00:00,232.91,233.04,33821.0
2024-10-28 09:00:00,233.04,232.92,20943.0
2024-10-28 10:00:00,233.0,232.2,49504.0
2024-10-28 11:00:00,232.21,232.37,67660.0
2024-10-28 12:00:00,232.14,232.634,1147682.0
2024-10-28 13:00:00,232.69,233.18,4298619.0
2024-10-28 14:00:00,233.18,233.93,3738873.0
2024-10-28 15:00:00,233.935,233.57,3204392.0
2024-10-28 16:00:00,233.545,234.31,3283818.0
2024-10-28 17:00:00,234.3053,234.395,1976586.0
2024-10-28 18:00:00,234.395,233.76,1845840.0
2024-10-28 19:00:00,233.76,233.49,5090432.0
2024-10-28 20:00:00,233.4,232.9,1610116.0
2024-10-28 21:00:00,232.89,232.9398,65353.0
2024-10-28 22:00:00,232.95,232.65,33537.0
2024-10-28 23:00:00,232.6778,232.5,27832.0
2024-10-29 08:00:00,232.7,232.98,21481.0
2024-10-29 09:00:00,233.11,232.68,12722.0
2024-10-29 10:00:00,232.69,232.6,10824.0
2024-10-29 11:00:00,232.58,232.27,72330.0
2024-10-29 12:00:00,232.35,232.25,133733.0
2024-10-29 13:00:00,232.36,233.605,3970319.0
2024-10-29 14:00:00,233.6,233.49,4078035.0
2024-10-29 15:00:00,233.505,233.34,2540555.0
2024-10-29 16:00:00,233.35,233.9501,2586724.0
2024-10-29 17:00:00,233.95,233.82,1798071.0
2024-10-29 18:00:00,233.815,234.09,3245341.0
2024-10-29 19:00:00,234.095,233.75,4858579.0
2024-10-29 20:00:00,233.67,232.51,1934993.0
2024-10-29 21:00:00,232.51,232.46,1544245.0
2024-10-29 22:00:00,232.4,232.83,40712.0
2024-10-29 23:00:00,232.8,232.93,44795.0
2024-10-30 08:00:00,233.03,233.12,38378.0
2024-10-30 09:00:00,233.03,233.13,6504.0
2024-10-30 10:00:00,233.15,233.02,17508.0
2024-10-30 11:00:00,233.0,233.07,64761.0
2024-10-30 12:00:00,233.25,232.753,1304734.0
2024-10-30 13:00:00,232.89,232.58,4466065.0
2024-10-30 14:00:00,232.599,231.156,5129232.0
2024-10-30 15:00:00,231.16,231.3899,4817472.0
2024-10-30 16:00:00,231.385,230.92,2531099.0
2024-10-30 17:00:00,230.9183,230.2188,3353305.0
2024-10-30 18:00:00,230.215,230.505,2829803.0
2024-10-30 19:00:00,230.51,230.22,8621276.0
2024-10-30 20:00:00,230.1,229.68,1663834.0
2024-10-30 21:00:00,229.65,229.95,113113.0
2024-10-30 22:00:00,229.66,230.61,114912.0
2024-10-30 23:00:00,230.5,230.7,47308.0
2024-10-31 08:00:00,230.13,229.67,29019.0
2024-10-31 09:00:00,229.6,229.23,11706.0
2024-10-31 10:00:00,229.26,229.55,11254.0
2024-10-31 11:00:00,229.56,229.73,61037.0
2024-10-31 12:00:00,229.57,229.92,206451.0
2024-10-31 13:00:00,229.88,229.2082,5921174.0
2024-10-31 14:00:00,229.2,227.71,5400671.0
2024-10-31 15:00:00,227.68,227.055,5046033.0
2024-10-31 16:00:00,227.03,227.73,3499807.0
2024-10-31 17:00:00,227.735,226.9,3778463.0
2024-10-31 18:00:00,226.9,227.07,3854152.0
2024-10-31 19:00:00,227.08,225.39,10023727.0
2024-10-31 20:00:00,225.91,223.5,5781253.0
2024-10-31 21:00:00,223.49,221.26,2412467.0
2024-10-31 22:00:00,221.395,222.4,363169.0
2024-10-31 23:00:00,222.4,221.71,154202.0
2024-11-01 08:00:00,222.27,223.35,79001.0
2024-11-01 09:00:00,223.36,223.23,29337.0
2024-11-01 10:00:00,223.2,223.31,48639.0
2024-11-01 11:00:00,223.31,222.02,269009.0
2024-11-01 12:00:00,222.74,221.88,1789161.0
2024-11-01 13:00:00,221.88,223.8499,11632050.0
2024-11-01 14:00:00,223.85,222.435,12722972.0
2024-11-01 15:00:00,222.4205,222.08,7929075.0
2024-11-01 16:00:00,222.07,222.6,4887605.0
2024-11-01 17:00:00,222.5911,222.2,3776615.0
2024-11-01 18:00:00,222.19,222.6,3509322.0
2024-11-01 19:00:00,222.59,222.85,7281311.0
2024-11-01 20:00:00,222.91,222.87,977997.0
2024-11-01 21:00:00,222.87,223.0,43209.0
2024-11-01 22:00:00,222.9646,222.93,21039.0
2024-11-01 23:00:00,222.84,222.68,17087.0
2024-11-04 09:00:00,221.51,221.71,46358.0
2024-11-04 10:00:00,221.7,222.01,21650.0
2024-11-04 11:00:00,221.96,221.42,37294.0
2024-11-04 12:00:00,221.45,221.51,99501.0
2024-11-04 13:00:00,221.7714,221.36,185227.0
2024-11-04 14:00:00,221.33,222.065,6790837.0
2024-11-04 15:00:00,222.06,221.61,4282342.0
2024-11-04 16:00:00,221.62,221.08,5313156.0
2024-11-04 17:00:00,221.071,221.79,3051038.0
2024-11-04 18:00:00,221.77,222.4,2669384.0
2024-11-04 19:00:00,222.43,222.625,2411379.0
2024-11-04 20:00:00,222.625,222.12,5412247.0
2024-11-04 21:00:00,222.01,221.98,1471932.0
2024-11-04 22:00:00,221.91,221.6132,1450115.0
2024-11-04 23:00:00,221.68,221.7,34050.0
2024-11-05 00:00:00,221.63,221.53,14916.0
2024-11-05 09:00:00,221.9,221.6,16455.0
2024-11-05 10:00:00,221.6,221.55,10425.0
2024-11-05 11:00:00,221.72,221.97,11942.0
2024-11-05 12:00:00,221.98,221.52,20590.0
2024-11-05 13:00:00,221.93,221.8887,95348.0
2024-11-05 14:00:00,221.81,223.545,4300886.0
2024-11-05 15:00:00,223.56,222.195,4186117.0
2024-11-05 16:00:00,222.19,223.23,2832608.0
2024-11-05 17:00:00,223.25,223.49,2086581.0
2024-11-05 18:00:00,223.495,222.85,2258618.0
2024-11-05 19:00:00,222.86,222.9399,1979377.0
2024-11-05 20:00:00,222.93,223.46,4192585.0
2024-11-05 21:00:00,223.45,223.1766,722161.0
2024-11-05 22:00:00,223.29,223.06,47622.0
2024-11-05 23:00:00,223.04,222.96,20840.0
2024-11-06 00:00:00,222.98,223.15,50993.0
2024-11-06 09:00:00,226.9,224.49,130563.0
2024-11-06 10:00:00,224.31,223.31,96369.0
2024-11-06 11:00:00,223.49,223.0,119093.0
2024-11-06 12:00:00,223.0,224.0,265262.0
2024-11-06 13:00:00,224.05,223.95,465811.0
2024-11-06 14:00:00,223.81,224.45,10166814.0
2024-11-06 15:00:00,224.48,224.21,7410300.0
2024-11-06 16:00:00,224.205,224.67,4906249.0
2024-11-06 17:00:00,224.665,224.35,3863227.0
2024-11-06 18:00:00,224.35,223.915,3149515.0
2024-11-06 19:00:00,223.92,223.4101,3747991.0
2024-11-06 20:00:00,223.42,222.7,7545523.0
2024-11-06 21:00:00,222.72,223.17,1158498.0
2024-11-06 22:00:00,223.08,222.76,81588.0
2024-11-06 23:00:00,222.81,222.65,43009.0
2024-11-07 00:00:00,222.65,222.4699,33017.0
2024-11-07 09:00:00,223.14,223.32,21754.0
2024-11-07 10:00:00,223.34,223.15,11021.0
2024-11-07 11:00:00,223.1,223.0,15363.0
2024-11-07 12:00:00,222.94,223.42,47318.0
2024-11-07 13:00:00,223.08,223.78,191514.0
2024-11-07 14:00:00,223.75,226.3,6415429.0
2024-11-07 15:00:00,226.3,226.23,5182589.0
2024-11-07 16:00:00,226.23,227.07,3501956.0
2024-11-07 17:00:00,227.061977,227.2,2869995.0
2024-11-07 18:00:00,227.205,227.0989,2309382.0
2024-11-07 19:00:00,227.0999,227.505,3184074.0
2024-11-07 20:00:00,227.5,227.69,7141449.0
2024-11-07 21:00:00,227.48,227.77,926409.0
2024-11-07 22:00:00,227.71,227.6,394552.0
2024-11-07 23:00:00,227.5,227.4801,16768.0
2024-11-08 00:00:00,227.52,227.6,18945.0
2024-11-08 09:00:00,227.75,227.79,17873.0
2024-11-08 10:00:00,227.82,227.06,29833.0
2024-11-08 11:00:00,227.06,227.56,23161.0
2024-11-08 12:00:00,227.57,227.55,27352.0
2024-11-08 13:00:00,227.57,227.37,99927.0
2024-11-08 14:00:00,227.38,227.7699,4781711.0
2024-11-08 15:00:00,227.78,226.51,3974443.0
2024-11-08 16:00:00,226.515,227.27,3465529.0
2024-11-08 17:00:00,227.265,227.02,2250685.0
2024-11-08 18:00:00,227.03,227.5,4583042.0
2024-11-08 19:00:00,227.495,227.44,1800192.0
2024-11-08 20:00:00,227.435,227.16,7945325.0
2024-11-08 21:00:00,226.96,227.18,940514.0
2024-11-08 22:00:00,227.15,226.85,409700.0
2024-11-08 23:00:00,226.88,226.96,9723.0
2024-11-09 00:00:00,226.96,226.96,6757.0
2024-11-11 09:00:00,227.21,226.45,50088.0
2024-11-11 10:00:00,226.43,226.21,12008.0
2024-11-11 11:00:00,226.18,226.22,7544.0
2024-11-11 12:00:00,226.3,226.22,70375.0
2024-11-11 13:00:00,226.3104,225.9,258618.0
2024-11-11 14:00:00,225.9,222.9,7615165.0
2024-11-11 15:00:00,222.9,222.75,6165031.0
2024-11-11 16:00:00,222.755,222.78,4531991.0
2024-11-11 17:00:00,222.78,221.86,4115313.0
2024-11-11 18:00:00,221.86,222.9,3237401.0
2024-11-11 19:00:00,222.9085,223.045,2232583.0
2024-11-11 20:00:00,223.05,224.25,5464268.0
2024-11-11 21:00:00,224.23,224.25,583470.0
2024-11-11 22:00:00,224.25,224.03,521381.0
2024-11-11 23:00:00,224.05,224.11,23800.0
2024-11-12 00:00:00,224.0001,223.77,34422.0
2024-11-12 09:00:00,223.2,223.2,38499.0
2024-11-12 10:00:00,223.28,223.97,44930.0
2024-11-12 11:00:00,223.99,224.19,16327.0
2024-11-12 12:00:00,224.19,224.23,54298.0
2024-11-12 13:00:00,224.25,224.5,147055.0
2024-11-12 14:00:00,224.521,224.25,4354019.0
2024-11-12 15:00:00,224.25,224.6,4182169.0
2024-11-12 16:00:00,224.59,224.97,4468771.0
2024-11-12 17:00:00,224.9695,223.4199,3514111.0
2024-11-12 18:00:00,223.42,224.1498,2620847.0
2024-11-12 19:00:00,224.13,224.53,2181908.0
2024-11-12 20:00:00,224.53,224.24,6780445.0
2024-11-12 21:00:00,224.23,224.0,3120579.0
2024-11-12 22:00:00,223.98,224.19,21368.0
2024-11-12 23:00:00,224.2,224.2,50493.0
2024-11-13 00:00:00,224.19,224.09,11101.0
2024-11-13 09:00:00,223.88,223.75,12415.0
2024-11-13 10:00:00,223.83,223.59,5441.0
2024-11-13 11:00:00,223.59,223.15,8499.0
2024-11-13 12:00:00,223.3,223.52,34381.0
2024-11-13 13:00:00,223.35,223.52,2862219.0
2024-11-13 14:00:00,223.5,223.54,4563196.0
2024-11-13 15:00:00,223.55,224.05,4533692.0
2024-11-13 16:00:00,224.05,224.55,3419438.0
2024-11-13 17:00:00,224.555,226.521,4126317.0
2024-11-13 18:00:00,226.53,226.025,3119837.0
2024-11-13 19:00:00,226.03,225.43,2544391.0
2024-11-13 20:00:00,225.42,225.22,6803312.0
2024-11-13 21:00:00,225.12,225.27,1924230.0
2024-11-13 22:00:00,225.3,225.0503,9489.0
2024-11-13 23:00:00,225.14,224.9699,16748.0
2024-11-14 00:00:00,224.9,224.73,19007.0
2024-11-14 09:00:00,224.85,224.22,23467.0
2024-11-14 10:00:00,224.23,224.42,8631.0
2024-11-14 11:00:00,224.51,224.6,16637.0
2024-11-14 12:00:00,224.8,224.7,28331.0
2024-11-14 13:00:00,225.0,224.75,903534.0
2024-11-14 14:00:00,224.75,225.7215,4531985.0
2024-11-14 15:00:00,225.72,226.53,5467311.0
2024-11-14 16:00:00,226.52,226.7401,2949881.0
2024-11-14 17:00:00,226.75,227.925,3790294.0
2024-11-14 18:00:00,227.925,228.06,3197755.0
2024-11-14 19:00:00,228.05,228.27,3177701.0
2024-11-14 20:00:00,228.275,228.19,8067712.0
2024-11-14 21:00:00,228.22,227.81,1791878.0
2024-11-14 22:00:00,227.81,227.8219,40732.0
2024-11-14 23:00:00,227.71,227.5,24111.0
2024-11-15 00:00:00,227.47,227.42,22976.0
2024-11-15 09:00:00,226.9,225.99,45263.0
2024-11-15 10:00:00,226.05,225.95,14702.0
2024-11-15 11:00:00,225.99,226.26,20616.0
2024-11-15 12:00:00,226.41,226.72,37694.0
2024-11-15 13:00:00,226.4,226.0902,128416.0
2024-11-15 14:00:00,226.05,225.07,9089817.0
2024-11-15 15:00:00,225.065,224.62,4780606.0
2024-11-15 16:00:00,224.63,225.1,3272556.0
2024-11-15 17:00:00,225.1,224.73,3895175.0
2024-11-15 18:00:00,224.735,224.665,3472351.0
2024-11-15 19:00:00,224.67,224.825,2727134.0
2024-11-15 20:00:00,224.825,224.92,6183973.0
2024-11-15 21:00:00,225.0,225.01,1263353.0
2024-11-15 22:00:00,225.02,225.1,583623.0
2024-11-15 23:00:00,225.07,225.03,8651.0
2024-11-16 00:00:00,225.04,225.26,9151.0
2024-11-18 09:00:00,226.0,225.21,13388.0
2024-11-18 10:00:00,225.26,225.38,12079.0
2024-11-18 11:00:00,225.35,225.55,4494.0
2024-11-18 12:00:00,225.62,225.7,40425.0
2024-11-18 13:00:00,225.9,225.69,106170.0
2024-11-18 14:00:00,225.629,226.82,5141429.0
2024-11-18 15:00:00,226.85,228.43,5335692.0
2024-11-18 16:00:00,228.41,228.54,3982803.0
2024-11-18 17:00:00,228.53,229.602,2366237.0
2024-11-18 18:00:00,229.605,229.446,3079061.0
2024-11-18 19:00:00,229.44,228.855,2705087.0
2024-11-18 20:00:00,228.85,227.99,5564926.0
2024-11-18 21:00:00,228.02,228.4,1291782.0
2024-11-18 22:00:00,228.37,228.2412,63923.0
2024-11-18 23:00:00,228.2,227.85,25998.0
2024-11-19 00:00:00,227.85,228.06,12992.0
2024-11-19 09:00:00,228.08,227.05,38802.0
2024-11-19 10:00:00,227.01,227.69,13080.0
2024-11-19 11:00:00,227.62,227.73,7112.0
2024-11-19 12:00:00,227.79,227.84,51649.0
2024-11-19 13:00:00,227.99,225.87,135522.0
2024-11-19 14:00:00,225.89,228.435,4075849.0
2024-11-19 15:00:00,228.43,229.05,3442648.0
2024-11-19 16:00:00,229.06,229.34,2550193.0
2024-11-19 17:00:00,229.34,229.4,4855249.0
2024-11-19 18:00:00,229.39,229.935,2371402.0
2024-11-19 19:00:00,229.94,228.79,2581111.0
2024-11-19 20:00:00,228.78,228.3,5357426.0
2024-11-19 21:00:00,228.28,228.2,1551718.0
2024-11-19 22:00:00,228.18,228.05,18015.0
2024-11-19 23:00:00,228.05,228.0,13627.0
2024-11-20 00:00:00,228.1,228.5,21533.0
2024-11-20 09:00:00,227.83,227.76,16207.0
2024-11-20 10:00:00,227.79,227.63,7613.0
2024-11-20 11:00:00,227.78,227.71,10419.0
2024-11-20 12:00:00,227.76,228.47,39864.0
2024-11-20 13:00:00,227.88,228.18,1012366.0
2024-11-20 14:00:00,228.1,227.63,4236410.0
2024-11-20 15:00:00,227.63,226.94,3851510.0
2024-11-20 16:00:00,226.95,227.48,3228987.0
2024-11-20 17:00:00,227.47,226.89,2134858.0
2024-11-20 18:00:00,226.88,226.9163,1808834.0
2024-11-20 19:00:00,226.91,227.4,1827591.0
2024-11-20 20:00:00,227.4,229.0,5280951.0
2024-11-20 21:00:00,229.0,228.94,3495840.0
2024-11-20 22:00:00,228.85,228.55,29470.0
2024-11-20 23:00:00,228.3297,228.71,32258.0
2024-11-21 00:00:00,228.67,228.24,36584.0
2024-11-21 09:00:00,228.2,228.6,29555.0
2024-11-21 10:00:00,228.52,228.88,15399.0
2024-11-21 11:00:00,228.8,229.66,41991.0
2024-11-21 12:00:00,229.43,229.35,54983.0
2024-11-21 13:00:00,229.95,229.63,624204.0
2024-11-21 14:00:00,229.6,227.0,5318058.0
2024-11-21 15:00:00,227.0,228.34,6112767.0
2024-11-21 16:00:00,228.34,228.8612,3766725.0
2024-11-21 17:00:00,228.86,229.783304,3985430.0
2024-11-21 18:00:00,229.78,229.47,2429505.0
2024-11-21 19:00:00,229.47,229.38,2774377.0
2024-11-21 20:00:00,229.38,228.51,5891687.0
2024-11-21 21:00:00,228.52,228.36,1184235.0
2024-11-21 22:00:00,228.37,228.35,17417.0
2024-11-21 23:00:00,228.32,228.2301,30586.0
2024-11-22 00:00:00,228.25,228.56,10310.0
2024-11-22 09:00:00,228.5,228.76,24317.0
2024-11-22 10:00:00,228.67,228.45,7801.0
2024-11-22 11:00:00,228.37,228.85,8325.0
2024-11-22 12:00:00,228.94,228.92,24837.0
2024-11-22 13:00:00,228.94,228.72,64358.0
2024-11-22 14:00:00,228.75,229.98,4338514.0
2024-11-22 15:00:00,229.95,229.5,3852455.0
2024-11-22 16:00:00,229.5,229.5799,4097089.0
2024-11-22 17:00:00,229.58,230.3901,3603689.0
2024-11-22 18:00:00,230.39,229.875,2909013.0
2024-11-22 19:00:00,229.87,229.49,2707219.0
2024-11-22 20:00:00,229.48,229.74,5889268.0
2024-11-22 21:00:00,229.87,229.99,2092001.0
2024-11-22 22:00:00,229.99,229.9187,24056.0
2024-11-22 23:00:00,229.94,229.9899,11309.0
2024-11-23 00:00:00,229.91,229.95,3520.0
2024-11-25 09:00:00,229.88,230.12,26478.0
2024-11-25 10:00:00,230.25,230.7,16948.0
2024-11-25 11:00:00,230.6,230.5,9279.0
2024-11-25 12:00:00,230.5,231.33,84271.0
2024-11-25 13:00:00,230.46,231.51,1155359.0
2024-11-25 14:00:00,231.55,232.6,6170266.0
2024-11-25 15:00:00,232.56,231.895,4510829.0
2024-11-25 16:00:00,231.89,230.9,3320587.0
2024-11-25 17:00:00,230.89,230.11,3812122.0
2024-11-25 18:00:00,230.105,230.285,2118697.0
2024-11-25 19:00:00,230.28,230.68,2197282.0
2024-11-25 20:00:00,230.68,232.88,12836351.0
2024-11-25 21:00:00,232.87,232.2,3948440.0
2024-11-25 22:00:00,232.2,232.25,63264.0
2024-11-25 23:00:00,232.21,231.3,93551.0
2024-11-26 00:00:00,231.3,231.06,88114.0
2024-11-26 09:00:00,231.93,232.7,58485.0
2024-11-26 10:00:00,232.67,232.6,15637.0
2024-11-26 11:00:00,232.6,232.95,45758.0
2024-11-26 12:00:00,232.93,233.18,73993.0
2024-11-26 13:00:00,233.33,233.37,1349329.0
2024-11-26 14:00:00,233.3899,234.81,7418650.0
2024-11-26 15:00:00,234.78,235.1699,7156474.0
2024-11-26 16:00:00,235.17,235.03,3441069.0
2024-11-26 17:00:00,235.02,235.0,3445150.0
2024-11-26 18:00:00,235.005,235.08,2612935.0
2024-11-26 19:00:00,235.07,234.92,2752063.0
2024-11-26 20:00:00,234.91,235.08,6769599.0
2024-11-26 21:00:00,235.06,235.55,2344595.0
2024-11-26 22:00:00,235.55,235.41,32983.0
2024-11-26 23:00:00,235.41,235.4617,21641.0
2024-11-27 00:00:00,235.5935,235.53,23610.0
2024-11-27 09:00:00,235.5,234.4,41630.0
2024-11-27 10:00:00,234.34,234.38,21935.0
2024-11-27 11:00:00,234.26,234.19,30943.0
2024-11-27 12:00:00,234.29,234.17,71638.0
2024-11-27 13:00:00,233.95,233.81,168492.0
2024-11-27 14:00:00,233.8,234.32,4002687.0
2024-11-27 15:00:00,234.33,234.62,4965775.0
2024-11-27 16:00:00,234.62,234.3525,2950666.0
2024-11-27 17:00:00,234.35,234.73,2755811.0
2024-11-27 18:00:00,234.73,234.93,1727100.0
2024-11-27 19:00:00,234.925,235.06,2000757.0
2024-11-27 20:00:00,235.065,234.99,3791331.0
2024-11-27 21:00:00,234.93,235.01,874790.0
2024-11-27 22:00:00,235.03,235.0981,4665.0
2024-11-27 23:00:00,235.07,235.15,6578.0
2024-11-28 00:00:00,235.13,235.2,8430.0
2024-11-29 09:00:00,235.37,235.07,8569.0
2024-11-29 10:00:00,234.94,234.8,5210.0
2024-11-29 11:00:00,234.63,234.42,5589.0
2024-11-29 12:00:00,234.41,234.58,24064.0
2024-11-29 13:00:00,234.56,234.31,83700.0
2024-11-29 14:00:00,234.39,235.64,3505466.0
2024-11-29 15:00:00,235.63,235.81,3386842.0
2024-11-29 16:00:00,235.82,237.06,4497316.0
2024-11-29 17:00:00,237.06,237.34,6367294.0
2024-11-29 18:00:00,237.33,237.33,6198678.0
2024-11-29 21:00:00,237.4,237.4897,32972.0
2024-12-02 09:00:00,237.1,237.17,15376.0
2024-12-02 10:00:00,237.15,237.17,9549.0
2024-12-02 11:00:00,237.19,237.18,12969.0
2024-12-02 12:00:00,237.25,237.42,111923.0
2024-12-02 13:00:00,237.75,237.244,787992.0
2024-12-02 14:00:00,237.28,239.305,5865715.0
2024-12-02 15:00:00,239.28,240.09,7516759.0
2024-12-02 16:00:00,240.09,239.9558,4359150.0
2024-12-02 17:00:00,239.95,239.5101,2368102.0
2024-12-02 18:00:00,239.51,239.1488,3716850.0
2024-12-02 19:00:00,239.1401,239.64,2319516.0
2024-12-02 20:00:00,239.64,239.6,5182548.0
2024-12-02 21:00:00,239.59,239.88,1614586.0
2024-12-02 22:00:00,239.84,239.7245,15705.0
2024-12-02 23:00:00,239.704,239.75,12719.0
2024-12-03 00:00:00,239.72,239.68,5622.0
2024-12-03 09:00:00,240.0,239.98,35106.0
2024-12-03 10:00:00,239.97,239.81,11344.0
2024-12-03 11:00:00,239.8,240.13,12941.0
2024-12-03 12:00:00,240.15,240.15,23241.0
2024-12-03 13:00:00,240.04,240.1795,636456.0
2024-12-03 14:00:00,240.15,240.89,4637920.0
2024-12-03 15:00:00,240.86,241.1905,5581530.0
2024-12-03 16:00:00,241.19,241.41,3391807.0
2024-12-03 17:00:00,241.41,241.6686,2461185.0
2024-12-03 18:00:00,241.6601,241.725,2233080.0
2024-12-03 19:00:00,241.725,242.38,3736521.0
2024-12-03 20:00:00,242.38,242.63,5328245.0
2024-12-03 21:00:00,242.65,242.85,1728682.0
2024-12-03 22:00:00,242.88,242.81,19702.0
2024-12-03 23:00:00,242.8,242.8007,29906.0
2024-12-04 00:00:00,242.8166,243.0,23303.0
2024-12-04 09:00:00,242.76,243.24,28853.0
2024-12-04 10:00:00,243.2,243.35,7171.0
2024-12-04 11:00:00,243.42,243.0,30318.0
2024-12-04 12:00:00,243.01,243.08,38132.0
2024-12-04 13:00:00,242.99,243.28,304129.0
2024-12-04 14:00:00,243.28,243.555,4499297.0
2024-12-04 15:00:00,243.54,243.465,5308418.0
2024-12-04 16:00:00,243.47,242.5,6750454.0
2024-12-04 17:00:00,242.48,242.3687,3283298.0
2024-12-04 18:00:00,242.365,242.51,2182576.0
2024-12-04 19:00:00,242.525,242.9101,3382379.0
2024-12-04 20:00:00,242.91,243.02,4966606.0
2024-12-04 21:00:00,243.01,243.0081,841953.0
2024-12-04 22:00:00,242.9608,242.9,15011.0
2024-12-04 23:00:00,242.95,242.92,11219.0
2024-12-05 00:00:00,242.91,242.75,19097.0
2024-12-05 09:00:00,242.53,242.95,27358.0
2024-12-05 10:00:00,242.99,243.0,11414.0
2024-12-05 11:00:00,243.0,243.0,9032.0
2024-12-05 12:00:00,243.03,243.14,13427.0
2024-12-05 13:00:00,243.08,243.01,280214.0
2024-12-05 14:00:00,243.05,243.47,5256946.0
2024-12-05 15:00:00,243.455,242.35,4680045.0
2024-12-05 16:00:00,242.37,242.63,4021402.0
2024-12-05 17:00:00,242.625,242.89,3411363.0
2024-12-05 18:00:00,242.89,243.215,2537899.0
2024-12-05 19:00:00,243.2299,243.115,2809476.0
2024-12-05 20:00:00,243.12,243.08,6115986.0
2024-12-05 21:00:00,243.04,242.9,464964.0
2024-12-05 22:00:00,242.8247,242.86,23945.0
2024-12-05 23:00:00,242.86,242.95,17983.0
2024-12-06 00:00:00,242.92,242.93,1915.0
2024-12-06 09:00:00,242.97,242.89,6341.0
2024-12-06 10:00:00,242.73,242.72,2544.0
2024-12-06 11:00:00,242.69,242.53,4205.0
2024-12-06 12:00:00,242.62,242.85,18747.0
2024-12-06 13:00:00,242.79,242.87,141199.0
2024-12-06 14:00:00,242.86,243.64,4835330.0
2024-12-06 15:00:00,243.67,243.5986,4387352.0
2024-12-06 16:00:00,243.6,243.65,2787672.0
2024-12-06 17:00:00,243.66,243.06,2814121.0
2024-12-06 18:00:00,243.05,243.63,1886387.0
2024-12-06 19:00:00,243.62,242.9601,3673564.0
2024-12-06 20:00:00,242.95,242.86,5812992.0
2024-12-06 21:00:00,242.84,242.55,888681.0
2024-12-06 22:00:00,242.58,242.37,18195.0
2024-12-06 23:00:00,242.37,242.41,6883.0
2024-12-07 00:00:00,242.4,242.3025,8662.0
2024-12-09 09:00:00,242.69,242.83,43223.0
2024-12-09 10:00:00,242.85,242.76,9682.0
2024-12-09 11:00:00,242.79,242.75,20249.0
2024-12-09 12:00:00,242.67,242.46,30310.0
2024-12-09 13:00:00,242.6314,242.57,70283.0
2024-12-09 14:00:00,242.5779,243.93,4200794.0
2024-12-09 15:00:00,243.92,246.04,6438273.0
2024-12-09 16:00:00,246.03,246.88,5884099.0
2024-12-09 17:00:00,246.87,246.219,3569839.0
2024-12-09 18:00:00,246.205,246.735,2419604.0
2024-12-09 19:00:00,246.73,246.4266,2203846.0
2024-12-09 20:00:00,246.425,246.82,6684749.0
2024-12-09 21:00:00,246.75,247.27,1550787.0
2024-12-09 22:00:00,247.26,247.25,41647.0
2024-12-09 23:00:00,247.2,247.0345,15476.0
2024-12-10 00:00:00,247.02,247.24,36209.0
2024-12-10 09:00:00,246.6,247.04,25988.0
2024-12-10 10:00:00,247.04,247.08,13682.0
2024-12-10 11:00:00,247.09,247.15,16756.0
2024-12-10 12:00:00,247.22,247.8,48459.0
2024-12-10 13:00:00,247.2,247.33,705327.0
2024-12-10 14:00:00,247.38,247.655,5031732.0
2024-12-10 15:00:00,247.64,245.8885,4216636.0
2024-12-10 16:00:00,245.885,246.4,3086316.0
2024-12-10 17:00:00,246.41,246.85,2245035.0
2024-12-10 18:00:00,246.8513,247.6117,2354013.0
2024-12-10 19:00:00,247.62,248.03,3079114.0
2024-12-10 20:00:00,248.03,247.8,5880820.0
2024-12-10 21:00:00,247.77,247.895,2166490.0
2024-12-10 22:00:00,247.9,247.82,17022.0
2024-12-10 23:00:00,247.82,247.77,19657.0
2024-12-11 00:00:00,247.77,247.7,15153.0
2024-12-11 09:00:00,247.72,247.53,16728.0
2024-12-11 10:00:00,247.54,247.48,10700.0
2024-12-11 11:00:00,247.49,247.45,6805.0
2024-12-11 12:00:00,247.49,247.47,17888.0
2024-12-11 13:00:00,247.4892,248.06,230953.0
2024-12-11 14:00:00,248.0,249.305,5595906.0
2024-12-11 15:00:00,249.305,250.1405,5765968.0
2024-12-11 16:00:00,250.15,249.51,4809189.0
2024-12-11 17:00:00,249.52,249.22,2252533.0
2024-12-11 18:00:00,249.225,248.3711,2606927.0
2024-12-11 19:00:00,248.375,247.815,2931402.0
2024-12-11 20:00:00,247.815,246.43,7238644.0
2024-12-11 21:00:00,246.49,246.49,1370530.0
2024-12-11 22:00:00,246.66,246.79,535922.0
2024-12-11 23:00:00,246.79,246.42,31389.0
2024-12-12 00:00:00,246.5648,246.41,29505.0
2024-12-12 09:00:00,247.5,247.0,31814.0
2024-12-12 10:00:00,247.01,247.78,43521.0
2024-12-12 11:00:00,247.64,247.19,21080.0
2024-12-12 12:00:00,247.2,246.64,50334.0
2024-12-12 13:00:00,247.05,246.65,1064289.0
2024-12-12 14:00:00,246.7,246.56,4007439.0
2024-12-12 15:00:00,246.58,248.04,5455818.0
2024-12-12 16:00:00,248.05,248.1903,2698095.0
2024-12-12 17:00:00,248.19,248.55,2227209.0
2024-12-12 18:00:00,248.54,248.5236,1830942.0
2024-12-12 19:00:00,248.5209,247.93,1965068.0
2024-12-12 20:00:00,247.92,247.94,3792327.0
2024-12-12 21:00:00,247.96,248.05,2355610.0
2024-12-12 22:00:00,248.12,247.58,85191.0
2024-12-12 23:00:00,247.45,246.8552,65551.0
2024-12-13 00:00:00,246.7801,247.15,18482.0
2024-12-13 09:00:00,247.12,246.8,42860.0
2024-12-13 10:00:00,246.77,247.39,16024.0
2024-12-13 11:00:00,247.21,248.25,73708.0
2024-12-13 12:00:00,248.25,249.5,125485.0
2024-12-13 13:00:00,248.49,248.88,226495.0
2024-12-13 14:00:00,248.71,248.37,3884045.0
2024-12-13 15:00:00,248.37,247.22,3995570.0
2024-12-13 16:00:00,247.24,246.715,3526395.0
2024-12-13 17:00:00,246.71,246.58,2304811.0
2024-12-13 18:00:00,246.585,247.85,2260559.0
2024-12-13 19:00:00,247.845,247.87,2291274.0
2024-12-13 20:00:00,247.87,248.11,3660099.0
2024-12-13 21:00:00,248.13,247.65,1982368.0
2024-12-13 22:00:00,247.67,247.79,905160.0
2024-12-13 23:00:00,247.8,247.8,4701.0
2024-12-14 00:00:00,247.77,248.0,15510.0
2024-12-16 09:00:00,248.23,248.5,10006.0
2024-12-16 10:00:00,248.57,248.72,13328.0
2024-12-16 11:00:00,248.69,248.74,8162.0
2024-12-16 12:00:00,248.7,248.73,30908.0
2024-12-16 13:00:00,248.7,248.19,199311.0
2024-12-16 14:00:00,248.21,248.605,4776495.0
2024-12-16 15:00:00,248.615,249.31,4312778.0
2024-12-16 16:00:00,249.3,250.275,4426099.0
2024-12-16 17:00:00,250.275,251.2859,3601868.0
2024-12-16 18:00:00,251.2863,250.86,2863675.0
2024-12-16 19:00:00,250.86,250.81,3269318.0
2024-12-16 20:00:00,250.81,251.04,5338054.0
2024-12-16 21:00:00,251.04,251.2,1059542.0
2024-12-16 22:00:00,251.17,251.07,45057.0
2024-12-16 23:00:00,251.08,250.87,33412.0
2024-12-17 00:00:00,250.81,251.0,12540.0
2024-12-17 09:00:00,250.29,250.47,15400.0
2024-12-17 10:00:00,250.46,250.46,11331.0
2024-12-17 11:00:00,250.42,250.14,8681.0
2024-12-17 12:00:00,250.16,250.16,17735.0
2024-12-17 13:00:00,250.28,250.4999,116229.0
2024-12-17 14:00:00,250.5,252.04,5448135.0
2024-12-17 15:00:00,252.04,252.36,4378981.0
2024-12-17 16:00:00,252.365,253.075,4549917.0
2024-12-17 17:00:00,253.08,252.915,3209647.0
2024-12-17 18:00:00,252.9,253.335,3215747.0
2024-12-17 19:00:00,253.3301,253.24,2790910.0
2024-12-17 20:00:00,253.24,253.48,8123823.0
2024-12-17 21:00:00,253.48,253.36,803419.0
2024-12-17 22:00:00,253.36,253.36,137830.0
2024-12-17 23:00:00,253.3,253.1,31566.0
2024-12-18 00:00:00,253.22,253.39,15725.0
2024-12-18 09:00:00,253.6,253.3,13215.0
2024-12-18 10:00:00,253.36,253.42,8178.0
2024-12-18 11:00:00,253.45,253.16,7544.0
2024-12-18 12:00:00,253.21,253.35,31083.0
2024-12-18 13:00:00,253.28,252.421,181132.0
2024-12-18 14:00:00,252.4207,252.02,4675560.0
2024-12-18 15:00:00,252.035,253.4701,4282622.0
2024-12-18 16:00:00,253.52,253.4309,3474868.0
2024-12-18 17:00:00,253.43,253.8535,3638959.0
2024-12-18 18:00:00,253.85,254.09,2638366.0
2024-12-18 19:00:00,254.08,251.05,6000221.0
2024-12-18 20:00:00,251.02,247.86,13794805.0
2024-12-18 21:00:00,248.05,246.95,2043360.0
2024-12-18 22:00:00,246.97,246.6095,221482.0
2024-12-18 23:00:00,246.65,246.77,104793.0
2024-12-19 00:00:00,246.89,247.19,59766.0
2024-12-19 09:00:00,247.89,247.62,74683.0
2024-12-19 10:00:00,247.62,247.73,40150.0
2024-12-19 11:00:00,247.84,247.59,19358.0
2024-12-19 12:00:00,247.59,247.99,73438.0
2024-12-19 13:00:00,247.8,247.37,228082.0
2024-12-19 14:00:00,247.35,248.69,6653963.0
2024-12-19 15:00:00,248.69,250.46,9306137.0
2024-12-19 16:00:00,250.46,251.13,4995726.0
2024-12-19 17:00:00,251.13,250.655,3663181.0
2024-12-19 18:00:00,250.645,251.32,2441173.0
2024-12-19 19:00:00,251.33,250.06,2319744.0
2024-12-19 20:00:00,250.06,249.85,5955875.0
2024-12-19 21:00:00,249.79,250.0686,1706534.0
2024-12-19 22:00:00,249.79,249.82,982241.0
2024-12-19 23:00:00,249.93,249.3501,18601.0
2024-12-20 00:00:00,249.45,248.79,44553.0
2024-12-20 09:00:00,248.01,247.52,58093.0
2024-12-20 10:00:00,247.37,247.64,49060.0
2024-12-20 11:00:00,247.6,247.45,44037.0
2024-12-20 12:00:00,247.48,246.99,135951.0
2024-12-20 13:00:00,246.95,247.68,286407.0
2024-12-20 14:00:00,247.69,246.8313,18068235.0
2024-12-20 15:00:00,246.85,249.95,5254204.0
2024-12-20 16:00:00,249.985,253.115,7194679.0
2024-12-20 17:00:00,253.115,253.3559,4323827.0
2024-12-20 18:00:00,253.3608,252.865,3752747.0
2024-12-20 19:00:00,252.84,253.6028,3348461.0
2024-12-20 20:00:00,253.61,254.6,11582497.0
2024-12-20 21:00:00,254.585,254.95,4542389.0
2024-12-20 22:00:00,254.95,255.0018,19875404.0
2024-12-20 23:00:00,255.0013,255.31,274524.0
2024-12-21 00:00:00,255.31,255.35,63230.0
2024-12-23 09:00:00,255.55,255.38,51024.0
2024-12-23 10:00:00,255.55,255.1,29644.0
2024-12-23 11:00:00,255.09,254.78,25337.0
2024-12-23 12:00:00,254.79,255.41,51791.0
2024-12-23 13:00:00,254.93,254.88,213498.0
2024-12-23 14:00:00,254.88,254.9686,5281478.0
2024-12-23 15:00:00,254.98,253.62,4526531.0
2024-12-23 16:00:00,253.6,254.905,2617309.0
2024-12-23 17:00:00,254.9,254.21,3556841.0
2024-12-23 18:00:00,254.2131,254.2238,2772609.0
2024-12-23 19:00:00,254.22,253.93,2317675.0
2024-12-23 20:00:00,253.915,255.31,5697115.0
2024-12-23 21:00:00,255.27,255.12,4003731.0
2024-12-23 22:00:00,255.0704,255.12,17843.0
2024-12-23 23:00:00,255.04,254.7685,13955.0
2024-12-24 00:00:00,254.77,254.95,17299.0
2024-12-24 09:00:00,255.05,255.53,10761.0
2024-12-24 10:00:00,255.54,255.52,6457.0
2024-12-24 11:00:00,255.57,255.47,5518.0
2024-12-24 12:00:00,255.41,255.3,18625.0
2024-12-24 13:00:00,255.0,255.35,49197.0
2024-12-24 14:00:00,255.38,256.765,3640326.0
2024-12-24 15:00:00,256.79,257.55,4851234.0
2024-12-24 16:00:00,257.54,257.08,3504100.0
2024-12-24 17:00:00,257.11,258.21,4387262.0
2024-12-24 18:00:00,258.178,258.2,3538077.0
2024-12-24 21:00:00,257.82,258.1,12600.0
2024-12-26 09:00:00,258.06,257.85,13387.0
2024-12-26 10:00:00,257.75,257.7,11887.0
2024-12-26 11:00:00,257.61,257.73,5123.0
2024-12-26 12:00:00,257.8,257.63,24006.0
2024-12-26 13:00:00,257.95,257.93,114330.0
2024-12-26 14:00:00,257.88,258.7899,5555770.0
2024-12-26 15:00:00,258.76,258.355,3739106.0
2024-12-26 16:00:00,258.37,258.89,2475292.0
2024-12-26 17:00:00,258.8904,258.85,1925581.0
2024-12-26 18:00:00,258.844,258.65,1645351.0
2024-12-26 19:00:00,258.62,259.09,1691646.0
2024-12-26 20:00:00,259.1,259.1,4052836.0
2024-12-26 21:00:00,259.02,258.97,940840.0
2024-12-26 22:00:00,259.01,259.02,18705.0
2024-12-26 23:00:00,259.02,259.12,10697.0
2024-12-27 00:00:00,259.12,259.06,14398.0
2024-12-27 09:00:00,258.37,258.78,11370.0
2024-12-27 10:00:00,258.81,258.9,3148.0
2024-12-27 11:00:00,258.93,258.95,4407.0
2024-12-27 12:00:00,258.95,259.28,24693.0
2024-12-27 13:00:00,258.9996,258.57,189366.0
2024-12-27 14:00:00,258.55,256.6197,3753693.0
2024-12-27 15:00:00,256.64,254.95,5916214.0
2024-12-27 16:00:00,254.95,253.635,4906981.0
2024-12-27 17:00:00,253.62,254.5,4562234.0
2024-12-27 18:00:00,254.48,255.3,2488135.0
2024-12-27 19:00:00,255.29,255.465,2244977.0
2024-12-27 20:00:00,255.4501,255.73,6743683.0
2024-12-27 21:00:00,255.59,255.11,839392.0
2024-12-27 22:00:00,255.07,254.95,115370.0
2024-12-27 23:00:00,254.84,254.77,17936.0
2024-12-28 00:00:00,254.83,254.77,14673.0
2024-12-30 09:00:00,255.02,254.4,24850.0
2024-12-30 10:00:00,254.5,254.49,8893.0
2024-12-30 11:00:00,254.43,254.53,7479.0
2024-12-30 12:00:00,254.61,252.9,61471.0
2024-12-30 13:00:00,252.87,252.29,204301.0
2024-12-30 14:00:00,252.23,251.27,4782782.0
2024-12-30 15:00:00,251.2613,251.69,4680602.0
2024-12-30 16:00:00,251.685,252.54,3040898.0
2024-12-30 17:00:00,252.5,253.41,2539682.0
2024-12-30 18:00:00,253.4,253.14,1971416.0
2024-12-30 19:00:00,253.1201,253.34,2474711.0
2024-12-30 20:00:00,253.348,252.06,5421290.0
2024-12-30 21:00:00,252.2,251.83,1797173.0
2024-12-30 22:00:00,251.83,252.22,38631.0
2024-12-30 23:00:00,252.24,251.8679,85537.0
2024-12-31 00:00:00,251.865,251.87,21619.0
2024-12-31 09:00:00,252.14,253.25,15765.0
2024-12-31 10:00:00,253.2,253.08,5751.0
2024-12-31 11:00:00,253.1,253.2,9127.0
2024-12-31 12:00:00,253.09,252.8,40693.0
2024-12-31 13:00:00,253.15,252.31,82844.0
2024-12-31 14:00:00,252.3,252.269,3374167.0
2024-12-31 15:00:00,252.25,251.8185,2770592.0
2024-12-31 16:00:00,251.83,251.315,2029159.0
2024-12-31 17:00:00,251.32,250.67,2828776.0
2024-12-31 18:00:00,250.66,249.88,3270596.0
2024-12-31 19:00:00,249.8899,250.42,2472924.0
2024-12-31 20:00:00,250.41,250.38,9262852.0
2024-12-31 21:00:00,250.42,250.43,329136.0
2024-12-31 22:00:00,250.43,250.433,395180.0
2024-12-31 23:00:00,250.4406,250.4219,2007.0
2025-01-01 00:00:00,250.4216,250.41,7042.0
2025-01-02 09:00:00,251.36,251.3,35494.0
2025-01-02 10:00:00,251.26,250.55,50220.0
2025-01-02 11:00:00,250.6,250.345,46108.0
2025-01-02 12:00:00,250.35,250.5,100144.0
2025-01-02 13:00:00,250.345,249.1,456760.0
2025-01-02 14:00:00,249.1,246.8526,9027309.0
2025-01-02 15:00:00,246.885,245.415,7567405.0
2025-01-02 16:00:00,245.4175,244.64,4879934.0
2025-01-02 17:00:00,244.68,242.985,5730354.0
2025-01-02 18:00:00,242.98,242.23,5797575.0
2025-01-02 19:00:00,242.24,241.96,4782451.0
2025-01-02 20:00:00,241.97,243.82,7695469.0
2025-01-02 21:00:00,243.85,243.64,1728109.0
2025-01-02 22:00:00,243.6,243.5504,19490.0
2025-01-02 23:00:00,243.55,243.24,40849.0
2025-01-03 00:00:00,243.24,243.99,135465.0
2025-01-03 09:00:00,243.8,243.65,25095.0
2025-01-03 10:00:00,243.4,243.51,14445.0
2025-01-03 11:00:00,243.5,244.35,15458.0
2025-01-03 12:00:00,244.26,242.46,132622.0
2025-01-03 13:00:00,243.005,242.57,332248.0
2025-01-03 14:00:00,242.59,243.095,5945042.0
2025-01-03 15:00:00,243.11,243.0075,5684369.0
2025-01-03 16:00:00,243.03,243.3201,3699184.0
2025-01-03 17:00:00,243.34,242.528,3467092.0
2025-01-03 18:00:00,242.515,242.72,3510446.0
2025-01-03 19:00:00,242.71,243.26,3160809.0
2025-01-03 20:00:00,243.25,243.3,5602891.0
2025-01-03 21:00:00,243.36,243.1,2109423.0
2025-01-03 22:00:00,243.15,243.16,18775.0
2025-01-03 23:00:00,243.18,243.22,13517.0
2025-01-04 00:00:00,243.21,243.3908,23210.0
2025-01-06 09:00:00,243.89,245.0,86392.0
2025-01-06 10:00:00,245.0,245.01,15117.0
2025-01-06 11:00:00,245.0,245.06,47093.0
2025-01-06 12:00:00,245.05,244.11,121977.0
2025-01-06 13:00:00,244.965,245.05,1411475.0
2025-01-06 14:00:00,245.03,244.4256,5956743.0
2025-01-06 15:00:00,244.45,246.34,5172651.0
2025-01-06 16:00:00,246.35,246.25,4996159.0
2025-01-06 17:00:00,246.25,244.95,2854228.0
2025-01-06 18:00:00,244.98,244.87,2409045.0
2025-01-06 19:00:00,244.87,244.59,2091379.0
2025-01-06 20:00:00,244.585,245.0,4971043.0
2025-01-06 21:00:00,245.0,244.69,3180511.0
2025-01-06 22:00:00,244.67,244.554,18904.0
2025-01-06 23:00:00,244.6,244.7006,12695.0
2025-01-07 00:00:00,244.72,244.99,24375.0
2025-01-07 09:00:00,244.58,244.18,28352.0
2025-01-07 10:00:00,244.31,244.59,9096.0
2025-01-07 11:00:00,244.57,242.53,163450.0
2025-01-07 12:00:00,242.7,242.31,150741.0
2025-01-07 13:00:00,242.43,243.48,324251.0
2025-01-07 14:00:00,243.48,244.92,4672667.0
2025-01-07 15:00:00,244.85,244.67,5333999.0
2025-01-07 16:00:00,244.67,243.08,4448341.0
2025-01-07 17:00:00,243.06,242.26,3488343.0
2025-01-07 18:00:00,242.27,242.33,3077575.0
2025-01-07 19:00:00,242.3101,242.2102,2154906.0
2025-01-07 20:00:00,242.23,242.19,6381092.0
2025-01-07 21:00:00,242.25,242.2499,1670955.0
2025-01-07 22:00:00,242.09,242.1,28391.0
2025-01-07 23:00:00,242.07,242.15,12791.0
2025-01-08 00:00:00,242.19,242.84,39148.0
2025-01-08 09:00:00,242.0,242.69,12828.0
2025-01-08 10:00:00,242.82,242.89,4344.0
2025-01-08 11:00:00,242.91,241.88,32090.0
2025-01-08 12:00:00,241.68,240.79,90701.0
2025-01-08 13:00:00,241.56,242.0,171155.0
2025-01-08 14:00:00,242.1,240.9286,4183885.0
2025-01-08 15:00:00,240.945,243.47,5148291.0
2025-01-08 16:00:00,243.48,243.275,2916335.0
2025-01-08 17:00:00,243.28,241.4,3175083.0
2025-01-08 18:00:00,241.39,241.422,2417470.0
2025-01-08 19:00:00,241.425,241.87,2572572.0
2025-01-08 20:00:00,241.89,242.72,4977452.0
2025-01-08 21:00:00,242.7,242.48,826094.0
2025-01-08 22:00:00,242.43,242.4,9063.0
2025-01-08 23:00:00,242.43,242.16,11763.0
2025-01-09 00:00:00,242.31,242.4,36991.0
2025-01-10 09:00:00,243.44,242.53,18704.0
2025-01-10 10:00:00,242.55,242.44,7888.0
2025-01-10 11:00:00,242.42,242.47,14649.0
2025-01-10 12:00:00,242.44,242.2,34338.0
2025-01-10 13:00:00,242.41,241.05,214917.0
2025-01-10 14:00:00,240.85,237.95,8014151.0
2025-01-10 15:00:00,237.88,235.91,8226935.0
2025-01-10 16:00:00,235.92,234.89,9637807.0
2025-01-10 17:00:00,234.9,235.715,4321084.0
2025-01-10 18:00:00,235.715,237.44,3897855.0
2025-01-10 19:00:00,237.43,236.3599,2930714.0
2025-01-10 20:00:00,236.35,236.93,7188474.0
2025-01-10 21:00:00,236.85,237.2,933969.0
2025-01-10 22:00:00,237.2,237.05,18785.0
2025-01-10 23:00:00,237.05,237.01,8700.0
2025-01-11 00:00:00,236.96,237.02,18283.0
2025-01-13 09:00:00,235.0,234.2,82090.0
2025-01-13 10:00:00,234.23,234.1,63674.0
2025-01-13 11:00:00,234.21,234.35,27553.0
2025-01-13 12:00:00,234.25,234.55,133758.0
2025-01-13 13:00:00,234.22,234.19,193323.0
2025-01-13 14:00:00,234.33,230.32,8823936.0
2025-01-13 15:00:00,230.325,231.115,7284049.0
2025-01-13 16:00:00,231.14,230.6495,4097606.0
2025-01-13 17:00:00,230.67,233.1501,3694384.0
2025-01-13 18:00:00,233.15,233.88,2801759.0
2025-01-13 19:00:00,233.86,233.93,2592863.0
2025-01-13 20:00:00,233.93,234.4,6483523.0
2025-01-13 21:00:00,234.4,234.56,1620994.0
2025-01-13 22:00:00,234.56,234.8583,24997.0
2025-01-13 23:00:00,234.86,235.43,40242.0
2025-01-14 00:00:00,235.33,235.45,22889.0
2025-01-14 09:00:00,235.69,235.6,30208.0
2025-01-14 10:00:00,235.58,235.64,17119.0
2025-01-14 11:00:00,235.59,234.98,22111.0
2025-01-14 12:00:00,235.07,234.76,51092.0
2025-01-14 13:00:00,234.71,234.81,257917.0
2025-01-14 14:00:00,234.94,234.925,4254195.0
2025-01-14 15:00:00,234.937,234.77,4303693.0
2025-01-14 16:00:00,234.78,233.1742,3398271.0
2025-01-14 17:00:00,233.165,233.03,2477005.0
2025-01-14 18:00:00,233.02,234.695,2329479.0
2025-01-14 19:00:00,234.71,233.15,3109715.0
2025-01-14 20:00:00,233.135,233.28,6611120.0
2025-01-14 21:00:00,233.28,233.85,713451.0
2025-01-14 22:00:00,233.98,233.4368,38663.0
2025-01-14 23:00:00,233.7,233.35,19678.0
2025-01-15 00:00:00,233.4,233.78,29864.0
2025-01-15 09:00:00,233.79,233.78,3299.0
2025-01-15 10:00:00,233.67,233.91,6183.0
2025-01-15 11:00:00,233.94,234.51,10411.0
2025-01-15 12:00:00,234.42,233.75,26572.0
2025-01-15 13:00:00,234.3172,235.2,310808.0
2025-01-15 14:00:00,235.2499,237.35,5235962.0
2025-01-15 15:00:00,237.37,237.975,4834821.0
2025-01-15 16:00:00,237.965,236.775,3549854.0
2025-01-15 17:00:00,236.78,237.19,2505596.0
2025-01-15 18:00:00,237.2,237.58,1984062.0
2025-01-15 19:00:00,237.58,237.81,2061611.0
2025-01-15 20:00:00,237.83,237.88,6282038.0
2025-01-15 21:00:00,237.87,237.95,622235.0
2025-01-15 22:00:00,238.0,238.2548,18398.0
2025-01-15 23:00:00,238.06,238.2735,16877.0
2025-01-16 00:00:00,238.41,238.5993,29796.0
2025-01-16 09:00:00,240.4,239.5,59182.0
2025-01-16 10:00:00,239.28,239.55,11503.0
2025-01-16 11:00:00,239.55,239.6,9221.0
2025-01-16 12:00:00,239.58,238.7,33401.0
2025-01-16 13:00:00,239.16,238.7,149205.0
2025-01-16 14:00:00,238.77,234.845,5740070.0
2025-01-16 15:00:00,234.845,231.9601,10631406.0
2025-01-16 16:00:00,231.965,230.6854,9552234.0
2025-01-16 17:00:00,230.68,230.46,6145792.0
2025-01-16 18:00:00,230.48,229.0,7065608.0
2025-01-16 19:00:00,228.98,229.86,5301225.0
2025-01-16 20:00:00,229.855,228.24,13160039.0
2025-01-16 21:00:00,228.26,228.3,1657298.0
2025-01-16 22:00:00,228.33,228.24,95330.0
2025-01-16 23:00:00,228.2091,228.47,71201.0
2025-01-17 00:00:00,228.45,228.4,71637.0
2025-01-17 09:00:00,229.02,229.75,67028.0
2025-01-17 10:00:00,229.81,229.36,46287.0
2025-01-17 11:00:00,229.36,229.87,145720.0
2025-01-17 12:00:00,229.87,230.06,141711.0
2025-01-17 13:00:00,230.0,231.1707,917024.0
2025-01-17 14:00:00,231.21,230.79,20093354.0
2025-01-17 15:00:00,230.77,231.33,7545052.0
2025-01-17 16:00:00,231.3376,229.6611,6089891.0
2025-01-17 17:00:00,229.66,230.16,4920397.0
2025-01-17 18:00:00,230.15,229.28,3700481.0
2025-01-17 19:00:00,229.285,229.2057,4234590.0
2025-01-17 20:00:00,229.2,229.96,7962868.0
2025-01-17 21:00:00,229.98,229.9235,1959516.0
2025-01-17 22:00:00,229.93,229.96,40405.0
2025-01-17 23:00:00,229.9012,229.8226,20879.0
2025-01-18 00:00:00,229.8,229.499,219275.0
2025-01-21 09:00:00,227.33,227.03,156615.0
2025-01-21 10:00:00,227.14,226.8,57588.0
2025-01-21 11:00:00,226.96,225.45,193506.0
2025-01-21 12:00:00,225.49,225.87,402989.0
2025-01-21 13:00:00,225.25,226.0517,840963.0
2025-01-21 14:00:00,226.06,221.86,17616525.0
2025-01-21 15:00:00,221.867,221.31,12202849.0
2025-01-21 16:00:00,221.3,220.17,12523569.0
2025-01-21 17:00:00,220.1757,220.235,7613825.0
2025-01-21 18:00:00,220.23,221.21,6170132.0
2025-01-21 19:00:00,221.21,221.1203,6815931.0
2025-01-21 20:00:00,221.125,222.66,11108249.0
2025-01-21 21:00:00,222.64,221.8988,1110668.0
2025-01-21 22:00:00,221.8995,222.64,184781.0
2025-01-21 23:00:00,221.89,221.921,185523.0
2025-01-22 00:00:00,221.92,222.0501,103483.0
2025-01-22 09:00:00,222.7,222.2,125264.0
2025-01-22 10:00:00,222.09,222.78,43860.0
2025-01-22 11:00:00,222.66,222.46,76935.0
2025-01-22 12:00:00,222.47,222.0,113966.0
2025-01-22 13:00:00,222.43,221.15,465365.0
2025-01-22 14:00:00,221.21,222.95,11177900.0
2025-01-22 15:00:00,222.96,222.935,8006779.0
2025-01-22 16:00:00,222.94,221.935,5673272.0
2025-01-22 17:00:00,221.945,222.7299,4295156.0
2025-01-22 18:00:00,222.73,222.43,3862945.0
2025-01-22 19:00:00,222.4299,223.3889,4331929.0
2025-01-22 20:00:00,223.38,223.77,7903513.0
2025-01-22 21:00:00,223.83,223.5002,2505117.0
2025-01-22 22:00:00,223.51,223.35,78540.0
2025-01-22 23:00:00,223.3999,223.3607,57424.0
2025-01-23 00:00:00,223.4,223.18,51214.0
2025-01-23 09:00:00,223.52,222.82,42395.0
2025-01-23 10:00:00,222.83,222.62,22527.0
2025-01-23 11:00:00,222.68,223.2,63693.0
2025-01-23 12:00:00,223.23,224.14,112785.0
2025-01-23 13:00:00,223.04,224.7495,441592.0
2025-01-23 14:00:00,224.75,225.18,7899589.0
2025-01-23 15:00:00,225.19,225.3242,9193087.0
2025-01-23 16:00:00,225.3337,224.04,5977487.0
2025-01-23 17:00:00,224.06,223.695,5584684.0
2025-01-23 18:00:00,223.69,223.0743,3532803.0
2025-01-23 19:00:00,223.075,222.75,4524096.0
2025-01-23 20:00:00,222.74,223.65,9035364.0
2025-01-23 21:00:00,223.66,223.3584,3753300.0
2025-01-23 22:00:00,223.32,223.45,33051.0
2025-01-23 23:00:00,223.49,223.255,27549.0
2025-01-24 00:00:00,223.2601,223.24,29574.0
2025-01-24 09:00:00,223.2,223.72,68152.0
2025-01-24 10:00:00,223.65,224.06,28298.0
2025-01-24 11:00:00,224.18,225.25,134257.0
2025-01-24 12:00:00,225.15,225.09,192588.0
2025-01-24 13:00:00,225.125,225.76,463602.0
2025-01-24 14:00:00,225.76,224.51,9108358.0
2025-01-24 15:00:00,224.525,223.065,8271889.0
2025-01-24 16:00:00,223.065,222.73,6006514.0
2025-01-24 17:00:00,222.7399,222.4,4258137.0
2025-01-24 18:00:00,222.4099,222.05,2944983.0
2025-01-24 19:00:00,222.06,222.56,3238204.0
2025-01-24 20:00:00,222.5517,222.79,8087463.0
2025-01-24 21:00:00,222.78,222.56,1577369.0
2025-01-24 22:00:00,222.56,222.47,46687.0
2025-01-24 23:00:00,222.35,222.15,38784.0
2025-01-25 00:00:00,222.2,222.17,38030.0
2025-01-27 09:00:00,219.9,220.89,241476.0
2025-01-27 10:00:00,220.88,221.51,282650.0
2025-01-27 11:00:00,221.51,221.8,366717.0
2025-01-27 12:00:00,221.81,222.04,460118.0
2025-01-27 13:00:00,221.26,223.26,1941180.0
2025-01-27 14:00:00,223.21,225.66,14715370.0
2025-01-27 15:00:00,225.65,227.79,10199956.0
2025-01-27 16:00:00,227.76,228.445,9465858.0
2025-01-27 17:00:00,228.4661,230.15,6673188.0
2025-01-27 18:00:00,230.18,231.435,7274989.0
2025-01-27 19:00:00,231.431,231.58,6660087.0
2025-01-27 20:00:00,231.57,229.94,16755944.0
2025-01-27 21:00:00,229.86,230.04,785198.0
2025-01-27 22:00:00,230.08,229.8,332825.0
2025-01-27 23:00:00,229.8,229.7745,85156.0
2025-01-28 00:00:00,229.77,229.79,28636.0
2025-01-28 09:00:00,230.23,229.27,83858.0
2025-01-28 10:00:00,229.31,231.67,193068.0
2025-01-28 11:00:00,231.69,230.93,78620.0
2025-01-28 12:00:00,231.05,230.66,171093.0
2025-01-28 13:00:00,230.25,230.3,319168.0
2025-01-28 14:00:00,230.32,234.69,13165651.0
2025-01-28 15:00:00,234.67,238.84,14404293.0
2025-01-28 16:00:00,238.84,239.72,9858800.0
2025-01-28 17:00:00,239.705,238.73,5495012.0
2025-01-28 18:00:00,238.71,238.81,3345340.0
2025-01-28 19:00:00,238.81,239.165,3798989.0
2025-01-28 20:00:00,239.155,238.24,7981635.0
2025-01-28 21:00:00,238.26,238.15,2897864.0
2025-01-28 22:00:00,238.16,237.5,146705.0
2025-01-28 23:00:00,237.41,237.6,20200.0
2025-01-29 00:00:00,237.69,238.35,54060.0
2025-01-29 09:00:00,238.56,237.2,75864.0
2025-01-29 10:00:00,237.21,237.15,32566.0
2025-01-29 11:00:00,237.12,237.47,33159.0
2025-01-29 12:00:00,237.43,235.65,384179.0
2025-01-29 13:00:00,237.58,234.58,1675578.0
2025-01-29 14:00:00,234.57,235.79,6259434.0
2025-01-29 15:00:00,235.805,237.7894,5912303.0
2025-01-29 16:00:00,237.78,236.54,3843754.0
2025-01-29 17:00:00,236.54,236.03,3049911.0
2025-01-29 18:00:00,236.04,237.0,3923228.0
2025-01-29 19:00:00,236.97,238.08,3719885.0
2025-01-29 20:00:00,238.07,239.35,7542628.0
2025-01-29 21:00:00,239.36,239.25,747794.0
2025-01-29 22:00:00,239.22,238.6209,73497.0
2025-01-29 23:00:00,238.8,238.8001,89872.0
2025-01-30 00:00:00,238.85,239.2015,45403.0
2025-01-30 09:00:00,239.63,238.97,24928.0
2025-01-30 10:00:00,238.94,238.88,23581.0
2025-01-30 11:00:00,238.97,239.35,25796.0
2025-01-30 12:00:00,239.15,238.7,47231.0
2025-01-30 13:00:00,238.45,238.95,358925.0
2025-01-30 14:00:00,239.0,239.46,5590010.0
2025-01-30 15:00:00,239.46,238.06,4556756.0
2025-01-30 16:00:00,238.09,238.78,5922903.0
2025-01-30 17:00:00,238.8,238.395,3022344.0
2025-01-30 18:00:00,238.39,239.645,2949176.0
2025-01-30 19:00:00,239.649,239.861,3698712.0
2025-01-30 20:00:00,239.865,237.56,9673229.0
2025-01-30 21:00:00,237.59,233.99,6693909.0
2025-01-30 22:00:00,234.0,245.03,5406790.0
2025-01-30 23:00:00,245.0146,245.0,854248.0
2025-01-31 00:00:00,244.95,244.75,282636.0
2025-01-31 09:00:00,244.75,245.61,160935.0
2025-01-31 10:00:00,245.59,245.31,59879.0
2025-01-31 11:00:00,245.17,245.91,143751.0
2025-01-31 12:00:00,245.92,247.16,452105.0
2025-01-31 13:00:00,246.28,246.79,3190866.0
2025-01-31 14:00:00,246.79,241.605,15917039.0
2025-01-31 15:00:00,241.58,240.925,12624289.0
2025-01-31 16:00:00,240.93,238.93,8264096.0
2025-01-31 17:00:00,238.945,238.31,6003359.0
2025-01-31 18:00:00,238.32,235.26,8357308.0
2025-01-31 19:00:00,235.28,234.11,7812160.0
2025-01-31 20:00:00,234.115,235.84,12241306.0
2025-01-31 21:00:00,236.0,235.25,3078351.0
2025-01-31 22:00:00,235.27,235.2,359869.0
2025-01-31 23:00:00,235.2015,234.9202,58483.0
2025-02-01 00:00:00,234.92,233.92,73244.0
2025-02-03 09:00:00,232.79,231.01,120639.0
2025-02-03 10:00:00,231.03,231.73,93356.0
2025-02-03 11:00:00,231.79,231.51,73548.0
2025-02-03 12:00:00,231.66,230.82,223666.0
2025-02-03 13:00:00,231.4,230.01,1679350.0
2025-02-03 14:00:00,230.0,228.84,11125407.0
2025-02-03 15:00:00,228.81,227.89,12636278.0
2025-02-03 16:00:00,227.9232,226.38,9649465.0
2025-02-03 17:00:00,226.37,226.81,5753868.0
2025-02-03 18:00:00,226.81,228.25,4816608.0
2025-02-03 19:00:00,228.24,228.84,4573597.0
2025-02-03 20:00:00,228.86,227.98,8041254.0
2025-02-03 21:00:00,228.01,228.8,3997669.0
2025-02-03 22:00:00,228.8,229.2,94543.0
2025-02-03 23:00:00,229.15,229.1,82946.0
2025-02-04 00:00:00,229.0792,228.8025,96943.0
2025-02-04 09:00:00,226.65,226.71,41352.0
2025-02-04 10:00:00,226.57,227.17,13306.0
2025-02-04 11:00:00,227.29,226.98,51025.0
2025-02-04 12:00:00,226.94,227.07,63140.0
2025-02-04 13:00:00,226.85,227.39,2073255.0
2025-02-04 14:00:00,227.3,228.922,5737218.0
2025-02-04 15:00:00,228.94,230.52,6750121.0
2025-02-04 16:00:00,230.52,232.19,4771107.0
2025-02-04 17:00:00,232.19,232.245,4363114.0
2025-02-04 18:00:00,232.24,231.49,2393153.0
2025-02-04 19:00:00,231.49,232.547,2787154.0
2025-02-04 20:00:00,232.5564,232.79,5303098.0
2025-02-04 21:00:00,232.8,232.34,1995606.0
2025-02-04 22:00:00,232.39,231.79,54429.0
2025-02-04 23:00:00,231.88,232.25,53341.0
2025-02-05 00:00:00,232.13,232.75,52204.0
2025-02-05 09:00:00,228.95,227.59,245087.0
2025-02-05 10:00:00,227.64,226.63,104897.0
2025-02-05 11:00:00,226.77,226.48,178747.0
2025-02-05 12:00:00,226.5,228.3,268427.0
2025-02-05 13:00:00,226.66,227.9,457994.0
2025-02-05 14:00:00,227.96,230.165,5667216.0
2025-02-05 15:00:00,230.19,229.53,4884036.0
2025-02-05 16:00:00,229.52,230.7,3243978.0
2025-02-05 17:00:00,230.7299,230.05,2406017.0
2025-02-05 18:00:00,230.055,230.54,2561588.0
2025-02-05 19:00:00,230.54,231.29,2975051.0
2025-02-05 20:00:00,231.3,232.45,5047590.0
2025-02-05 21:00:00,232.455,232.17,547342.0
2025-02-05 22:00:00,232.02,231.89,32930.0
2025-02-05 23:00:00,231.8208,232.1718,9112.0
2025-02-06 00:00:00,232.0317,232.2,31392.0
2025-02-06 09:00:00,232.0,231.55,24243.0
2025-02-06 10:00:00,231.53,231.59,21612.0
2025-02-06 11:00:00,231.55,230.85,26848.0
2025-02-06 12:00:00,231.01,231.5,22856.0
2025-02-06 13:00:00,230.87,231.31,89352.0
2025-02-06 14:00:00,231.34,233.52,4502977.0
2025-02-06 15:00:00,233.48,230.9499,4461951.0
2025-02-06 16:00:00,230.94,231.06,2662928.0
2025-02-06 17:00:00,231.065,231.77,2276263.0
2025-02-06 18:00:00,231.785,232.41,1798634.0
2025-02-06 19:00:00,232.41,232.17,2177921.0
2025-02-06 20:00:00,232.16,233.22,4124681.0
2025-02-06 21:00:00,233.22,232.79,1502954.0
2025-02-06 22:00:00,232.75,232.188,62007.0
2025-02-06 23:00:00,232.4,232.7785,51384.0
2025-02-07 00:00:00,233.1,233.1,22087.0
2025-02-07 09:00:00,232.92,232.87,22610.0
2025-02-07 10:00:00,232.8,232.76,13075.0
2025-02-07 11:00:00,232.79,232.97,5385.0
2025-02-07 12:00:00,232.85,232.82,20741.0
2025-02-07 13:00:00,232.84,232.5,128365.0
2025-02-07 14:00:00,232.51,232.69,3645477.0
2025-02-07 15:00:00,232.675,230.53,6330849.0
2025-02-07 16:00:00,230.57,229.03,5070223.0
2025-02-07 17:00:00,229.03,228.73,4398484.0
2025-02-07 18:00:00,228.72,228.1099,2559289.0
2025-02-07 19:00:00,228.11,228.295,2713573.0
2025-02-07 20:00:00,228.28,227.71,6637799.0
2025-02-07 21:00:00,227.63,227.5,927046.0
2025-02-07 22:00:00,227.54,227.5,25412.0
2025-02-07 23:00:00,227.53,227.27,27016.0
2025-02-08 00:00:00,227.27,227.25,16372.0
2025-02-10 09:00:00,228.5,228.4,27366.0
2025-02-10 10:00:00,228.4,228.61,8524.0
2025-02-10 11:00:00,228.65,228.98,16232.0
2025-02-10 12:00:00,229.0,228.97,34648.0
2025-02-10 13:00:00,228.97,229.21,142188.0
2025-02-10 14:00:00,229.22,229.16,3783210.0
2025-02-10 15:00:00,229.16,229.04,4326063.0
2025-02-10 16:00:00,229.03,229.22,2843665.0
2025-02-10 17:00:00,229.21,228.67,2389515.0
2025-02-10 18:00:00,228.66,228.5593,2198258.0
2025-02-10 19:00:00,228.56,228.04,2319972.0
2025-02-10 20:00:00,228.035,227.64,5049448.0
2025-02-10 21:00:00,227.65,227.45,1817304.0
2025-02-10 22:00:00,227.38,227.3,16429.0
2025-02-10 23:00:00,227.35,226.9,54358.0
2025-02-11 00:00:00,226.8996,226.9999,31162.0
2025-02-11 09:00:00,227.14,226.73,16747.0
2025-02-11 10:00:00,226.73,226.75,6294.0
2025-02-11 11:00:00,226.7,227.0,7113.0
2025-02-11 12:00:00,227.03,226.73,25974.0
2025-02-11 13:00:00,226.8,226.1,2699111.0
2025-02-11 14:00:00,226.03,230.32,8722706.0
2025-02-11 15:00:00,230.33,234.29,9254112.0
2025-02-11 16:00:00,234.3,234.72,6171333.0
2025-02-11 17:00:00,234.71,234.22,3932751.0
2025-02-11 18:00:00,234.23,233.8497,2521606.0
2025-02-11 19:00:00,233.835,233.3685,3442615.0
2025-02-11 20:00:00,233.37,232.77,6593582.0
2025-02-11 21:00:00,232.62,232.81,1153747.0
2025-02-11 22:00:00,232.79,232.62,20467.0
2025-02-11 23:00:00,232.66,232.9133,17225.0
2025-02-12 00:00:00,232.8,232.84,22986.0
2025-02-12 09:00:00,232.89,232.39,26309.0
2025-02-12 10:00:00,232.43,232.56,6971.0
2025-02-12 11:00:00,232.59,232.75,10461.0
2025-02-12 12:00:00,232.83,232.94,18306.0
2025-02-12 13:00:00,232.8,231.0,2514242.0
2025-02-12 14:00:00,231.05,232.56,4890814.0
2025-02-12 15:00:00,232.56,234.6347,7065032.0
2025-02-12 16:00:00,234.65,235.4024,4017297.0
2025-02-12 17:00:00,235.385,235.66,3051504.0
2025-02-12 18:00:00,235.67,235.61,2715966.0
2025-02-12 19:00:00,235.6024,236.47,3484006.0
2025-02-12 20:00:00,236.48,236.89,6080852.0
2025-02-12 21:00:00,236.87,236.91,1380026.0
2025-02-12 22:00:00,236.9321,236.79,18033.0
2025-02-12 23:00:00,236.86,236.97,17323.0
2025-02-13 00:00:00,236.95,237.0878,22382.0
2025-02-13 09:00:00,236.61,235.87,41573.0
2025-02-13 10:00:00,235.72,236.26,12557.0
2025-02-13 11:00:00,236.33,235.77,21485.0
2025-02-13 12:00:00,235.92,236.07,35320.0
2025-02-13 13:00:00,235.99,237.11,1235122.0
2025-02-13 14:00:00,237.11,236.31,5437801.0
2025-02-13 15:00:00,236.29,239.2801,6150612.0
2025-02-13 16:00:00,239.28,240.39,8107860.0
2025-02-13 17:00:00,240.42,240.6891,3103485.0
2025-02-13 18:00:00,240.68,241.59,3463904.0
2025-02-13 19:00:00,241.585,242.23,3545107.0
2025-02-13 20:00:00,242.22,241.52,6316575.0
2025-02-13 21:00:00,241.48,241.3199,1055193.0
2025-02-13 22:00:00,241.3111,241.23,28919.0
2025-02-13 23:00:00,241.3,241.4,14774.0
2025-02-14 00:00:00,241.35,241.4782,20411.0
2025-02-14 09:00:00,241.98,241.06,46773.0
2025-02-14 10:00:00,241.11,241.52,38901.0
2025-02-14 11:00:00,241.5,240.68,61915.0
2025-02-14 12:00:00,240.75,240.96,34906.0
2025-02-14 13:00:00,240.72,240.79,255838.0
2025-02-14 14:00:00,240.88,244.32,6406762.0
2025-02-14 15:00:00,244.31,244.28,7464197.0
2025-02-14 16:00:00,244.28,244.38,3739684.0
2025-02-14 17:00:00,244.37,243.91,3272802.0
2025-02-14 18:00:00,243.915,244.16,1927290.0
2025-02-14 19:00:00,244.1602,244.2683,1987317.0
2025-02-14 20:00:00,244.265,244.57,6329664.0
2025-02-14 21:00:00,244.6,244.67,2536640.0
2025-02-14 22:00:00,244.6637,244.48,76592.0
2025-02-14 23:00:00,244.4703,244.7925,11385.0
2025-02-15 00:00:00,244.75,244.65,6682.0
2025-02-18 09:00:00,245.05,244.96,34008.0
2025-02-18 10:00:00,244.94,244.9,10948.0
2025-02-18 11:00:00,244.96,244.68,21769.0
2025-02-18 12:00:00,244.66,244.98,53581.0
2025-02-18 13:00:00,244.8,244.7,1227092.0
2025-02-18 14:00:00,244.7,244.93,6896986.0
2025-02-18 15:00:00,244.984,244.33,4302409.0
2025-02-18 16:00:00,244.33,244.89,3422221.0
2025-02-18 17:00:00,244.895,243.975,2218460.0
2025-02-18 18:00:00,243.97,242.62,3184600.0
2025-02-18 19:00:00,242.61,243.695,3285269.0
2025-02-18 20:00:00,243.6989,244.46,6140868.0
2025-02-18 21:00:00,244.37,244.53,3194707.0
2025-02-18 22:00:00,244.56,244.58,14794.0
2025-02-18 23:00:00,244.65,244.9486,23884.0
2025-02-19 00:00:00,244.9,245.37,37678.0
2025-02-19 09:00:00,245.0,244.56,19547.0
2025-02-19 10:00:00,244.55,244.0,13644.0
2025-02-19 11:00:00,244.01,243.88,14394.0
2025-02-19 12:00:00,243.88,244.29,17411.0
2025-02-19 13:00:00,244.2,244.11,775151.0
2025-02-19 14:00:00,244.12,245.07,3961723.0
2025-02-19 15:00:00,245.07,243.42,4171289.0
2025-02-19 16:00:00,243.41,244.78,3620150.0
2025-02-19 17:00:00,244.79,244.72,2598159.0
2025-02-19 18:00:00,244.73,244.73,1825641.0
2025-02-19 19:00:00,244.74,244.835,2254718.0
2025-02-19 20:00:00,244.84,244.89,4551739.0
2025-02-19 21:00:00,244.87,244.51,631456.0
2025-02-19 22:00:00,244.5025,244.34,16605.0
2025-02-19 23:00:00,244.38,244.58,16456.0
2025-02-20 00:00:00,244.65,244.8,8779.0
2025-02-20 09:00:00,243.98,244.09,27519.0
2025-02-20 10:00:00,244.11,244.1,9415.0
2025-02-20 11:00:00,244.1,243.91,8488.0
2025-02-20 12:00:00,243.87,244.5,14898.0
2025-02-20 13:00:00,244.17,243.78,144524.0
2025-02-20 14:00:00,243.7967,244.9,4539424.0
2025-02-20 15:00:00,244.9,245.07,3902273.0
2025-02-20 16:00:00,245.11,245.275,5034401.0
2025-02-20 17:00:00,245.265,245.36,2819029.0
2025-02-20 18:00:00,245.369,245.3506,2066070.0
2025-02-20 19:00:00,245.33,245.335,2008507.0
2025-02-20 20:00:00,245.33,245.86,4357865.0
2025-02-20 21:00:00,245.83,245.67,480630.0
2025-02-20 22:00:00,245.6703,245.6025,10302.0
2025-02-20 23:00:00,245.65,245.69,10721.0
2025-02-21 00:00:00,245.69,245.6,5604.0
2025-02-21 09:00:00,245.55,245.36,9709.0
2025-02-21 10:00:00,245.36,245.3,8167.0
2025-02-21 11:00:00,245.36,245.38,2592.0
2025-02-21 12:00:00,245.42,245.75,14351.0
2025-02-21 13:00:00,245.55,245.89,86775.0
2025-02-21 14:00:00,245.94,245.69,6211084.0
2025-02-21 15:00:00,245.64,245.83,3766548.0
2025-02-21 16:00:00,245.815,247.015,6574468.0
2025-02-21 17:00:00,247.02,248.43,5251304.0
2025-02-21 18:00:00,248.45,247.74,6251065.0
2025-02-21 19:00:00,247.75,245.92,5756020.0
2025-02-21 20:00:00,245.91,245.59,9671954.0
2025-02-21 21:00:00,245.55,245.301,1504346.0
2025-02-21 22:00:00,245.3,245.3,51542.0
2025-02-21 23:00:00,245.3,245.21,13284.0
2025-02-22 00:00:00,245.18,245.0,22739.0
2025-02-24 09:00:00,245.39,245.21,28807.0
2025-02-24 10:00:00,245.2,245.21,13671.0
2025-02-24 11:00:00,245.22,243.8,339200.0
2025-02-24 12:00:00,243.86,243.85,169178.0
2025-02-24 13:00:00,243.6,244.37,290029.0
2025-02-24 14:00:00,244.33,248.065,7380239.0
2025-02-24 15:00:00,248.08,247.225,9076435.0
2025-02-24 16:00:00,247.22,248.0,4959229.0
2025-02-24 17:00:00,248.0,247.27,2581892.0
2025-02-24 18:00:00,247.27,247.98,3100007.0
2025-02-24 19:00:00,247.98,247.98,4424448.0
2025-02-24 20:00:00,247.965,247.23,6807237.0
2025-02-24 21:00:00,247.22,247.9,1949250.0
2025-02-24 22:00:00,247.93,247.78,61818.0
2025-02-24 23:00:00,247.77,247.55,70990.0
2025-02-25 00:00:00,247.6,248.09,42731.0
2025-02-25 09:00:00,247.76,246.55,39545.0
2025-02-25 10:00:00,246.54,246.38,26062.0
2025-02-25 11:00:00,246.4,247.09,32653.0
2025-02-25 12:00:00,247.0,247.65,38763.0
2025-02-25 13:00:00,247.11,247.2,2153840.0
2025-02-25 14:00:00,247.1415,247.825,5687760.0
2025-02-25 15:00:00,247.825,246.06,7408655.0
2025-02-25 16:00:00,246.09,249.542,6267082.0
2025-02-25 17:00:00,249.565,248.17,4384246.0
2025-02-25 18:00:00,248.18,248.14,2741214.0
2025-02-25 19:00:00,248.13,248.43,3490641.0
2025-02-25 20:00:00,248.42,247.05,5931490.0
2025-02-25 21:00:00,247.04,246.39,828929.0
2025-02-25 22:00:00,246.39,246.497,42386.0
2025-02-25 23:00:00,246.5,246.35,25908.0
2025-02-26 00:00:00,246.43,246.5,31020.0
2025-02-26 09:00:00,246.62,245.89,26306.0
2025-02-26 10:00:00,245.87,246.25,16811.0
2025-02-26 11:00:00,246.21,245.6,16651.0
2025-02-26 12:00:00,245.61,245.97,42526.0
2025-02-26 13:00:00,246.22,245.5,945385.0
2025-02-26 14:00:00,245.48,243.41,7942370.0
2025-02-26 15:00:00,243.42,242.19,5677647.0
2025-02-26 16:00:00,242.195,243.19,3984774.0
2025-02-26 17:00:00,243.23,241.55,3351309.0
2025-02-26 18:00:00,241.55,239.65,4545163.0
2025-02-26 19:00:00,239.64,239.72,3050499.0
2025-02-26 20:00:00,239.72,240.31,5727580.0
2025-02-26 21:00:00,240.36,239.9,995076.0
2025-02-26 22:00:00,239.82,240.12,147078.0
2025-02-26 23:00:00,240.11,239.78,71510.0
2025-02-27 00:00:00,239.79,239.6311,27806.0
2025-02-27 09:00:00,240.12,240.91,31931.0
2025-02-27 10:00:00,240.91,240.38,15154.0
2025-02-27 11:00:00,240.4,240.34,13369.0
2025-02-27 12:00:00,240.32,239.16,52875.0
2025-02-27 13:00:00,239.95,239.0,3998880.0
2025-02-27 14:00:00,238.95,240.58,4772733.0
2025-02-27 15:00:00,240.62,241.24,4514287.0
2025-02-27 16:00:00,241.23,240.435,3030790.0
2025-02-27 17:00:00,240.46,240.775,2174491.0
2025-02-27 18:00:00,240.82,241.61,2423350.0
2025-02-27 19:00:00,241.6001,239.71,3001472.0
2025-02-27 20:00:00,239.71,237.39,8508646.0
2025-02-27 21:00:00,237.3,237.312,769354.0
2025-02-27 22:00:00,237.36,236.8283,26945.0
2025-02-27 23:00:00,236.98,237.7,48878.0
2025-02-28 00:00:00,238.0,237.3,17159.0
2025-02-28 09:00:00,237.19,237.54,16483.0
2025-02-28 10:00:00,237.52,237.46,11572.0
2025-02-28 11:00:00,237.47,238.19,21856.0
2025-02-28 12:00:00,238.2,237.4,45218.0
2025-02-28 13:00:00,237.53,236.76,185868.0
2025-02-28 14:00:00,236.81,236.74,6420714.0
2025-02-28 15:00:00,236.745,237.47,4978942.0
2025-02-28 16:00:00,237.485,237.09,3253390.0
2025-02-28 17:00:00,237.09,237.37,2902152.0
2025-02-28 18:00:00,237.3896,237.04,3272471.0
2025-02-28 19:00:00,237.06,238.87,3458989.0
2025-02-28 20:00:00,238.85,241.84,10181879.0
2025-02-28 21:00:00,241.84,241.17,3925055.0
2025-02-28 22:00:00,241.17,242.09,245829.0
2025-02-28 23:00:00,242.03,242.0001,32823.0
2025-03-01 00:00:00,242.0,241.8981,21225.0
2025-03-03 09:00:00,241.62,241.5,46627.0
2025-03-03 10:00:00,241.52,241.49,21817.0
2025-03-03 11:00:00,241.5,241.5,25723.0
2025-03-03 12:00:00,241.46,241.51,92050.0
2025-03-03 13:00:00,241.61,241.4394,1534464.0
2025-03-03 14:00:00,241.49,240.82,5579899.0
2025-03-03 15:00:00,240.84,241.2,5078665.0
2025-03-03 16:00:00,241.23,241.815,3209644.0
2025-03-03 17:00:00,241.81,242.33,2510430.0
2025-03-03 18:00:00,242.31,241.32,3802571.0
2025-03-03 19:00:00,241.31,240.29,3501935.0
2025-03-03 20:00:00,240.295,238.14,9637063.0
2025-03-03 21:00:00,238.03,239.15,1397036.0
2025-03-03 22:00:00,239.22,238.58,109496.0
2025-03-03 23:00:00,238.69,238.14,54737.0
2025-03-04 00:00:00,238.23,240.33,51223.0
2025-03-04 09:00:00,238.85,238.45,40961.0
2025-03-04 10:00:00,238.15,238.33,28147.0
2025-03-04 11:00:00,238.39,238.55,18242.0
2025-03-04 12:00:00,238.39,237.36,115160.0
2025-03-04 13:00:00,238.28,237.66,387695.0
2025-03-04 14:00:00,237.69,236.63,7240893.0
2025-03-04 15:00:00,236.61,239.09,8061279.0
2025-03-04 16:00:00,239.09,239.08,5737797.0
2025-03-04 17:00:00,239.14,236.58,4246302.0
2025-03-04 18:00:00,236.605,237.89,3644126.0
2025-03-04 19:00:00,237.89,238.31,3484935.0
2025-03-04 20:00:00,238.31,236.07,8972955.0
2025-03-04 21:00:00,235.93,236.9,878167.0
2025-03-04 22:00:00,236.9999,237.4898,50059.0
2025-03-04 23:00:00,237.49,238.0,52070.0
2025-03-05 00:00:00,237.964,237.6301,33667.0
2025-03-05 09:00:00,237.76,237.55,26870.0
2025-03-05 10:00:00,237.58,236.97,18215.0
2025-03-05 11:00:00,236.96,236.62,19032.0
2025-03-05 12:00:00,236.72,236.45,17758.0
2025-03-05 13:00:00,236.75,236.2801,428040.0
2025-03-05 14:00:00,236.29,231.77,6391723.0
2025-03-05 15:00:00,231.83,232.57,6725522.0
2025-03-05 16:00:00,232.565,232.2,5932336.0
2025-03-05 17:00:00,232.2,234.945,4466469.0
2025-03-05 18:00:00,234.945,235.82,3206287.0
2025-03-05 19:00:00,235.835,235.49,2708369.0
2025-03-05 20:00:00,235.47,235.82,5726241.0
2025-03-05 21:00:00,235.74,236.03,2185213.0
2025-03-05 22:00:00,236.03,236.1,27844.0
2025-03-05 23:00:00,236.1,235.74,26763.0
2025-03-06 00:00:00,235.74,235.7823,9756.0
2025-03-06 09:00:00,234.88,234.51,24571.0
2025-03-06 10:00:00,234.44,234.25,16869.0
2025-03-06 11:00:00,234.24,234.37,22857.0
2025-03-06 12:00:00,234.34,234.23,30538.0
2025-03-06 13:00:00,234.46,233.99,182550.0
2025-03-06 14:00:00,233.7935,235.375,5678399.0
2025-03-06 15:00:00,235.31,236.95,5230152.0
2025-03-06 16:00:00,236.98,234.935,4000175.0
2025-03-06 17:00:00,234.95,235.04,4205043.0
2025-03-06 18:00:00,235.03,234.28,3812964.0
2025-03-06 19:00:00,234.29,234.41,5032170.0
2025-03-06 20:00:00,234.43,235.32,6662244.0
2025-03-06 21:00:00,235.33,235.333,1258125.0
2025-03-06 22:00:00,235.33,234.75,65441.0
2025-03-06 23:00:00,234.68,234.77,16173.0
2025-03-07 00:00:00,234.78,234.98,21963.0
2025-03-07 09:00:00,234.37,234.56,19745.0
2025-03-07 10:00:00,234.56,234.79,7521.0
2025-03-07 11:00:00,234.6,234.7,11739.0
2025-03-07 12:00:00,234.69,234.55,24460.0
2025-03-07 13:00:00,234.68,234.4,293498.0
2025-03-07 14:00:00,234.51,238.335,5367391.0
2025-03-07 15:00:00,238.34,238.915,6464578.0
2025-03-07 16:00:00,238.91,239.2106,6364706.0
2025-03-07 17:00:00,239.225,240.03,6127375.0
2025-03-07 18:00:00,240.05,239.43,4820722.0
2025-03-07 19:00:00,239.445,239.22,3630377.0
2025-03-07 20:00:00,239.21,239.03,6498571.0
2025-03-07 21:00:00,239.07,238.58,479115.0
2025-03-07 22:00:00,238.66,238.4347,30003.0
2025-03-07 23:00:00,238.5,238.53,20204.0
2025-03-08 00:00:00,238.56,238.65,5164.0
2025-03-10 08:00:00,237.49,236.0,61834.0
2025-03-10 09:00:00,236.01,236.15,61803.0
2025-03-10 10:00:00,236.19,235.8,36915.0
2025-03-10 11:00:00,235.97,235.42,50835.0
2025-03-10 12:00:00,236.0,236.42,363256.0
2025-03-10 13:00:00,236.5092,230.19,9868547.0
2025-03-10 14:00:00,230.18,226.19,11695171.0
2025-03-10 15:00:00,226.1759,226.59,8165490.0
2025-03-10 16:00:00,226.58,225.55,6160716.0
2025-03-10 17:00:00,225.52,225.86,5156820.0
2025-03-10 18:00:00,225.855,225.28,5574816.0
2025-03-10 19:00:00,225.29,227.541,12183803.0
2025-03-10 20:00:00,227.48,226.72,1121121.0
2025-03-10 21:00:00,226.78,225.86,83029.0
2025-03-10 22:00:00,225.98,226.0,111664.0
2025-03-10 23:00:00,226.0,225.26,121196.0
2025-03-11 08:00:00,225.84,227.3,86332.0
2025-03-11 09:00:00,227.27,227.16,52616.0
2025-03-11 10:00:00,227.16,226.67,40095.0
2025-03-11 11:00:00,226.65,226.63,37988.0
2025-03-11 12:00:00,226.33,225.49,898668.0
2025-03-11 13:00:00,227.48,222.0524,9567003.0
2025-03-11 14:00:00,222.02,221.055,11031167.0
2025-03-11 15:00:00,221.055,221.1398,6774992.0
2025-03-11 16:00:00,221.1,219.0,8722403.0
2025-03-11 17:00:00,218.97,218.29,7048291.0
2025-03-11 18:00:00,218.3,222.165,6759267.0
2025-03-11 19:00:00,222.18,220.73,10159918.0
2025-03-11 20:00:00,220.84,220.27,1852069.0
2025-03-11 21:00:00,220.39,220.3426,33818.0
2025-03-11 22:00:00,220.56,221.2,29915.0
2025-03-11 23:00:00,221.21,221.0623,28313.0
2025-03-12 08:00:00,219.8,220.59,38960.0
2025-03-12 09:00:00,220.66,220.3,26042.0
2025-03-12 10:00:00,220.16,220.18,42123.0
2025-03-12 11:00:00,220.27,220.45,48016.0
2025-03-12 12:00:00,220.24,221.75,471123.0
2025-03-12 13:00:00,221.76,221.41,8386663.0
2025-03-12 14:00:00,221.39,216.1,10122344.0
2025-03-12 15:00:00,216.125,217.78,8623560.0
2025-03-12 16:00:00,217.78,217.245,5228726.0
2025-03-12 17:00:00,217.27,216.11,4921223.0
2025-03-12 18:00:00,216.095,216.43,4600446.0
2025-03-12 19:00:00,216.42,216.94,10945342.0
2025-03-12 20:00:00,216.98,217.12,1607016.0
2025-03-12 21:00:00,217.01,217.15,93497.0
2025-03-12 22:00:00,217.12,217.0095,40989.0
2025-03-12 23:00:00,217.1993,217.41,44890.0
2025-03-13 08:00:00,216.0,215.93,43278.0
2025-03-13 09:00:00,215.93,216.98,37435.0
2025-03-13 10:00:00,216.94,216.3,25339.0
2025-03-13 11:00:00,216.39,216.07,71232.0
2025-03-13 12:00:00,215.84,216.0,200435.0
2025-03-13 13:00:00,215.98,215.265,6870423.0
2025-03-13 14:00:00,215.275,214.225,7734360.0
2025-03-13 15:00:00,214.24,212.0757,6510609.0
2025-03-13 16:00:00,212.08,211.49,7261938.0
2025-03-13 17:00:00,211.49,211.115,5154100.0
2025-03-13 18:00:00,211.1,211.92,5386919.0
2025-03-13 19:00:00,211.91,209.71,12634464.0
2025-03-13 20:00:00,209.7197,209.8491,1307598.0
2025-03-13 21:00:00,209.849,209.9,54567.0
2025-03-13 22:00:00,209.94,210.56,84646.0
2025-03-13 23:00:00,210.5,210.2,38706.0
2025-03-14 08:00:00,210.72,210.81,26360.0
2025-03-14 09:00:00,210.78,210.49,34791.0
2025-03-14 10:00:00,210.62,210.82,32834.0
2025-03-14 11:00:00,210.82,210.94,63075.0
2025-03-14 12:00:00,210.83,211.3025,783557.0
2025-03-14 13:00:00,211.3949,212.49,7566100.0
2025-03-14 14:00:00,212.44,211.74,10021078.0
2025-03-14 15:00:00,211.7625,213.28,6795240.0
2025-03-14 16:00:00,213.28,212.88,3819847.0
2025-03-14 17:00:00,212.87,212.4,3871945.0
2025-03-14 18:00:00,212.385,212.61,6236294.0
2025-03-14 19:00:00,212.61,213.38,8769291.0
2025-03-14 20:00:00,213.49,213.2699,1665528.0
2025-03-14 21:00:00,213.24,213.18,21937.0
2025-03-14 22:00:00,213.28,213.261,16910.0
2025-03-14 23:00:00,213.28,213.29,26971.0
2025-03-17 08:00:00,212.86,212.55,38032.0
2025-03-17 09:00:00,212.49,212.37,15907.0
2025-03-17 10:00:00,212.37,212.73,24989.0
2025-03-17 11:00:00,212.77,212.79,51915.0
2025-03-17 12:00:00,212.94,213.82,771695.0
2025-03-17 13:00:00,213.75,213.72,5721182.0
2025-03-17 14:00:00,213.73,211.39,5801771.0
2025-03-17 15:00:00,211.39,210.915,5402949.0
2025-03-17 16:00:00,210.9157,211.5662,3398437.0
2025-03-17 17:00:00,211.55,213.665,3756292.0
2025-03-17 18:00:00,213.66,214.55,3901968.0
2025-03-17 19:00:00,214.541,214.15,8763063.0
2025-03-17 20:00:00,214.0,213.99,692693.0
2025-03-17 21:00:00,213.95,213.78,26988.0
2025-03-17 22:00:00,213.8096,214.0,16320.0
2025-03-17 23:00:00,214.02,213.93,12531.0
2025-03-18 08:00:00,213.73,213.72,12799.0
2025-03-18 09:00:00,213.82,213.64,7123.0
2025-03-18 10:00:00,213.65,213.91,41135.0
2025-03-18 11:00:00,213.87,213.95,43307.0
2025-03-18 12:00:00,213.88,213.42,123465.0
2025-03-18 13:00:00,213.42,214.43,6068328.0
2025-03-18 14:00:00,214.42,213.715,6076794.0
2025-03-18 15:00:00,213.7047,213.345,3837306.0
2025-03-18 16:00:00,213.315,212.205,4167825.0
2025-03-18 17:00:00,212.195,211.86,3579248.0
2025-03-18 18:00:00,211.85,212.215,3049779.0
2025-03-18 19:00:00,212.215,212.79,5980029.0
2025-03-18 20:00:00,212.69,212.86,1924526.0
2025-03-18 21:00:00,212.92,212.7835,11744.0
2025-03-18 22:00:00,212.88,212.83,18145.0
2025-03-18 23:00:00,212.75,213.0,19806.0
2025-03-19 08:00:00,213.58,213.0,14596.0
2025-03-19 09:00:00,213.0,213.31,4189.0
2025-03-19 10:00:00,213.33,213.29,8646.0
2025-03-19 11:00:00,213.26,213.24,12881.0
2025-03-19 12:00:00,213.26,213.29,61854.0
2025-03-19 13:00:00,213.29,217.155,6547465.0
2025-03-19 14:00:00,217.18,215.55,7606277.0
2025-03-19 15:00:00,215.51,216.269,4137311.0
2025-03-19 16:00:00,216.24,214.9573,2956523.0
2025-03-19 17:00:00,214.97,214.07,2822037.0
2025-03-19 18:00:00,213.98,215.5888,5881931.0
2025-03-19 19:00:00,215.57,215.3,8234098.0
2025-03-19 20:00:00,215.24,215.3301,2189019.0
2025-03-19 21:00:00,215.33,215.5,18658.0
2025-03-19 22:00:00,215.47,215.8,21582.0
2025-03-19 23:00:00,215.837,216.15,27534.0
2025-03-20 08:00:00,216.24,216.05,30734.0
2025-03-20 09:00:00,215.93,215.41,10362.0
2025-03-20 10:00:00,215.5,214.41,64059.0
2025-03-20 11:00:00,214.44,214.86,37356.0
2025-03-20 12:00:00,214.34,214.74,149399.0
2025-03-20 13:00:00,214.67,215.49,3987358.0
2025-03-20 14:00:00,215.485,216.145,5723160.0
2025-03-20 15:00:00,216.17,215.5963,3451532.0
2025-03-20 16:00:00,215.589,213.54,6256864.0
2025-03-20 17:00:00,213.53,213.4,3274026.0
2025-03-20 18:00:00,213.43,212.3694,4271225.0
2025-03-20 19:00:00,212.35,214.15,7370196.0
2025-03-20 20:00:00,214.1,214.0603,959925.0
2025-03-20 21:00:00,214.06,213.91,14063.0
2025-03-20 22:00:00,213.8523,213.8799,17797.0
2025-03-20 23:00:00,213.85,213.7,17756.0
2025-03-21 08:00:00,213.9,213.14,12401.0
2025-03-21 09:00:00,213.25,213.65,8255.0
2025-03-21 10:00:00,213.65,212.0,89250.0
2025-03-21 11:00:00,212.0,212.1,78717.0
2025-03-21 12:00:00,212.03,210.7447,405982.0
2025-03-21 13:00:00,210.7532,214.12,18183175.0
2025-03-21 14:00:00,214.16,214.46,5116266.0
2025-03-21 15:00:00,214.47,213.2602,5795425.0
2025-03-21 16:00:00,213.25,215.43,4293323.0
2025-03-21 17:00:00,215.425,214.29,2765793.0
2025-03-21 18:00:00,214.28,215.17,3555258.0
2025-03-21 19:00:00,215.17,218.36,12348935.0
2025-03-21 20:00:00,218.2,217.82,10982850.0
2025-03-21 21:00:00,217.75,217.6,155997.0
2025-03-21 22:00:00,217.6,217.78,15529.0
2025-03-21 23:00:00,217.7053,217.8799,37028.0
2025-03-24 08:00:00,219.8,220.39,81511.0
2025-03-24 09:00:00,220.43,220.53,73930.0
2025-03-24 10:00:00,220.6,220.15,70554.0
2025-03-24 11:00:00,220.15,220.19,93120.0
2025-03-24 12:00:00,219.9,220.5,162915.0
2025-03-24 13:00:00,220.5,220.2101,6229262.0
2025-03-24 14:00:00,220.2065,219.73,4651354.0
2025-03-24 15:00:00,219.73,219.79,4278095.0
2025-03-24 16:00:00,219.79,219.29,2955089.0
2025-03-24 17:00:00,219.29,219.57,2985179.0
2025-03-24 18:00:00,219.59,220.125,3247517.0
2025-03-24 19:00:00,220.1332,220.43,8157649.0
2025-03-24 20:00:00,220.73,220.72,1207059.0
2025-03-24 21:00:00,220.73,220.76,22504.0
2025-03-24 22:00:00,220.76,220.71,28854.0
2025-03-24 23:00:00,220.79,220.74,18482.0
2025-03-25 08:00:00,220.5,220.21,18631.0
2025-03-25 09:00:00,220.21,220.39,26809.0
2025-03-25 10:00:00,220.46,220.74,19149.0
2025-03-25 11:00:00,220.75,220.84,36069.0
2025-03-25 12:00:00,220.75,221.3,117230.0
2025-03-25 13:00:00,221.3034,222.66,4689727.0
2025-03-25 14:00:00,222.66,223.678,5835491.0
2025-03-25 15:00:00,223.685,223.5369,2705695.0
2025-03-25 16:00:00,223.54,223.1,2109851.0
2025-03-25 17:00:00,223.11,222.985,2290676.0
2025-03-25 18:00:00,222.97,222.8029,2983741.0
2025-03-25 19:00:00,222.8,223.73,6216350.0
2025-03-25 20:00:00,223.75,223.74,665308.0
2025-03-25 21:00:00,223.75,223.9005,54974.0
2025-03-25 22:00:00,223.9741,224.0116,26748.0
2025-03-25 23:00:00,224.0899,224.18,9866.0
2025-03-26 08:00:00,223.94,223.84,20107.0
2025-03-26 09:00:00,223.85,223.7,8674.0
2025-03-26 10:00:00,223.7,224.26,7910.0
2025-03-26 11:00:00,224.24,224.27,15961.0
2025-03-26 12:00:00,224.2,224.53,84498.0
2025-03-26 13:00:00,224.5,224.3,5000294.0
2025-03-26 14:00:00,224.315,223.65,4942211.0
2025-03-26 15:00:00,223.645,222.695,3108852.0
2025-03-26 16:00:00,222.69,222.8054,2614924.0
2025-03-26 17:00:00,222.8,221.6697,2903599.0
2025-03-26 18:00:00,221.68,221.575,2064666.0
2025-03-26 19:00:00,221.57,221.39,6122443.0
2025-03-26 20:00:00,221.53,221.31,691218.0
2025-03-26 21:00:00,221.3217,221.0902,12875.0
2025-03-26 22:00:00,221.14,220.6957,31841.0
2025-03-26 23:00:00,220.65,221.53,41184.0
2025-03-27 08:00:00,221.0,221.2,34651.0
2025-03-27 09:00:00,221.3,221.14,7452.0
2025-03-27 10:00:00,221.27,220.6,5482.0
2025-03-27 11:00:00,220.64,221.47,22264.0
2025-03-27 12:00:00,220.66,221.66,60060.0
2025-03-27 13:00:00,221.64,221.555,3642495.0
2025-03-27 14:00:00,221.58,222.485,3461601.0
2025-03-27 15:00:00,222.485,223.0,3613271.0
2025-03-27 16:00:00,223.005,222.89,2577303.0
2025-03-27 17:00:00,222.905,223.32,3313720.0
2025-03-27 18:00:00,223.32,224.106,4126443.0
2025-03-27 19:00:00,224.095,223.93,7177259.0
2025-03-27 20:00:00,223.85,223.6,604011.0
2025-03-27 21:00:00,223.6,223.52,7356.0
2025-03-27 22:00:00,223.47,223.5,11020.0
2025-03-27 23:00:00,223.37,223.46,16874.0
2025-03-28 08:00:00,222.0,222.25,30892.0
2025-03-28 09:00:00,222.12,222.03,13234.0
2025-03-28 10:00:00,222.1,222.39,18848.0
2025-03-28 11:00:00,222.39,222.2,24595.0
2025-03-28 12:00:00,222.05,221.92,140051.0
2025-03-28 13:00:00,221.82,223.38,4989280.0
2025-03-28 14:00:00,223.35,220.6,6203660.0
2025-03-28 15:00:00,220.595,219.53,3775239.0
2025-03-28 16:00:00,219.51,218.6,2759102.0
2025-03-28 17:00:00,218.59,218.76,2973746.0
2025-03-28 18:00:00,218.74,218.51,2649853.0
2025-03-28 19:00:00,218.49,217.85,7054383.0
2025-03-28 20:00:00,217.9,217.42,700176.0
2025-03-28 21:00:00,217.42,217.59,22054.0
2025-03-28 22:00:00,217.5,217.4508,18000.0
2025-03-28 23:00:00,217.45,217.22,15283.0
2025-03-31 08:00:00,215.74,215.93,64067.0
2025-03-31 09:00:00,215.78,216.0,32949.0
2025-03-31 10:00:00,216.07,216.32,65616.0
2025-03-31 11:00:00,216.27,216.71,113426.0
2025-03-31 12:00:00,216.25,217.1091,319038.0
2025-03-31 13:00:00,217.11,217.11,9236025.0
2025-03-31 14:00:00,217.14,219.25,6223623.0
2025-03-31 15:00:00,219.28,220.35,4599203.0
2025-03-31 16:00:00,220.36,220.1,3195593.0
2025-03-31 17:00:00,220.09,219.49,2650711.0
2025-03-31 18:00:00,219.49,220.58,3432735.0
2025-03-31 19:00:00,220.57,221.995,13747089.0
2025-03-31 20:00:00,222.13,221.7404,2062652.0
2025-03-31 21:00:00,221.7996,221.51,45096.0
2025-03-31 22:00:00,221.51,221.2836,22573.0
2025-03-31 23:00:00,221.33,221.1999,19201.0
2025-04-01 08:00:00,221.42,221.22,46665.0
2025-04-01 09:00:00,221.22,221.0,13073.0
2025-04-01 10:00:00,220.63,220.39,62845.0
2025-04-01 11:00:00,220.18,220.0,63235.0
2025-04-01 12:00:00,220.0,220.24,212862.0
2025-04-01 13:00:00,220.3,223.14,5800177.0
2025-04-01 14:00:00,223.12,222.5688,5568407.0
2025-04-01 15:00:00,222.555,222.5802,3584451.0
2025-04-01 16:00:00,222.6,222.77,2352816.0
2025-04-01 17:00:00,222.765,222.2,2207235.0
2025-04-01 18:00:00,222.2,221.8102,2320765.0
2025-04-01 19:00:00,221.81,223.14,5450593.0
2025-04-01 20:00:00,223.19,223.02,1344229.0
2025-04-01 21:00:00,223.05,223.19,9941.0
2025-04-01 22:00:00,223.25,223.53,27281.0
2025-04-01 23:00:00,223.6563,223.45,14516.0
2025-04-02 08:00:00,222.82,222.26,16938.0
2025-04-02 09:00:00,222.45,222.25,5566.0
2025-04-02 10:00:00,222.2,221.91,30768.0
2025-04-02 11:00:00,221.96,221.87,34600.0
2025-04-02 12:00:00,222.3,221.45,172899.0
2025-04-02 13:00:00,221.61,222.84,3256510.0
2025-04-02 14:00:00,222.83,224.35,4446253.0
2025-04-02 15:00:00,224.35,223.685,3254496.0
2025-04-02 16:00:00,223.69,224.68,2676866.0
2025-04-02 17:00:00,224.7,224.1903,3358215.0
2025-04-02 18:00:00,224.18,222.92,2690046.0
2025-04-02 19:00:00,222.9453,223.8,5194507.0
2025-04-02 20:00:00,223.89,212.73,1907197.0
2025-04-02 21:00:00,212.7,208.6,1294873.0
2025-04-02 22:00:00,208.68,208.63,729764.0
2025-04-02 23:00:00,208.71,207.91,388845.0
2025-04-03 08:00:00,210.78,208.85,359827.0
2025-04-03 09:00:00,208.99,208.12,252625.0
2025-04-03 10:00:00,208.12,207.3,262175.0
2025-04-03 11:00:00,207.36,206.99,546269.0
2025-04-03 12:00:00,207.18,207.0,1704397.0
2025-04-03 13:00:00,206.99,204.358779,21677842.0
2025-04-03 14:00:00,204.25,204.3712,14468051.0
2025-04-03 15:00:00,204.37,205.595,9629201.0
2025-04-03 16:00:00,205.62,204.81,6897513.0
2025-04-03 17:00:00,204.82,203.4299,5266445.0
2025-04-03 18:00:00,203.42,202.905,8284791.0
2025-04-03 19:00:00,202.88,203.06,19162961.0
2025-04-03 20:00:00,203.19,203.5,1471945.0
2025-04-03 21:00:00,203.5,203.6015,216853.0
2025-04-03 22:00:00,203.6,203.2245,163510.0
2025-04-03 23:00:00,203.3988,203.38,66527.0
2025-04-04 08:00:00,203.11,201.9,101840.0
2025-04-04 09:00:00,201.86,201.23,122037.0
2025-04-04 10:00:00,201.23,192.82,1138538.0
2025-04-04 11:00:00,192.92,194.15,1357863.0
2025-04-04 12:00:00,193.57,194.78,1870445.0
2025-04-04 13:00:00,194.7235,199.235,19269632.0
2025-04-04 14:00:00,199.27,193.48,19694239.0
2025-04-04 15:00:00,193.45,194.165,13147719.0
2025-04-04 16:00:00,194.163,192.96,8210240.0
2025-04-04 17:00:00,192.93,191.68,11335345.0
2025-04-04 18:00:00,191.66,188.88,11277512.0
2025-04-04 19:00:00,188.87,188.38,22210099.0
2025-04-04 20:00:00,188.38,187.9,2399779.0
2025-04-04 21:00:00,187.9,187.77,112680.0
2025-04-04 22:00:00,187.8,187.2501,93618.0
2025-04-04 23:00:00,187.28,186.6,170924.0
2025-04-07 08:00:00,177.87,180.55,578930.0
2025-04-07 09:00:00,180.55,181.1,252954.0
2025-04-07 10:00:00,181.07,184.5,503956.0
2025-04-07 11:00:00,184.82,182.06,789326.0
2025-04-07 12:00:00,183.7,182.98,2184002.0
2025-04-07 13:00:00,182.97,180.49,34075230.0
2025-04-07 14:00:00,180.49,183.87,32462205.0
2025-04-07 15:00:00,183.88,178.78,18464092.0
2025-04-07 16:00:00,178.78,177.6,10500661.0
2025-04-07 17:00:00,177.6125,182.605,11112082.0
2025-04-07 18:00:00,182.605,179.97,12892829.0
2025-04-07 19:00:00,179.965,181.59,18416221.0
2025-04-07 20:00:00,181.3,181.32,1225627.0
2025-04-07 21:00:00,181.49,182.2,172504.0
2025-04-07 22:00:00,182.3,183.4,133433.0
2025-04-07 23:00:00,183.45,182.68,126428.0
2025-04-08 08:00:00,183.88,184.26,155070.0
2025-04-08 09:00:00,184.22,183.85,142683.0
2025-04-08 10:00:00,183.9,183.73,79061.0
2025-04-08 11:00:00,183.75,185.52,324953.0
2025-04-08 12:00:00,183.5,185.45,830216.0
2025-04-08 13:00:00,185.32,188.0,15465417.0
2025-04-08 14:00:00,188.0,186.2,14173229.0
2025-04-08 15:00:00,186.215,184.47,9942907.0
2025-04-08 16:00:00,184.48,179.1685,11863105.0
2025-04-08 17:00:00,179.15,178.15,14812061.0
2025-04-08 18:00:00,178.16,174.59,10735368.0
2025-04-08 19:00:00,174.58,172.77,24759217.0
2025-04-08 20:00:00,172.814204,175.0,2272001.0
2025-04-08 21:00:00,175.0,172.9,273209.0
2025-04-08 22:00:00,172.88,170.85,307138.0
2025-04-08 23:00:00,170.95,169.45,279807.0
2025-04-09 08:00:00,172.1,175.7,509199.0
2025-04-09 09:00:00,175.74,175.3,211426.0
2025-04-09 10:00:00,175.29,176.02,303209.0
2025-04-09 11:00:00,176.07,168.8,1369332.0
2025-04-09 12:00:00,173.8,172.0,2455832.0
2025-04-09 13:00:00,172.03,177.385,18439804.0
2025-04-09 14:00:00,177.4,177.72,18232775.0
2025-04-09 15:00:00,177.7,178.73,13269906.0
2025-04-09 16:00:00,178.71,181.07,9219447.0
2025-04-09 17:00:00,181.1,193.105,29946842.0
2025-04-09 18:00:00,193.1,184.9,23377920.0
2025-04-09 19:00:00,184.9,198.85,40133543.0
2025-04-09 20:00:00,198.85,198.5,2053308.0
2025-04-09 21:00:00,198.4985,196.66,480561.0
2025-04-09 22:00:00,196.7,197.48,215687.0
2025-04-09 23:00:00,197.4779,197.7118,180031.0
2025-04-10 08:00:00,193.87,191.76,313857.0
2025-04-10 09:00:00,191.72,193.01,167381.0
2025-04-10 10:00:00,193.11,192.99,152138.0
2025-04-10 11:00:00,192.97,193.11,473819.0
2025-04-10 12:00:00,192.48,190.65,2584191.0
2025-04-10 13:00:00,190.709,193.285,15015689.0
2025-04-10 14:00:00,193.285,189.93,12171289.0
2025-04-10 15:00:00,189.91,186.6499,14530242.0
2025-04-10 16:00:00,186.5975,187.53,13979521.0
2025-04-10 17:00:00,187.5,190.39,14926163.0
2025-04-10 18:00:00,190.365,190.73,11321925.0
2025-04-10 19:00:00,190.78,190.44,15780373.0
2025-04-10 20:00:00,190.550897,190.64,1505755.0
2025-04-10 21:00:00,190.7,190.5,42400.0
2025-04-10 22:00:00,190.36,191.08,53586.0
2025-04-10 23:00:00,191.08,189.44,92551.0
2025-04-11 08:00:00,191.1,189.05,163910.0
2025-04-11 09:00:00,189.0,191.96,95866.0
2025-04-11 10:00:00,191.96,192.0,110975.0
2025-04-11 11:00:00,191.94,191.06,126785.0
2025-04-11 12:00:00,190.8,188.2506,1470695.0
2025-04-11 13:00:00,188.29,191.552879,9616743.0
2025-04-11 14:00:00,191.43,192.28,10636848.0
2025-04-11 15:00:00,192.27,195.64,9556334.0
2025-04-11 16:00:00,195.63,198.4692,12749360.0
2025-04-11 17:00:00,198.49,198.26,9148241.0
2025-04-11 18:00:00,198.2643,197.54,5804576.0
2025-04-11 19:00:00,197.545,198.02,13229657.0
2025-04-11 20:00:00,198.15,198.01,1628071.0
2025-04-11 21:00:00,198.05,197.72,52249.0
2025-04-11 22:00:00,197.66,196.77,112499.0
2025-04-11 23:00:00,196.84,196.95,50915.0
2025-04-14 08:00:00,209.68,209.0,667706.0
2025-04-14 09:00:00,209.0,208.2,348497.0
2025-04-14 10:00:00,208.2,206.8,324971.0
2025-04-14 11:00:00,206.88,208.7,1079533.0
2025-04-14 12:00:00,207.85,210.63,2599446.0
2025-04-14 13:00:00,210.63,206.76,24420319.0
2025-04-14 14:00:00,206.795,205.2446,15760341.0
2025-04-14 15:00:00,205.22,202.51,10853721.0
2025-04-14 16:00:00,202.51,202.1847,9995775.0
2025-04-14 17:00:00,202.21,204.63,7708103.0
2025-04-14 18:00:00,204.64,205.9,5973279.0
2025-04-14 19:00:00,205.89,202.59,12244428.0
2025-04-14 20:00:00,202.52,202.189,1367986.0
2025-04-14 21:00:00,202.15,201.85,102052.0
2025-04-14 22:00:00,201.67,201.0,66708.0
2025-04-14 23:00:00,201.0,200.93,92111.0
2025-04-15 08:00:00,202.22,203.23,87870.0
2025-04-15 09:00:00,203.2,203.01,24979.0
2025-04-15 10:00:00,203.12,201.96,73379.0
2025-04-15 11:00:00,202.0,199.82,238212.0
2025-04-15 12:00:00,201.61,200.7399,409904.0
2025-04-15 13:00:00,200.75,202.935,7276956.0
2025-04-15 14:00:00,202.935,201.7812,8848805.0
2025-04-15 15:00:00,201.82,202.8871,4593891.0
2025-04-15 16:00:00,202.875,201.49,3370443.0
2025-04-15 17:00:00,201.485,202.35,3946804.0
2025-04-15 18:00:00,202.385,202.45,4167934.0
2025-04-15 19:00:00,202.46,202.13,6610914.0
2025-04-15 20:00:00,202.14,202.14,619779.0
2025-04-15 21:00:00,202.18,200.38,124065.0
2025-04-15 22:00:00,200.5,200.0,187808.0
2025-04-15 23:00:00,199.96,199.81,133473.0
2025-04-16 08:00:00,198.8,200.3,188727.0
2025-04-16 09:00:00,200.5,199.81,41639.0
2025-04-16 10:00:00,199.94,200.31,34070.0
2025-04-16 11:00:00,200.39,200.14,85105.0
2025-04-16 12:00:00,200.34,199.4,295759.0
2025-04-16 13:00:00,199.33,196.56,8701391.0
2025-04-16 14:00:00,196.55,197.58,8091019.0
2025-04-16 15:00:00,197.58,196.75,5046664.0
2025-04-16 16:00:00,196.755,197.2127,3741124.0
2025-04-16 17:00:00,197.225,193.985,6669977.0
2025-04-16 18:00:00,193.985,193.34,5519337.0
2025-04-16 19:00:00,193.33,194.3,10392814.0
2025-04-16 20:00:00,194.27,194.56,884943.0
2025-04-16 21:00:00,194.45,194.99,69940.0
2025-04-16 22:00:00,194.87,194.8033,21212.0
2025-04-16 23:00:00,194.97,194.94,40478.0
2025-04-17 08:00:00,196.5,196.37,71263.0
2025-04-17 09:00:00,196.3,196.48,42113.0
2025-04-17 10:00:00,196.47,195.95,45934.0
2025-04-17 11:00:00,195.94,195.98,68685.0
2025-04-17 12:00:00,195.76,197.28,300663.0
2025-04-17 13:00:00,197.43,196.08,8290148.0
2025-04-17 14:00:00,196.1,195.7826,7140854.0
2025-04-17 15:00:00,195.79,196.11,4684162.0
2025-04-17 16:00:00,196.12,198.17,5500654.0
2025-04-17 17:00:00,198.16,197.81,4247124.0
2025-04-17 18:00:00,197.82,197.395,4450581.0
2025-04-17 19:00:00,197.4,196.87,6852129.0
2025-04-17 20:00:00,196.98,197.32,1294169.0
2025-04-17 21:00:00,197.59,197.38,53158.0
2025-04-17 22:00:00,197.5291,197.1,12132.0
2025-04-17 23:00:00,197.199,197.25,24155.0
2025-04-21 08:00:00,195.93,194.0,58254.0
2025-04-21 09:00:00,193.94,194.45,31852.0
2025-04-21 10:00:00,194.45,194.0,32671.0
2025-04-21 11:00:00,194.29,191.94,145803.0
2025-04-21 12:00:00,193.42,191.96,211273.0
2025-04-21 13:00:00,191.9,192.4995,4944712.0
2025-04-21 14:00:00,192.45,191.495,5644100.0
2025-04-21 15:00:00,191.5,190.25,5156264.0
2025-04-21 16:00:00,190.24,190.765,3104586.0
2025-04-21 17:00:00,190.765,190.51,3328734.0
2025-04-21 18:00:00,190.51,190.27,2864153.0
2025-04-21 19:00:00,190.27,193.09,7242164.0
2025-04-21 20:00:00,193.16,193.1,1227114.0
2025-04-21 21:00:00,193.09,192.85,25929.0
2025-04-21 22:00:00,192.97,192.94,21854.0
2025-04-21 23:00:00,192.644,194.0,55339.0
2025-04-22 08:00:00,193.79,195.35,37303.0
2025-04-22 09:00:00,195.39,195.31,19014.0
2025-04-22 10:00:00,195.25,195.2,14500.0
2025-04-22 11:00:00,194.99,194.5,75106.0
2025-04-22 12:00:00,194.61,195.19,235270.0
2025-04-22 13:00:00,195.15,197.82,4895947.0
2025-04-22 14:00:00,197.83,199.3001,5786569.0
2025-04-22 15:00:00,199.31,199.33,4738656.0
2025-04-22 16:00:00,199.34,200.5901,7520165.0
2025-04-22 17:00:00,200.605,198.2512,5518340.0
2025-04-22 18:00:00,198.25,200.15,6585455.0
2025-04-22 19:00:00,200.14,199.56,7672079.0
2025-04-22 20:00:00,199.74,199.83,464916.0
2025-04-22 21:00:00,199.8,204.95,671981.0
2025-04-22 22:00:00,204.91,205.27,275504.0
2025-04-22 23:00:00,205.4,205.0,157566.0
2025-04-23 08:00:00,205.0,205.37,110692.0
2025-04-23 09:00:00,205.44,205.15,78283.0
2025-04-23 10:00:00,205.18,206.26,114474.0
2025-04-23 11:00:00,206.3,205.77,178511.0
2025-04-23 12:00:00,206.36,206.8042,406242.0
2025-04-23 13:00:00,206.95,207.38,10564794.0
2025-04-23 14:00:00,207.3234,206.9,6557420.0
2025-04-23 15:00:00,206.93,204.27,8346959.0
2025-04-23 16:00:00,204.27,204.76,3575338.0
2025-04-23 17:00:00,204.75,205.3901,3020324.0
2025-04-23 18:00:00,205.39,204.74,3041565.0
2025-04-23 19:00:00,204.72,204.36,7599821.0
2025-04-23 20:00:00,204.44,204.5,703580.0
2025-04-23 21:00:00,204.351,204.0001,39284.0
2025-04-23 22:00:00,204.0,203.808,43292.0
2025-04-23 23:00:00,203.94,204.4594,33881.0
2025-04-24 08:00:00,203.87,201.95,39622.0
2025-04-24 09:00:00,201.98,202.38,27579.0
2025-04-24 10:00:00,202.6,204.04,98999.0
2025-04-24 11:00:00,204.11,203.67,104817.0
2025-04-24 12:00:00,203.99,204.23,200427.0
2025-04-24 13:00:00,204.45,205.59,5100973.0
2025-04-24 14:00:00,205.57,205.955,5252602.0
2025-04-24 15:00:00,205.96,206.095,3779689.0
2025-04-24 16:00:00,206.11,206.54,3640332.0
2025-04-24 17:00:00,206.54,207.45,2744511.0
2025-04-24 18:00:00,207.44,207.86,3401647.0
2025-04-24 19:00:00,207.85,208.2,7593841.0
2025-04-24 20:00:00,208.213911,208.689,919633.0
2025-04-24 21:00:00,208.64,208.5401,71192.0
2025-04-24 22:00:00,208.56,208.02,63662.0
2025-04-24 23:00:00,207.96,207.9991,51725.0
2025-04-25 08:00:00,208.6,207.76,42215.0
2025-04-25 09:00:00,207.76,207.64,36605.0
2025-04-25 10:00:00,207.56,205.51,115472.0
2025-04-25 11:00:00,205.77,206.17,113017.0
2025-04-25 12:00:00,206.2,205.5,275615.0
2025-04-25 13:00:00,205.5,208.21,5011831.0
2025-04-25 14:00:00,208.23,207.315,5166167.0
2025-04-25 15:00:00,207.31,207.5,3209064.0
2025-04-25 16:00:00,207.49,208.675,3297032.0
2025-04-25 17:00:00,208.66,208.1,4438652.0
2025-04-25 18:00:00,208.09,208.38,2249223.0
2025-04-25 19:00:00,208.38,209.23,5692679.0
2025-04-25 20:00:00,209.28,208.84,623871.0
2025-04-25 21:00:00,208.78,208.24,48419.0
2025-04-25 22:00:00,208.49,208.4,10466.0
2025-04-25 23:00:00,208.37,208.59,10714.0
2025-04-28 08:00:00,208.76,208.71,37992.0
2025-04-28 09:00:00,208.8,209.73,53499.0
2025-04-28 10:00:00,209.65,209.32,27842.0
2025-04-28 11:00:00,209.35,209.92,60694.0
2025-04-28 12:00:00,209.3,210.05,1496957.0
2025-04-28 13:00:00,210.05,209.385,5420383.0
2025-04-28 14:00:00,209.385,209.03,4220052.0
2025-04-28 15:00:00,209.04,207.96,3305714.0
2025-04-28 16:00:00,207.95,208.445,2327169.0
2025-04-28 17:00:00,208.43,209.75,2577857.0
2025-04-28 18:00:00,209.73,209.8407,2639147.0
2025-04-28 19:00:00,209.87,210.09,5144581.0
2025-04-28 20:00:00,210.14,210.0899,512369.0
2025-04-28 21:00:00,210.09,209.7,37149.0
2025-04-28 22:00:00,209.65,209.89,33116.0
2025-04-28 23:00:00,210.0,210.3,27927.0
2025-04-29 08:00:00,210.65,211.0,24782.0
2025-04-29 09:00:00,211.04,210.87,9054.0
2025-04-29 10:00:00,210.92,209.97,46028.0
2025-04-29 11:00:00,210.37,210.31,19401.0
2025-04-29 12:00:00,210.4,209.57,2643799.0
2025-04-29 13:00:00,209.5,210.8,3413459.0
2025-04-29 14:00:00,210.81,211.6111,4773613.0
2025-04-29 15:00:00,211.62,210.615,3003606.0
2025-04-29 16:00:00,210.615,209.7326,2590700.0
2025-04-29 17:00:00,209.74,211.58,2330851.0
2025-04-29 18:00:00,211.585,211.3,2260229.0
2025-04-29 19:00:00,211.3,211.24,4718782.0
2025-04-29 20:00:00,211.21,211.21,2117110.0
2025-04-29 21:00:00,210.89,210.93,40861.0
2025-04-29 22:00:00,210.9,210.7,14108.0
2025-04-29 23:00:00,210.7,210.556,26458.0
2025-04-30 08:00:00,210.58,210.72,25171.0
2025-04-30 09:00:00,210.72,210.65,2401.0
2025-04-30 10:00:00,210.65,210.32,13326.0
2025-04-30 11:00:00,210.36,209.99,31056.0
2025-04-30 12:00:00,210.4,207.49,1094058.0
2025-04-30 13:00:00,207.55,207.14,4482849.0
2025-04-30 14:00:00,207.185,209.6355,4038523.0
2025-04-30 15:00:00,209.59,211.05,3267206.0
2025-04-30 16:00:00,211.04,210.92,2545599.0
2025-04-30 17:00:00,210.915,211.1031,2511158.0
2025-04-30 18:00:00,211.13,210.652,3712578.0
2025-04-30 19:00:00,210.66,212.48,8400393.0
2025-04-30 20:00:00,212.5,212.5,3621111.0
2025-04-30 21:00:00,212.5,212.1,82323.0
2025-04-30 22:00:00,212.09,210.24,300624.0
2025-04-30 23:00:00,210.1452,209.0,310542.0
2025-05-01 08:00:00,209.58,209.72,78355.0
2025-05-01 09:00:00,209.72,210.3,62531.0
2025-05-01 10:00:00,210.21,209.99,58632.0
2025-05-01 11:00:00,210.04,209.31,223753.0
2025-05-01 12:00:00,209.31,209.13,590773.0
2025-05-01 13:00:00,209.11,210.68,6843340.0
2025-05-01 14:00:00,210.8,212.89,6565701.0
2025-05-01 15:00:00,212.89,211.5844,4866579.0
2025-05-01 16:00:00,211.6,212.135,3300093.0
2025-05-01 17:00:00,212.12,212.595,4153527.0
2025-05-01 18:00:00,212.59,212.545,3001606.0
2025-05-01 19:00:00,212.55,212.83,9534210.0
2025-05-01 20:00:00,213.32,207.7001,4431344.0
2025-05-01 21:00:00,207.7992,205.21,2686654.0
2025-05-01 22:00:00,205.25,204.55,628233.0
2025-05-01 23:00:00,204.5,205.25,467554.0
