Date,Open,Close,Volume,MA5,MA10,Return,RSI,Volume_MA5,Volatility
2024-05-02 14:00:00,171.425,171.5602,7201196.0,171.40804,171.01801999999998,0.0007011199253383,51.89547886386087,3960677.0,0.003535987241996631
2024-05-02 15:00:00,171.568,172.1,5895195.0,171.58804,171.19302,0.0031464174091659,54.70270270270276,5136458.8,0.003720890058966302
2024-05-02 16:00:00,172.105,172.1589,6533283.0,171.84182,171.39390999999998,0.0003422428820452,48.00779262678527,6428810.8,0.00341868794511335
2024-05-02 17:00:00,172.16,172.6,5135430.0,171.97181999999998,171.61891,0.0025621678577175,80.86303939962495,6674474.8,0.002398106606767242
2024-05-02 18:00:00,172.595,172.94,8039005.0,172.27182,171.80091,0.0019698725376593,79.26829268292703,6560821.8,0.0011978848902482336
2024-05-02 19:00:00,172.94,173.08,14272488.0,172.57577999999998,171.99191000000002,0.000809529316526,78.61635220125817,7975080.2,0.0011750446780329589
2024-05-02 20:00:00,173.11,185.3,15680042.0,175.21578,173.40191,0.070603189276635,95.1161405598571,9932049.6,0.030951924718029458
2024-05-02 21:00:00,185.3005,184.1,7228158.0,177.604,174.72291,-0.0064759848893686,88.64530635188304,10071024.6,0.03190872545641497
2024-05-02 22:00:00,184.09,183.52,1267711.0,179.788,175.87991000000002,-0.0031504617055946,85.22727272727275,9297480.8,0.03251246171697714
2024-05-02 23:00:00,183.52,183.46,501248.0,181.892,177.08191,-0.0003269398430688,84.89494605337879,7789929.4,0.03271844453386538
2024-05-03 08:00:00,183.1,183.2,273238.0,183.916,178.24588999999995,-0.0014172026599804,83.63228699551564,4990079.4,0.03292829062346854
2024-05-03 09:00:00,183.2,183.13,91854.0,183.482,179.34889,-0.0003820960698689,84.77272727272725,1872441.8,0.002573908407545319
2024-05-03 10:00:00,183.14,183.71,213148.0,183.404,180.504,0.003167149019822,84.34579439252336,469439.8,0.0023090880784747934
2024-05-03 11:00:00,183.71,183.59,474346.0,183.418,181.603,-0.0006532034184312,86.31201434548707,310766.8,0.001781066725215054
2024-05-03 12:00:00,183.6,185.3,3182729.0,183.786,182.839,0.0093142328013508,87.49986353562804,847063.0,0.004451157590581393
2024-05-03 13:00:00,185.3,184.115,35957707.0,183.969,183.9425,-0.0063950350782514,81.67677300290002,7983956.8,0.005769581780388392
2024-05-03 14:00:00,184.15,184.79,25112559.0,184.301,183.8915,0.0036661868940606,82.25329526941789,12988097.8,0.0058092658358515565
2024-05-03 15:00:00,184.78,184.595,14518267.0,184.478,183.941,-0.0010552519075707,81.01887768295832,15849121.6,0.0058710236778626535
2024-05-03 16:00:00,184.59,184.755,9509959.0,184.711,184.0645,0.0008667623716785,80.84051161576606,17656244.2,0.005804591134034437
2024-05-03 17:00:00,184.76,185.055,13795876.0,184.662,184.224,0.0016237720224081,80.99922340150137,19778873.6,0.00382440213397958
2024-05-03 18:00:00,185.045,185.355,12413805.0,184.91,184.4395,0.0016211396611817,50.37187288708573,15070093.2,0.0016979248257590136
2024-05-03 19:00:00,185.355,183.39,24872514.0,184.63,184.4655,-0.0106012786274986,45.64950980392152,15022084.2,0.0051993196587846666
2024-05-03 20:00:00,183.38,183.82,8267236.0,184.475,184.4765,0.0023447298107857,51.872659176029856,13771878.0,0.005487824602167085
2024-05-03 21:00:00,183.82,183.85,3110714.0,184.294,184.5025,0.0001632031335001,52.443609022556295,12492029.0,0.005442305775549087
2024-05-03 22:00:00,183.9,183.91,41747.0,184.065,184.3635,0.0003263530051672,54.562982005141436,9741203.2,0.005317231420351366
2024-05-03 23:00:00,183.9,183.78,75956.0,183.75,184.33,-0.0007068674895328,54.14540816326534,7273633.4,0.0051028523491777125
2024-05-06 08:00:00,180.4,181.38,174552.0,183.348,183.989,-0.0130590923930787,37.939958592132434,2334041.0,0.0061800112502910605
2024-05-06 09:00:00,181.39,181.67,70617.0,182.918,183.6965,0.0015988532362994,40.23397761953194,694717.2,0.006050950169704642
2024-05-06 10:00:00,181.64,182.32,98396.0,182.612,183.453,0.0035779160015412,33.01026225769655,92253.6,0.006573602122815231
2024-05-06 11:00:00,182.35,182.62,193067.0,182.354,183.2095,0.0016454585344449,40.5199746353836,122517.6,0.006698168052322504
2024-05-06 12:00:00,182.39,182.33,1091968.0,182.064,182.907,-0.0015879969335231,33.600000000000136,325720.0,0.006687325420092975
2024-05-06 13:00:00,182.297,182.4701,13023367.0,182.28202,182.81501,0.0007683869906213,35.729540234516676,2895483.0,0.0018689045615676392
2024-05-06 14:00:00,182.48,182.39,11156157.0,182.42602,182.67201,-0.0004389760294975,33.94476728398412,5112591.0,0.0019792650033900795
2024-05-06 15:00:00,182.38,182.315,7199245.0,182.42502,182.51851,-0.0004112067547562,30.81286238480706,6532760.8,0.0012431169631066741
2024-05-06 16:00:00,182.315,181.53,7553996.0,182.20702,182.28051,-0.0043057345802594,24.918690657294334,8004946.6,0.0019282056900894295
2024-05-06 17:00:00,181.52,181.09,8364787.0,181.95902,182.01151,-0.0024238417892359,31.148159076751725,9459510.4,0.002005468191155533
2024-05-06 18:00:00,181.085,181.15,6574074.0,181.695,181.98851,0.0003313269644928,26.70238386094735,8169651.8,0.0018959149480836182
2024-05-06 19:00:00,181.1576,181.7,12387575.0,181.557,181.99151,0.0030361578802096,32.800550382387655,8415935.4,0.0027867510895177084
2024-05-06 20:00:00,181.71,181.82,1016071.0,181.458,181.94151,0.0006604292790313,33.439510633577314,7179300.6,0.0028600158470020814
2024-05-06 21:00:00,181.83,181.83,94958.0,181.518,181.86251,5.499945000560624e-05,34.24929727634013,5687493.0,0.0019424037418286086
2024-05-06 22:00:00,181.77,181.97,43305.0,181.694,181.82651,0.0007699499532529,57.50597933947389,4023196.6,0.0011884853860325531
2024-05-06 23:00:00,181.95,182.89,469705.0,182.042,181.8685,0.005055778425015,63.37660628919789,2802322.8,0.002089627501793535
2024-05-07 08:00:00,183.02,183.29,71614.0,182.36,181.9585,0.0021871070042102,61.252378079903515,339130.6,0.002008720261339012
2024-05-07 09:00:00,183.13,183.34,34324.0,182.664,182.061,0.0002727917507775,58.866558297620834,142781.2,0.0020676910661252923
2024-05-07 10:00:00,183.33,183.43,40119.0,182.984,182.251,0.0004908912403185,64.24796642660998,131813.4,0.0019904201854132365
2024-05-07 11:00:00,183.32,183.28,87755.0,183.246,182.47,-0.0008177506405713,60.46355391333554,140703.4,0.00229088508964819
2024-05-07 12:00:00,183.15,183.92,2127541.0,183.452,182.747,0.003491924923614,67.26862302483079,472270.6,0.0017053619669111664
2024-05-07 13:00:00,183.92,183.92,13485384.0,183.578,182.969,0.0,68.42709529276686,3155024.6,0.0016442226737849203
2024-05-07 14:00:00,183.93,182.6101,13901688.0,183.43202,183.04801,-0.0071221183123096,61.06682513985932,5928497.4,0.003895386562709856
2024-05-07 15:00:00,182.62,181.57,8829256.0,183.06002,183.02201,-0.0056957419113181,54.37956204379553,7686324.8,0.004343081511580995
2024-05-07 16:00:00,181.5699,181.865,6393856.0,182.77702,183.01151,0.0016247177397147,56.255468066491716,8947545.0,0.004640515655575583
2024-05-07 17:00:00,181.87,182.6875,6039929.0,182.53052,182.99126,0.0045225854342506,58.24634655532367,9730022.6,0.0049335652840557095
2024-05-07 18:00:00,182.6801,182.4983,4548175.0,182.24618,182.91209,-0.0010356483065343,55.59958393184413,7942580.8,0.004885053201736173
2024-05-07 19:00:00,182.49,182.37,7682339.0,182.19816,182.81509,-0.0007030202473118,54.372469635627475,6698711.0,0.003767308008091766
2024-05-07 20:00:00,182.4,182.3948,5553175.0,182.36312,182.71157,0.0001359872786094,53.50506617380116,6043494.8,0.0022664987605477637
2024-05-07 21:00:00,182.37,182.35,43453.0,182.46012,182.61857,-0.0002456210374419,44.79226941326245,4773414.2,0.0022731612395606874
2024-05-07 22:00:00,182.33,182.36,46716.0,182.39462,182.46257,5.483959418710901e-05,40.301589287949234,3574771.6,0.0005013314256807659
2024-05-07 23:00:00,182.35,182.23,27742.0,182.34096,182.29357,-0.0007128756306208,38.614450416444384,2670685.0,0.0004036313007133628
2024-05-08 08:00:00,182.3,183.34,98498.0,182.53496,182.36656,0.0060912034242441,49.23658942082582,1153916.8,0.0028295219726815523
2024-05-08 09:00:00,183.24,183.12,15783.0,182.68,182.52156,-0.001199956365223,48.65875331120281,46438.4,0.00299724908857654
2024-05-08 10:00:00,182.98,183.1,34957.0,182.83,182.64506,-0.0001092179991263,42.32870560940031,44739.2,0.0029859805072876017
2024-05-08 11:00:00,183.0,182.7,50483.0,182.898,182.64631,-0.0021845985800109,39.38133203356211,45492.6,0.0032834789564513767
2024-05-08 12:00:00,182.96,182.65,183610.0,182.98200000000003,182.66148,-0.0002736726874656,50.44484580908441,76666.2,0.003252767308207697
2024-05-08 13:00:00,182.7,182.1,6196004.0,182.734,182.63448,-0.0030112236517931,56.63395584038441,1296167.4,0.0012426371126764435
2024-05-08 14:00:00,182.1,182.0485,6151212.0,182.5197,182.59985,-0.0002828116419549,52.44594918823782,2523253.2,0.0013355946745369617
2024-05-08 15:00:00,182.042,182.25,4160374.0,182.3497,182.58985,0.0011068479004221,43.01140538640957,3348336.6,0.0016510506535548776
2024-05-08 16:00:00,182.2487,182.16,4003695.0,182.2417,182.56985,-0.0004938271604938,44.41914942756287,4138979.0,0.0014954338205144405
2024-05-08 17:00:00,182.17,182.65,3629574.0,182.2417,182.61185,0.0026899429073342,54.12662854447906,4828171.8,0.0021125934740663026
2024-05-08 18:00:00,182.645,182.805,3968002.0,182.3827,182.55835,0.0008486175745962,55.82207335074361,4382571.4,0.0012758750902896975
2024-05-08 19:00:00,182.805,182.75,8128698.0,182.523,182.52135,-0.000300867044118,55.660911406736396,4778068.6,0.0012796330737994005
2024-05-08 20:00:00,182.74,182.4114,752784.0,182.55528,182.45249,-0.001852804377565,50.66552724259338,4096550.6,0.0017003247245006299
2024-05-08 21:00:00,182.41,182.57,595351.0,182.63728,182.43949,0.0008694632024095,54.369955272222455,3414881.8,0.001674730956594568
2024-05-08 22:00:00,182.57,182.64,10430.0,182.63528,182.43849,0.0003834145807087,37.72015998877267,2691053.0,0.0011342382201709317
2024-05-08 23:00:00,182.63,182.46,12409.0,182.56628,182.47449,-0.0009855453350852,38.257063554195646,1899934.4,0.0010823611577944787
2024-05-09 08:00:00,182.75,182.2,7227.0,182.45628,182.48964,-0.0014249698564069,35.24686905776683,275640.2,0.0011752812229885242
2024-05-09 09:00:00,182.18,182.17,3796.0,182.408,182.48164,-0.0001646542261251,40.11267815834652,125842.6,0.0009463392205053409
2024-05-09 10:00:00,182.3,182.35,13603.0,182.364,182.50064,0.000988088049624,44.6623016155433,9493.0,0.0009826636887693382
2024-05-09 11:00:00,182.4,182.42,18147.0,182.32,182.47764,0.0003838771593089,56.86636340228278,11036.4,0.0009827371605680394
2024-05-09 12:00:00,182.41,182.56,96478.0,182.34,182.45314,0.0007674597083653,60.573861991979165,27850.2,0.0009630508794293376
2024-05-09 13:00:00,182.55,183.75,6148172.0,182.65,182.55314,0.0065184049079754,72.01220943883511,1256039.2,0.002729587023622603
2024-05-09 14:00:00,183.75,183.2999,6938558.0,182.87598,182.64199,-0.0024495238095237,65.12887213654344,2642991.6,0.0032593646156848293
2024-05-09 15:00:00,183.3,183.541,4556014.0,183.11418,182.73909,0.0013153307775944,62.66200545702574,3551473.8,0.003256283966936893
2024-05-09 16:00:00,183.55,184.02,4071066.0,183.43418000000003,182.87709,0.0026097711138111,65.81043098063704,4362057.6,0.0032506610301531883
2024-05-09 17:00:00,184.02,184.48,6277064.0,183.81818,183.07909,0.0024997282904031,70.36540000941741,5598174.8,0.003211534524096644
2024-05-09 18:00:00,184.48,184.52,4337375.0,183.97218,183.31109,0.0002168256721596,76.69925040518666,5236015.4,0.002080987019224837
2024-05-09 19:00:00,184.52,184.65,7786708.0,184.2422,183.55909,0.0007045306741816,76.52925871129044,5405645.4,0.0010653318014245754
2024-05-09 20:00:00,184.57,184.66,1525808.0,184.466,183.79009,5.4156512320557296e-05,76.16444743795677,4799604.2,0.0012450282843423205
2024-05-09 21:00:00,184.651,184.66,80710.0,184.594,184.01409,0.0,79.88967990870034,4001533.0,0.001046361683143803
2024-05-09 22:00:00,184.57,184.8,17025.0,184.658,184.23809,0.0007581501137225,86.51480253918342,2749525.2,0.00036054954769401936
2024-05-09 23:00:00,184.75,184.79,38580.0,184.712,184.34209,-5.411255411265869e-05,87.0035591209534,1889766.2,0.00040283477554704187
2024-05-10 08:00:00,184.57,184.82,18318.0,184.746,184.4941,0.0001623464473185,86.42852929030711,336088.2,0.0003307302869092038
2024-05-10 09:00:00,184.81,184.94,31224.0,184.802,184.634,0.0006492803809111,86.62577757107125,37171.4,0.00037622913168984464
2024-05-10 10:00:00,184.95,184.8,4149.0,184.83,184.712,-0.0007570022710067,82.55624672984138,21859.2,0.0006090114822906038
2024-05-10 11:00:00,184.85,184.79,28049.0,184.828,184.743,-5.411255411265869e-05,73.00681355632202,24064.0,0.0005065213602386933
2024-05-10 12:00:00,184.95,184.69,132589.0,184.808,184.76,-0.0005411548243952,86.38814721742236,42865.8,0.0005608679881973095
2024-05-10 13:00:00,184.69,183.6,7670110.0,184.564,184.655,-0.0059017813633656,51.06922798115254,1573224.2,0.002617098508110068
2024-05-10 14:00:00,183.62,182.55,8748379.0,184.086,184.444,-0.0057189542483659,27.927927927928025,3316655.2,0.0029473088150461387
2024-05-10 15:00:00,182.55,182.575,5267640.0,183.641,184.2355,0.0001369487811557,17.09844559585501,4369353.4,0.0031093119222672353
2024-05-10 16:00:00,182.575,182.39,3362465.0,183.161,183.9945,-0.0010132822127892,14.967105263157421,5036236.6,0.002952826992311141
2024-05-10 17:00:00,182.39,182.475,3211564.0,182.718,183.763,0.0004660343220571,13.689482470784512,5652031.6,0.003156381847288013
2024-05-10 18:00:00,182.475,182.9099,4640700.0,182.57998,183.57199,0.0023833401835867,24.412994532003907,5046149.6,0.0030349241680966183
2024-05-10 19:00:00,182.9078,182.99,7246466.0,182.66798,183.37699,0.0004379205280852,26.142857142857522,4745767.0,0.0012219064459902634
2024-05-10 20:00:00,183.05,182.58,782261.0,182.66898,183.15499,-0.0022405595934203,20.55702917771893,3848691.2,0.0017418307265408585
2024-05-10 21:00:00,182.57,182.75,67858.0,182.74098,182.95099,0.0009310986964617,24.04580152671751,3189769.8,0.0016728687417619282
2024-05-10 22:00:00,182.82,182.82,9015.0,182.80998,182.76399,0.0003830369357044,24.811083123425504,2549260.0,0.0016724064193403547
2024-05-10 23:00:00,183.05,182.5,22598.0,182.728,182.65399,-0.0017503555409692,20.743405275779125,1625639.6,0.0014393392907716962
2024-05-13 08:00:00,184.3,184.6,82938.0,183.05,182.85899,0.0115068493150684,48.368678629689896,192934.0,0.005610505067903443
2024-05-13 09:00:00,184.59,184.94,46174.0,183.522,183.09549,0.0018418201516793,51.16099071207436,45716.6,0.005160693231291598
2024-05-13 10:00:00,184.91,185.22,50860.0,184.016,183.37849,0.0015140045420136,53.990963855421725,42317.0,0.00512048900752255
2024-05-13 11:00:00,185.21,185.37,156880.0,184.526,183.66799,0.0008098477486232,65.52631578947388,71890.0,0.005075587351438025
2024-05-13 12:00:00,185.28,185.49,313206.0,185.124,183.926,0.0006473539407671,80.81761006289318,130011.6,0.0046340949581339785
2024-05-13 13:00:00,185.5,185.185,8310165.0,185.241,184.1455,-0.0016442934929107,75.84158415841591,1775457.0,0.0013651885574821785
2024-05-13 14:00:00,185.19,186.0798,10598498.0,185.46896,184.49548,0.0048319248319248,82.03062606340508,3885921.8,0.002336240188971072
2024-05-13 15:00:00,186.0701,186.05,7633639.0,185.63496000000004,184.82548,-0.000160146345815,81.3343617431548,5402477.6,0.0024046456649917244
2024-05-13 16:00:00,186.05,186.815,7112988.0,185.92396,185.22498,0.0041117979037892,82.35537806353267,6793699.2,0.002796267691132692
2024-05-13 17:00:00,186.81,186.7801,7405047.0,186.18198,185.65299,-0.0001868158338462,81.63953585441203,8212067.4,0.0028875278366122257
2024-05-13 18:00:00,186.78,186.815,4839603.0,186.50798,185.87449,0.0001868507405231,87.71551724137944,7517955.0,0.0024959704679841203
2024-05-13 19:00:00,186.8199,186.285,13489459.0,186.54902,186.00899,-0.0028370312876375,79.58456079271568,8096147.2,0.0024901103139718817
2024-05-13 20:00:00,186.28,186.26,2929035.0,186.59102,186.11299,-0.0001342029685696,79.00799406348033,7155226.4,0.0024891393747651347
2024-05-13 21:00:00,186.26,186.16,32148.0,186.46002,186.19199,-0.0005368839256952,82.05240480610925,5739058.4,0.0012210123888910396
2024-05-13 22:00:00,186.16,186.25,27835.0,186.354,186.26799,0.0004834550923936,72.30091366167497,4263616.0,0.0013241041833499606
2024-05-13 23:00:00,186.25,186.14,26367.0,186.219,186.36349,-0.0005906040268457,67.29405660921176,3300968.8,0.001257329709328875
2024-05-14 08:00:00,186.5,187.0,34262.0,186.362,186.45551,0.0046201783603739,71.97856472563828,609929.4,0.0021956058575985913
2024-05-14 09:00:00,187.0,187.02,43833.0,186.514,186.55251,0.0001069518716578,71.04914017451645,32889.0,0.0021733577850538287
2024-05-14 10:00:00,187.0,187.04,39431.0,186.69,186.57501,0.000106940434178,70.29114520605307,34345.6,0.0020906163667824156
2024-05-14 11:00:00,187.01,186.5,54335.0,186.74,186.547,-0.0028870829769032,66.21694948697714,39645.6,0.0027241984575775363
2024-05-14 12:00:00,186.9,186.32,2863550.0,186.776,186.4975,-0.0009651474530831,53.59623907054719,607082.2,0.0027587532833148755
2024-05-14 13:00:00,186.34,187.01,8044705.0,186.778,186.57,0.0037033061399742,62.000600030001266,2209170.8,0.0023980859491886026
2024-05-14 14:00:00,187.02,186.99,6399244.0,186.772,186.643,-0.000106946152612,52.68833722502169,3480253.0,0.00239789865270738
2024-05-14 15:00:00,187.0,186.91,4431070.0,186.746,186.718,-0.0004278303652602,51.968241461862355,4358580.8,0.002402198005480751
2024-05-14 16:00:00,186.92,186.779,2801374.0,186.8018,186.7709,-0.0007008720774704,49.469964664310936,4907988.6,0.0019287415993009232
2024-05-14 17:00:00,186.78,186.94,5267541.0,186.9258,186.8509,0.0008619812719845,60.81929302940201,5388786.8,0.0017976294890613884
2024-05-14 18:00:00,186.935,187.53,4151616.0,187.0298,186.9039,0.0031560928640205,67.67817371937647,4610169.0,0.00156853860899885
2024-05-14 19:00:00,187.5208,187.39,8166832.0,187.1098,186.9409,-0.0007465472191116,66.93281938325961,4963686.6,0.0016596074667626093
2024-05-14 20:00:00,187.43,187.55,2133072.0,187.2378,186.9919,0.0008538342494264,67.55807671528893,4504087.0,0.001591861812507306
2024-05-14 21:00:00,187.55,187.55,15566.0,187.392,187.0969,0.0,69.62694877505581,3946925.4,0.0014651432186745714
2024-05-14 22:00:00,187.58,187.62,51069.0,187.528,187.2269,0.0003732338043188,61.06352605281941,2903631.0,0.0014783098014468047
2024-05-14 23:00:00,187.6,187.45,30901.0,187.512,187.2709,-0.0009060867711332,57.283197831977894,2079488.0,0.0007433776146922588
2024-05-15 08:00:00,187.43,187.34,9022.0,187.502,187.3059,-0.0005868231528406,54.93096646942814,447926.0,0.0007105555340219997
2024-05-15 09:00:00,187.34,187.3,7641.0,187.452,187.3449,-0.000213515533255,65.73564122738006,22839.8,0.0004986900361147017
2024-05-15 10:00:00,187.27,187.2,1294.0,187.382,187.387,-0.0005339028296851,67.87164906579974,19985.4,0.00048427545759527563
2024-05-15 11:00:00,187.24,187.3,28818.0,187.318,187.423,0.0005341880341881,57.74572649572675,15535.2,0.0005475330372436622
2024-05-15 12:00:00,187.29,187.75,1166943.0,187.378,187.445,0.0024025627335824,66.50738488270993,242743.6,0.0012469021504634085
2024-05-15 13:00:00,187.76,188.87,7339974.0,187.68400000000003,187.593,0.005965379494008,79.32375822860513,1708934.0,0.0026774144681050833
2024-05-15 14:00:00,188.8521,189.92,11382144.0,188.20800000000003,187.83,0.0055593794673584,86.85754517718789,3983834.6,0.0029171699709092426
2024-05-15 15:00:00,189.93,189.885,8322660.0,188.745,188.0635,-0.0001842881213142,85.6106408706162,5648107.8,0.0028202955456018207
2024-05-15 16:00:00,189.89,190.39,6229274.0,189.363,188.3405,0.0026595044368959,85.30864197530812,6888199.0,0.0025279950347341183
2024-05-15 17:00:00,190.395,190.38,5080507.0,189.889,188.6335,-5.252376700452181e-05,88.13775510204077,7670911.8,0.0029451594418977104
2024-05-15 18:00:00,190.385,189.975,5360314.0,190.11,188.897,-0.0021273242987708,79.111644657863,7274979.8,0.0029868997001708444
2024-05-15 19:00:00,189.975,189.75,12522473.0,190.076,189.142,-0.0011843663639952,75.0569476082004,7503045.6,0.0017944256417112103
2024-05-15 20:00:00,189.72,189.78,1257746.0,190.055,189.4,0.0001581027667984,74.82758620689654,6090062.8,0.0018006384662961256
2024-05-15 21:00:00,189.75,189.72,49523.0,189.921,189.642,-0.0003161555485298,76.76886792452854,4854112.6,0.0009453397082919058
2024-05-15 22:00:00,189.78,189.85,22001.0,189.815,189.852,0.0006852203246889,79.46009389671357,3842411.4,0.0011148986797524258
2024-05-15 23:00:00,189.92,189.96,17730.0,189.812,189.961,0.0005794047932579,80.71593533487285,2773894.6,0.0007634954036473189
2024-05-16 08:00:00,190.12,190.28,23678.0,189.918,189.997,0.001684565171615,83.84615384615411,274135.6,0.000743279510588966
2024-05-16 09:00:00,190.3,189.67,37663.0,189.896,189.9755,-0.0032058019760353,73.4189723320157,30119.0,0.001867786444200253
2024-05-16 10:00:00,189.69,189.95,42783.0,189.942,189.9315,0.0014762482205936,72.49488752556232,28771.0,0.00198758453207147
2024-05-16 11:00:00,189.99,190.09,24176.0,189.99,189.9025,0.0007370360621216,65.6010230179028,29206.0,0.0019905934310730524
2024-05-16 12:00:00,189.95,190.0,176652.0,189.998,189.905,-0.0004734599400284,51.35593220339003,60990.4,0.0020032514386040317
2024-05-16 13:00:00,190.02,190.4999,9109532.0,190.04198,189.97999,0.0026310526315789,59.003191894345406,1878161.2,0.002229059195595377
2024-05-16 14:00:00,190.5,190.335,7272613.0,190.17498,190.03549,-0.0008656172522924,49.10563288669217,3325151.2,0.0014283782162290114
2024-05-16 15:00:00,190.34,190.0186,5897726.0,190.1887,190.06535,-0.0016623322037461,44.65574352300959,4496139.8,0.001671494485739554
2024-05-16 16:00:00,190.01,190.329,4200092.0,190.2365,190.11325,0.0016335242970952,55.38550477697328,5331323.0,0.0018033667842496444
2024-05-16 17:00:00,190.32,190.19,3404027.0,190.2745,190.13625,-0.0007303143504143,56.87371117915373,5976798.0,0.0018326420131087125
2024-05-16 18:00:00,190.185,189.94,3587803.0,190.16252,190.10225,-0.0013144749986855,52.3387709758521,4872452.2,0.0012956128279706443
2024-05-16 19:00:00,189.94,189.91,8531003.0,190.07752,190.12625,-0.0001579446140886,52.801863976877165,5124130.2,0.0012963356273695814
2024-05-16 20:00:00,189.84,189.74,2893190.0,190.0218,190.10525,-0.0008951608656731,48.396781904040346,4523223.0,0.0011540134821006278
2024-05-16 21:00:00,189.74,189.78,14345.0,189.912,190.07425,0.0002108147991988,47.321906802356644,3686073.6,0.000605156944347208
2024-05-16 22:00:00,189.78,189.9378,27700.0,189.86156,190.06803,0.0008314890926336,44.65045022511277,3010808.2,0.0008571244634304493
2024-05-16 23:00:00,189.9,190.0,16809.0,189.87356,190.01804,0.0003274756262312,56.225005659096226,2296609.4,0.0006421176418206012
2024-05-17 08:00:00,189.78,189.58,11746.0,189.80756,189.94254,-0.0022105263157894,43.370601304379434,592758.0,0.0012173867258973568
2024-05-17 09:00:00,189.65,189.75,2130.0,189.80956,189.91568,0.0008967190631922,43.97291356448973,14546.0,0.001277983017169354
2024-05-17 10:00:00,189.75,189.72,2816.0,189.79756000000003,189.85478,-0.0001581027667984,44.92863870173145,12240.2,0.001274220899282837
2024-05-17 11:00:00,189.74,189.82,22738.0,189.774,189.81778,0.000527092557453,35.59961028508472,11247.8,0.001227229890590115
2024-05-17 12:00:00,189.78,189.9573,69651.0,189.76546,189.81951,0.0007233168264672,41.905619133341816,21816.2,0.0012754145840889414
2024-05-17 13:00:00,189.94,190.4,7484090.0,189.92946,189.86851,0.002330523754549,57.753923721233136,1516285.0,0.0009123807956666063
2024-05-17 14:00:00,190.4,189.965,4670270.0,189.97246,189.89101,-0.0022846638655462,42.95665634674907,2449913.0,0.001674660833598658
2024-05-17 15:00:00,189.98,189.58,3308968.0,189.94446,189.87101,-0.0020266891269443,39.22261484098949,3111143.4,0.0019655031117544325
2024-05-17 16:00:00,189.5787,189.9489,3050027.0,189.97024,189.87212,0.0019458803671273,50.15090372681358,3716601.2,0.0021779213893337772
2024-05-17 17:00:00,189.95,189.81,2830044.0,189.94078,189.85312,-0.0007312492991536,48.36483746484408,4268679.8,0.002177284017983983
2024-05-17 18:00:00,189.8187,189.9738,2888843.0,189.85554,189.8925,0.0008629682313893,53.830777297155656,3349630.4,0.0018299669937299535
2024-05-17 19:00:00,189.9781,189.93,7755566.0,189.84854,189.9105,-0.0002305581085392,52.4546704195851,3966689.6,0.0015182276913861205
2024-05-17 20:00:00,189.87,190.04,2016660.0,189.94054,189.9425,0.0005791607434317,51.69902912621331,3708228.0,0.001034067593542374
2024-05-17 21:00:00,190.03,190.0,26216.0,189.95076,189.9605,-0.0002104820037886,50.0,3103465.8,0.0006514913487479752
2024-05-17 22:00:00,190.0,190.0,3906.0,189.98876,189.96477,0.0,58.18585795587415,2538238.2,0.0004942583505435862
2024-05-17 23:00:00,189.99,189.92,14651.0,189.978,189.91677,-0.000421052631579,53.43378847862946,1963399.8,0.000385409553995393
2024-05-20 08:00:00,189.84,189.9,13985.0,189.972,189.91027,-0.0001053074978937,53.65052324166479,415083.6,0.000375210655559653
2024-05-20 09:00:00,189.79,188.66,51857.0,189.696,189.81827,-0.0065297525013165,33.91301935984917,22123.0,0.002842079602746179
2024-05-20 10:00:00,188.66,188.72,26007.0,189.44,189.69538,0.0003180324393088,32.46506618293124,22081.2,0.002908901958437591
2024-05-20 11:00:00,188.75,189.02,53756.0,189.244,189.61638,0.001589656634167,29.618361198085992,32051.2,0.0031683174769119794
2024-05-20 12:00:00,188.98,189.26,177649.0,189.112,189.545,0.0012697069093216,38.95122868605792,64650.8,0.003335340229649132
2024-05-20 13:00:00,189.3,190.9,5735064.0,189.312,189.642,0.0086653281200465,64.8468079362936,1208866.6,0.005392595715223132
2024-05-20 14:00:00,190.91,191.48,9759170.0,189.876,189.786,0.0030382399161864,66.44045957264021,3150329.2,0.003326804159844069
2024-05-20 15:00:00,191.4798,191.275,3660531.0,190.387,189.9135,-0.0010706078963859,65.51052386397336,3877234.0,0.0036467663298849254
2024-05-20 16:00:00,191.27,191.615,3333594.0,190.906,190.075,0.0017775454188995,66.75104107128286,4533201.6,0.003633427968245397
2024-05-20 17:00:00,191.615,191.51,2895138.0,191.356,190.234,-0.0005479738016335,65.9274193548386,5076699.4,0.0038981093349854698
2024-05-20 18:00:00,191.51,191.1794,2677748.0,191.41188,190.36194,-0.0017262806119785,60.99679573794537,4465236.2,0.0020238804251847364
2024-05-20 19:00:00,191.185,191.08,6476885.0,191.33188,190.60394,-0.0005199304946033,60.30534351145054,3808779.2,0.0013214761076176312
2024-05-20 20:00:00,191.04,191.2,3805644.0,191.31688,190.85194,0.0006280092108016,61.194029850746254,3837801.8,0.0013298970208453075
2024-05-20 21:00:00,191.2,191.17,19920.0,191.22788,191.06694,-0.0001569037656903,61.770244821092405,3175067.0,0.0008500474221986952
2024-05-20 22:00:00,191.17,191.12,27536.0,191.14988,191.25294,-0.0002615473139089,61.42322097378288,2601546.6,0.0008526726745999367
2024-05-20 23:00:00,191.25,191.19,12656.0,191.152,191.28194,0.0003662620343239,80.33573141486862,2068528.2,0.00047203607486426003
2024-05-21 08:00:00,191.18,190.81,13589.0,191.098,191.21494,-0.0019875516501908,73.27394209354163,775869.0,0.001021436934048713
2024-05-21 09:00:00,190.8,190.77,4672.0,191.012,191.16444,-0.0002096326188354,70.68557919621796,15674.6,0.0008957601524018225
2024-05-21 10:00:00,190.8,191.22,17577.0,191.022,191.12494,0.0023588614562037,72.0720720720726,15206.0,0.001561001017947424
2024-05-21 11:00:00,191.21,191.52,26197.0,191.102,191.12594,0.001568873548792,60.00000000000036,14938.2,0.0016788926482782388
2024-05-21 12:00:00,191.29,191.39,77709.0,191.142,191.147,-0.0006787802840435,48.301886792452734,27948.8,0.0017506711167445286
2024-05-21 13:00:00,191.33,192.2,5719096.0,191.42,191.259,0.0042321960395005,64.20890937019956,1169050.2,0.0019916556046752094
2024-05-21 14:00:00,192.2,192.2899,6065476.0,191.72398,191.36799,0.0004677419354838,61.229991014675825,2381211.0,0.0018694665731391411
2024-05-21 15:00:00,192.2899,192.105,4949136.0,191.90098,191.46149,-0.0009615689643605,59.64406120331965,3367522.8,0.0021031200029592895
2024-05-21 16:00:00,192.11,192.1299,3041166.0,192.02296,191.56248,0.0001296166159131,67.10085999064489,3970516.6,0.0020915435511843104
2024-05-21 17:00:00,192.1271,192.4988,3817287.0,192.24472,191.69336,0.0019200551293681,73.26969756609579,4718432.2,0.002003622326982028
2024-05-21 18:00:00,192.5,192.605,3175373.0,192.32572,191.87286,0.0005516917508057,73.14814814814824,4209687.6,0.001032331263953842
2024-05-21 19:00:00,192.6,192.36,7384248.0,192.33974,192.03186,-0.0012720334363073,68.30881900424701,4473442.0,0.0012770483787315162
2024-05-21 20:00:00,192.35,192.35,1210884.0,192.38874,192.14486,-5.198585984622232e-05,69.16007227864648,3725791.6,0.0011513281359505946
2024-05-21 21:00:00,192.36,192.4,11424.0,192.44276,192.23286,0.0002599428125812,68.96670637657535,3119843.2,0.0011492399833308098
2024-05-21 22:00:00,192.4,192.59,13101.0,192.461,192.35286,0.0009875259875259,79.6686445763049,2359006.0,0.000854804272928874
2024-05-21 23:00:00,192.62,192.48,28160.0,192.436,192.38086,-0.0005711615348668,77.85197732751247,1729563.4,0.0008523304462576535
2024-05-22 08:00:00,192.42,192.01,21533.0,192.366,192.35287,-0.0024418121363258,62.78399896433391,257020.4,0.0012916557076180068
2024-05-22 09:00:00,192.04,191.81,9610.0,192.258,192.32337,-0.0010416124160199,54.84982273061725,16765.6,0.0013077102873307706
2024-05-22 10:00:00,191.9,191.77,4131.0,192.132,192.28738,-0.0002085397007454,56.552176012139185,15307.0,0.001249641349101056
2024-05-22 11:00:00,191.83,192.17,48572.0,192.048,192.2545,0.0020858319862333,49.39754197124264,22401.2,0.0016446649092596139
2024-05-22 12:00:00,191.87,192.1,66363.0,191.972,192.204,-0.0003642608107404,46.15571480626752,30041.8,0.001642999009288037
2024-05-22 13:00:00,192.08,192.47,3715119.0,192.064,192.215,0.0019260801665799,56.87382297551813,768759.0,0.0014293364322343544
2024-05-22 14:00:00,192.44,192.08,4127990.0,192.118,192.188,-0.0020262898113991,49.173868414953475,1592435.0,0.0017279534081586477
2024-05-22 15:00:00,192.0801,191.829,3989808.0,192.1298,192.1309,-0.0013067471886714,38.46047825787352,2389570.4,0.001869947058018465
2024-05-22 16:00:00,191.83,191.3,2520530.0,191.9558,192.0019,-0.0027576643781701,30.375939849624146,2883962.0,0.0018137301142448898
2024-05-22 17:00:00,191.3085,190.855,3213385.0,191.7068,191.8394,-0.0023261892315735,28.65248226950324,3513366.4,0.0018783615562963597
2024-05-22 18:00:00,190.85,190.81,3330027.0,191.3748,191.7194,-0.0002357810903564,28.370786516853883,3436348.0,0.0009888320118931818
2024-05-22 19:00:00,190.815,190.98,5941960.0,191.1548,191.6364,0.0008909386300507,30.706521739129954,3799142.0,0.0014994798989233758
2024-05-22 20:00:00,190.9,190.5,1071613.0,190.889,191.5094,-0.0025133521834746,23.677581863979427,3215503.0,0.0016235582786065198
2024-05-22 21:00:00,190.52,190.69,107526.0,190.767,191.3614,0.0009973753280839,27.90123456790093,2732902.2,0.0016985885871324028
2024-05-22 22:00:00,190.69,190.61,46982.0,190.718,191.2124,-0.0004195290786091,30.874316939890562,2099621.6,0.0014150271511502916
2024-05-22 23:00:00,190.61,190.46,30835.0,190.648,191.0114,-0.0007869471696133,31.301939058171442,1439783.2,0.0014343874849521306
2024-05-23 08:00:00,190.65,190.78,17940.0,190.608,190.8814,0.0016801428121389,37.275064267351844,254979.2,0.0016365042743028272
2024-05-23 09:00:00,190.77,190.83,10092.0,190.674,190.7815,0.0002620819792431,31.07344632768377,42675.0,0.0010100583155245202
2024-05-23 10:00:00,190.83,190.85,7047.0,190.706,190.7365,0.0001048053241103,32.09169054441236,22579.2,0.0009429389327775498
2024-05-23 11:00:00,190.85,191.25,31308.0,190.834,190.776,0.0020958868221116,32.670454545454334,19444.4,0.0011897554151081029
2024-05-23 12:00:00,190.85,191.32,174953.0,191.006,190.827,0.0003660130718953,38.124999999999545,48268.0,0.0009169471308059354
2024-05-23 13:00:00,191.34,189.42,6438266.0,190.734,190.671,-0.0099310056449927,25.159826768405452,1332333.2,0.004825529763792839
2024-05-23 14:00:00,189.42,188.725,7652417.0,190.313,190.4935,-0.0036690951325097,24.327018943170103,2860798.2,0.004803063085005507
2024-05-23 15:00:00,188.73,189.685,3737963.0,190.08,190.393,0.0050867664591337,39.42133815551538,3606981.4,0.005813025473956703
2024-05-23 16:00:00,189.685,188.79,3134543.0,189.588,190.211,-0.0047183488415004,34.16927899686503,4227628.4,0.005640346027027482
2024-05-23 17:00:00,188.78,187.595,4585046.0,188.843,189.9245,-0.0063297844165474,27.14382174206615,5109647.0,0.005562398516455487
2024-05-23 18:00:00,187.59,187.27,4366927.0,188.413,189.5735,-0.0017324555558516,27.724137931034477,4695379.2,0.004439725840063269
2024-05-23 19:00:00,187.27,186.91,8567439.0,188.05,189.1815,-0.0019223580925936,24.528301886792406,4878383.6,0.0043705507996631985
2024-05-23 20:00:00,186.88,186.97,1811549.0,187.507,188.7935,0.0003210101118185,25.405405405405318,4493100.8,0.002634429527331356
2024-05-23 21:00:00,187.0,187.01,132685.0,187.151,188.3695,0.0002139380649301,26.337448559670648,3892729.2,0.0026950266248482397
2024-05-23 22:00:00,187.08,187.2999,43147.0,187.09198,187.96749,0.0015501844821133,26.032039008801874,2984349.4,0.0014795245962342324
2024-05-23 23:00:00,187.17,187.28,26230.0,187.09398,187.75349,-0.0001062467198327,25.448836758969776,2116210.0,0.0012507996280629562
2024-05-24 08:00:00,187.9,188.4,51566.0,187.39198,187.72099,0.0059803502776591,35.29376455617195,413035.4,0.002532680324007694
2024-05-24 09:00:00,188.36,188.07,9946.0,187.61198,187.55949,-0.0017515923566879,30.75013922855281,52714.8,0.002930968425288063
2024-05-24 10:00:00,188.18,188.35,9997.0,187.87998,187.51549,0.001488807358962,32.467118467968646,28177.2,0.0028812387834460645
2024-05-24 11:00:00,188.35,188.01,49683.0,188.022,187.55699,-0.0018051499867268,39.797099771339354,29484.4,0.0032179839798338766
2024-05-24 12:00:00,188.25,188.2,175057.0,188.206,187.64999,0.0010105845433753,45.901511366475134,59249.8,0.0031812684064416266
2024-05-24 13:00:00,188.23,188.75,5527843.0,188.276,187.83399,0.0029224229543039,42.20157469807172,1154505.2,0.002086224314276734
2024-05-24 14:00:00,188.75,189.7401,5492577.0,188.61002,188.111,0.0052455629139073,57.80062069984738,2251031.4,0.002590611168002651
2024-05-24 15:00:00,189.75,190.175,4394291.0,188.97502,188.4275,0.0022920826962776,74.20353484183255,3127890.2,0.002593529774801193
2024-05-24 16:00:00,190.175,190.355,3197279.0,189.44402,188.73301,0.0009464966478242,79.7504243172345,3757409.4,0.0017599818682865003
2024-05-24 17:00:00,190.36,190.075,2662975.0,189.81902,189.01251,-0.0014709358829555,81.00023507287227,4254993.0,0.002481244220960836
2024-05-24 18:00:00,190.075,190.21,2751049.0,190.11102,189.19351,0.0007102459555439,81.27533881617025,3699634.2,0.002469979138738105
2024-05-24 19:00:00,190.2,190.0,5125687.0,190.163,189.38651,-0.0011040428999527,77.94496990541673,3626256.2,0.0015539482419529042
2024-05-24 20:00:00,189.98,190.0,882722.0,190.128,189.55151,0.0,76.68135733907748,2923942.4,0.0010740387309270988
2024-05-24 21:00:00,189.99,189.99,14537.0,190.055,189.74951,-5.263157894732055e-05,76.8316831683167,2287394.0,0.0008880491602173765
2024-05-24 22:00:00,190.0,190.09,18345.0,190.058,189.93851,0.0005263434917626,70.96774193548369,1758468.0,0.000707440866131046
2024-05-24 23:00:00,190.1,189.95,11219.0,190.006,190.05851,-0.0007364932400442,74.4791666666664,1210502.0,0.0006456583613619262
2024-05-28 08:00:00,190.8,194.29,279473.0,190.864,190.5135,0.0228481179257699,87.59493670886059,241259.2,0.010257183296878598
2024-05-28 09:00:00,194.2,194.5,115785.0,191.764,190.946,0.001080858510474,91.76319176319161,87871.8,0.010149005117855289
2024-05-28 10:00:00,194.6,193.7,114057.0,192.506,191.2805,-0.0041131105398458,82.8162291169449,107775.8,0.010771084727296378
2024-05-28 11:00:00,193.69,193.5,233033.0,193.188,191.623,-0.0010325245224573,79.57658779576576,150713.4,0.010915507430383869
2024-05-28 12:00:00,193.56,192.98,444818.0,193.794,191.9,-0.002687338501292,71.42819349462272,237433.2,0.011142195245970148
2024-05-28 13:00:00,192.96,191.05,9755175.0,193.146,192.005,-0.0100010363768265,54.83158475980122,2132573.6,0.004191089971186224
2024-05-28 14:00:00,191.05,191.645,7172457.0,192.575,192.1695,0.0031143679665009,56.81098204857454,3543908.0,0.004785185939341419
2024-05-28 15:00:00,191.66,191.475,4452949.0,192.13,192.318,-0.000887056797725,57.47863247863248,4411686.4,0.004805576636193896
2024-05-28 16:00:00,191.47,191.3057,3753526.0,191.69114,192.43957,-0.0008841885363624,55.831727749805694,5115785.0,0.004815794692685428
2024-05-28 17:00:00,191.305,190.3222,3774379.0,191.15958,192.47679,-0.0051409863898461,51.58441354078566,5781697.2,0.004990903917356273
2024-05-28 18:00:00,190.33,189.72,5327174.0,190.89358,192.01979,-0.0031641080231313,48.70009285051067,4896097.0,0.00308283381764827
2024-05-28 19:00:00,189.72,190.1,7402777.0,190.58458,191.57979,0.0020029517183217,50.49371633752238,4942161.0,0.002691926656980427
2024-05-28 20:00:00,189.99,190.03,2240923.0,190.29558000000003,191.21279,-0.0003682272488163,49.729972997299726,4499755.8,0.0027366149773995823
2024-05-28 21:00:00,190.0399,190.02,36353.0,190.03844,190.86479,-5.262327000995056e-05,50.31876138433526,3756321.2,0.0028085480765942666
2024-05-28 22:00:00,190.03,190.02,29921.0,189.978,190.56879,0.0,17.846385542168747,3007429.6,0.0018480534736095545
2024-05-28 23:00:00,190.0,190.15,58338.0,190.064,190.47879,0.0006841385117355,16.844512195121865,1953662.4,0.0009475037095878837
2024-05-29 08:00:00,189.88,189.39,40366.0,189.92200000000005,190.25329,-0.0039968445963713,16.947852760736083,481180.2,0.0018569655195941875
2024-05-29 09:00:00,189.4,189.45,10243.0,189.806,190.05079,0.000316806589577,18.260188087774182,35044.2,0.001916197383145716
2024-05-29 10:00:00,189.54,189.71,15214.0,189.744,189.89122,0.0013723937714437,23.284313725490364,30816.4,0.0021153893934069893
2024-05-29 11:00:00,189.82,189.99,66136.0,189.738,189.858,0.0014759369564071,38.143176733780805,38059.4,0.0022693984831312986
2024-05-29 12:00:00,189.8,190.3,312861.0,189.768,189.916,0.0016316648244644,33.93070489844696,88964.0,0.0023807210772365385
2024-05-29 13:00:00,190.27,191.785,8561584.0,190.247,190.0845,0.0078034682080924,52.818181818181834,1793207.6,0.002998554008765996
2024-05-29 14:00:00,191.8,192.1796,7912745.0,190.79292,190.29946,0.0020575123184816,57.63191448483041,3373708.0,0.0027712334211924643
2024-05-29 15:00:00,192.17,191.4465,4950577.0,191.14022,190.44211,-0.0038146608693118,60.26776744780702,4360780.6,0.004115852737369478
2024-05-29 16:00:00,191.45,191.8938,4264452.0,191.52098,190.62949,0.0023364229693413,70.43045112781947,5200443.8,0.004115295907803245
2024-05-29 17:00:00,191.895,191.78,3456161.0,191.81698,190.79249,-0.000593036356568,66.6211563575923,5829103.8,0.004282340779890722
2024-05-29 18:00:00,191.775,191.22,4724297.0,191.70398,190.97549,-0.0029200125143393,60.73271041523856,5061646.4,0.0028018130503670844
2024-05-29 19:00:00,191.2114,190.37,9179915.0,191.34206,191.06749,-0.0044451417215772,52.74131395093825,5315080.4,0.0027766312066015916
2024-05-29 20:00:00,190.37,189.8,943191.0,191.01276,191.07649,-0.0029941692493564,48.418131093790464,4513603.2,0.002655866067608254
2024-05-29 21:00:00,190.29,190.5,223619.0,190.734,191.12749,0.0036880927291885,52.32595231133199,3705436.6,0.0031878916333960513
2024-05-29 22:00:00,190.36,190.01,43516.0,190.38,191.09849,-0.0025721784776903,54.27362210151924,3022907.6,0.0031772950268339224
2024-05-29 23:00:00,189.99,190.25,22109.0,190.186,190.94499,0.0012630914162412,55.38082810944611,2082470.0,0.0033695892365523416
2024-05-30 08:00:00,190.01,190.5,25724.0,190.212,190.77703,0.0013140604467805,55.320725235054766,251631.8,0.0028463855594386806
2024-05-30 09:00:00,190.5,190.6,7219.0,190.372,190.69238,0.000524934383202,54.210497252823004,64437.4,0.002250418591655285
2024-05-30 10:00:00,190.66,190.76,8985.0,190.424,190.579,0.0008394543546694,53.242267895908974,21510.6,0.0016235351936449759
2024-05-30 11:00:00,190.7,190.2,33316.0,190.462,190.421,-0.0029356259173831,37.153092984048705,19470.6,0.0017831097246472094
2024-05-30 12:00:00,190.51,190.46,171438.0,190.504,190.345,0.00136698212408,35.75121805707485,49336.4,0.0017991109353695152
2024-05-30 13:00:00,190.5,190.89,6848636.0,190.582,190.397,0.0022576919038117,45.14491109909092,1413918.8,0.00198246258029534
2024-05-30 14:00:00,190.89,191.25,7092227.0,190.712,190.542,0.0018859028760019,44.296396045217776,2830920.4,0.00209245029160856
2024-05-30 15:00:00,191.25,191.47,3979805.0,190.854,190.639,0.0011503267973856,47.30434782608694,3625084.4,0.0021028584636131947
2024-05-30 16:00:00,191.46,191.748,2908613.0,191.1636,190.8128,0.0014519245834856,54.82809070958296,4200143.8,0.0004444611060315204
2024-05-30 17:00:00,191.7483,191.94,4000831.0,191.4596,190.9818,0.0010013142249202,66.32016632016624,4966022.4,0.0005205935305328895
2024-05-30 18:00:00,191.925,191.74,3961179.0,191.6296,191.1058,-0.001041992289257,71.84684684684683,4388531.0,0.0011314079288531386
2024-05-30 19:00:00,191.74,191.29,8515607.0,191.6376,191.1748,-0.0023469281318452,59.427207637231355,4673207.0,0.0016597117211879413
2024-05-30 20:00:00,191.29,191.29,1914332.0,191.6016,191.2278,0.0,67.29729729729723,4260112.4,0.0015434891272702227
2024-05-30 21:00:00,191.2903,191.38,87275.0,191.528,191.3458,0.0004704898321919,65.91549295774637,3695844.8,0.0013306712042728294
2024-05-30 22:00:00,191.39,191.52,41153.0,191.444,191.4518,0.0007315288953914,64.82558139534888,2903909.2,0.0012642989154548448
2024-05-30 23:00:00,191.54,191.41,36090.0,191.378,191.5038,-0.0005743525480368,61.73913043478249,2118891.4,0.0012250791178884414
2024-05-31 08:00:00,191.0,191.15,24678.0,191.35,191.4938,-0.0013583407345488,55.49295774647902,420705.6,0.0008403404885063378
2024-05-31 09:00:00,191.03,190.98,15473.0,191.288,191.4448,-0.0008893539105415,62.34177215189854,40933.8,0.0008940801893452938
2024-05-31 10:00:00,190.99,190.68,24582.0,191.148,191.338,-0.0015708451146716,53.437499999999964,28395.2,0.0009065722903196986
2024-05-31 11:00:00,190.6,191.2,64659.0,191.084,191.264,0.0027270820222361,54.71124620060791,33096.4,0.0017546699638079039
2024-05-31 12:00:00,190.84,191.65,315318.0,191.132,191.255,0.0023535564853557,55.917159763313656,88942.0,0.0021072031309015095
2024-05-31 13:00:00,191.78,191.71,6053516.0,191.244,191.297,0.0003130707018001,53.72670807453427,1294709.6,0.0019112578385996313
2024-05-31 14:00:00,191.71,191.2001,7404282.0,191.28802,191.28801,-0.0026597464920975,42.0637909557057,2772471.4,0.002363548974270133
2024-05-31 15:00:00,191.205,190.335,5608228.0,191.21902,191.18351,-0.0045245792235463,30.545454545454803,3889200.6,0.0031614484341819754
2024-05-31 16:00:00,190.33,190.04,3619836.0,190.98702,191.03551,-0.0015498988625319,29.857819905213333,4600236.0,0.0026562355322255903
2024-05-31 17:00:00,190.04,190.7701,2972908.0,190.81104,190.97152,0.0038418227741529,44.22346170085141,5131754.0,0.0031863700295169943
2024-05-31 18:00:00,190.78,190.76,3215300.0,190.62104,190.93252,-5.294330715359821e-05,44.12442907188161,4564110.8,0.0031551296567848388
2024-05-31 19:00:00,190.763,192.47,14170838.0,190.87502,191.08152,0.0089641434262948,58.89041140582679,5917422.0,0.005221869494605867
2024-05-31 20:00:00,192.29,192.34,6472320.0,191.27602,191.24752,-0.000675429937133,56.699127479494,6090240.4,0.0043534525404327375
2024-05-31 21:00:00,192.35,192.46,100315.0,191.76002,191.37352,0.0006238951856088,58.56415777625528,5386336.2,0.003990556452064422
2024-05-31 22:00:00,192.4435,192.47,31805.0,192.1,191.45552,5.195884859186794e-05,61.22410802353644,4798115.6,0.004041145000223305
2024-05-31 23:00:00,192.4509,192.48,15350.0,192.444,191.53252,5.195614901018811e-05,63.11142967029117,4158125.6,0.004029490585243364
2024-06-03 08:00:00,192.45,193.1,80613.0,192.57,191.72251,0.0032211138819617,70.03244925664684,1340080.6,0.0015069233428803837
2024-06-03 09:00:00,193.0,192.98,41578.0,192.698,191.98701,-0.0006214396685655,65.77958228431595,53932.2,0.001495156830092723
2024-06-03 10:00:00,193.0,192.8,22266.0,192.766,192.26301,-0.0009327391439526,60.707236229563115,38322.4,0.0016590645997269693
2024-06-03 11:00:00,192.85,192.95,65032.0,192.862,192.481,0.000778008298755,61.354895425075796,44967.8,0.0016577740442711964
2024-06-03 12:00:00,192.8014,192.82,234458.0,192.93,192.687,-0.0006737496760818,65.94295612463833,88789.4,0.001736632829129844
2024-06-03 13:00:00,192.8,194.11,9048858.0,193.132,192.851,0.0066901773674931,84.28576618469796,1882438.4,0.0032241990967609613
2024-06-03 14:00:00,194.13,193.95,8849541.0,193.326,193.012,-0.0008242748956778,86.40460318051439,3644031.0,0.003251615605365476
2024-06-03 15:00:00,193.94,193.93,4963119.0,193.552,193.159,-0.0001031193606598,83.90377888886498,4632201.6,0.003147353480003369
2024-06-03 16:00:00,193.9202,193.255,4366901.0,193.613,193.2375,-0.0034806373433713,73.42723004694845,5492575.4,0.003791435191956776
2024-06-03 17:00:00,193.255,193.61,4045228.0,193.771,193.3505,0.0018369511784948,64.35768261964755,6254729.4,0.003792900273286199
2024-06-03 18:00:00,193.61,193.0499,3694936.0,193.55898,193.34549,-0.0028929290842415,58.06686211677011,5183945.0,0.002155066551509415
2024-06-03 19:00:00,193.04,194.09,7037846.0,193.58698,193.45649,0.0053877261785683,65.3189729709409,4821606.0,0.0036326503181241428
2024-06-03 20:00:00,194.03,194.1,1044744.0,193.62098,193.58649,5.1522489566649006e-05,65.3189729709409,4037931.0,0.0036306185133882173
2024-06-03 21:00:00,194.1,194.1,41780.0,193.78998,193.70149,0.0,65.25366276223119,3172906.8,0.003038546681618614
2024-06-03 22:00:00,194.1,194.03,30998.0,193.87398,193.82249,-0.0003606388459556,59.768497121969745,2370060.8,0.0030238182380966515
2024-06-03 23:00:00,194.03,194.08,20771.0,194.08,193.81949,0.0002576921094676,61.72657882393098,1635227.8,0.0024254633516873616
2024-06-04 08:00:00,194.03,193.31,19151.0,193.924,193.75549,-0.0039674361088211,54.829362524146696,231488.8,0.0017825137961043553
2024-06-04 09:00:00,193.25,193.2,18089.0,193.744,193.68249,-0.000569034193782,52.385405137208465,26157.8,0.001728870780252339
2024-06-04 10:00:00,193.21,193.3,6980.0,193.584,193.68699,0.0005175983436854,54.60634908448821,19197.8,0.0018118253893235523
2024-06-04 11:00:00,193.46,193.68,34349.0,193.514,193.69399,0.0019658561821003,45.000232547323385,19868.0,0.002214645320052935
2024-06-04 12:00:00,193.41,193.88,111484.0,193.474,193.777,0.0010326311441552,49.193585549053125,38010.6,0.002294282997230372
2024-06-04 13:00:00,193.99,193.18,6447800.0,193.448,193.686,-0.0036104807097172,42.53017808055463,1323740.4,0.0021488467170386245
2024-06-04 14:00:00,193.18,194.1801,7110733.0,193.64402,193.69401,0.0051770369603478,58.65339644173394,2742269.2,0.003157113338140656
2024-06-04 15:00:00,194.19,193.8499,3733493.0,193.754,193.669,-0.0017004832112045,52.25448736021028,3487571.8,0.0033918542932475895
2024-06-04 16:00:00,193.845,194.525,3654976.0,193.923,193.7185,0.0034825914276974,63.569128874988365,4211697.2,0.00360848117914943
2024-06-04 17:00:00,194.525,194.57,2985547.0,194.061,193.7675,0.0002313327335817,55.40491847581282,4786509.8,0.00361758233113361
2024-06-04 18:00:00,194.57,194.67,5422046.0,194.359,193.9035,0.0005139538469445,56.290835246335725,4581359.0,0.002750809314651601
2024-06-04 19:00:00,194.66,194.365,7231983.0,194.39598,194.02,-0.0015667539939383,52.74020763535606,4605609.0,0.002098088506312738
2024-06-04 20:00:00,194.35,194.4,2061486.0,194.506,194.13,0.0001800735729169,53.85384551287396,4271207.6,0.0018247445208826615
2024-06-04 21:00:00,194.4,194.3994,143605.0,194.48088,194.20194,-3.086419753042676e-06,53.36139760050517,3568933.4,0.0008248858291326523
2024-06-04 22:00:00,194.4,194.5,614289.0,194.46688,194.26394,0.0005174913091294,64.57761662093301,3094681.8,0.0008650752887810015
2024-06-04 23:00:00,194.51,194.64,23561.0,194.46088,194.40994,0.0007197943444729,67.51143107306176,2014984.8,0.0009039365500466965
2024-06-05 08:00:00,194.99,194.81,21011.0,194.54988,194.47293,0.0008734073160707,68.05528984120923,572790.4,0.00036554118847580364
2024-06-05 09:00:00,194.85,194.79,25516.0,194.62788,194.56694,-0.0001026641342847,64.52271299979063,165596.4,0.0004345492278144345
2024-06-05 10:00:00,194.67,194.61,25785.0,194.67,194.57544,-0.0009240720776219,59.601220538720895,142032.4,0.0007379360019153471
2024-06-05 11:00:00,194.82,194.83,45731.0,194.736,194.60144,0.0011304660603257,74.83742774566511,28320.8,0.0008437167136448229
2024-06-05 12:00:00,194.79,195.12,141336.0,194.832,194.64644,0.0014884771339115,67.99540493969008,51875.8,0.0009880481247012463
2024-06-05 13:00:00,195.11,195.78,7548681.0,195.026,194.78794,0.0033825338253382,82.8103219664784,1557409.8,0.0016469587638806406
2024-06-05 14:00:00,195.75,195.27,6666900.0,195.122,194.87494,-0.0026049647563591,63.41762120884717,2885686.6,0.0023104226487553215
2024-06-05 15:00:00,195.27,196.02,7579242.0,195.404,195.037,0.0038408357658626,70.82615190164385,4396378.0,0.002549366207250396
2024-06-05 16:00:00,196.01,196.035,4216039.0,195.64500000000004,195.1905,7.652280379546146e-05,70.09598963547562,5230439.6,0.002624591246422975
2024-06-05 17:00:00,196.04,196.67,5054941.0,195.955,195.3935,0.0032392174866732,80.92963340668814,6213160.6,0.0027788329264877886
2024-06-05 18:00:00,196.665,195.83,4348089.0,195.965,195.4955,-0.0042711140489142,65.77948446327726,5573042.2,0.003544817551896464
2024-06-05 19:00:00,195.83,195.9,8892170.0,196.091,195.6065,0.0003574528928151,66.30874233795618,6018096.2,0.003221695726833249
2024-06-05 20:00:00,195.87,195.45,1334960.0,195.977,195.6905,-0.0022970903522206,59.59595959595962,4769239.8,0.0028490779013064464
2024-06-05 21:00:00,195.5,195.4365,801654.0,195.8573,195.75115,-6.907137375284424e-05,58.25645278324888,4086362.8,0.0028414369789867204
2024-06-05 22:00:00,195.42,195.59,44067.0,195.6413,195.79815,0.0007854213516922,58.11316829623478,3084188.0,0.0021348758625874733
2024-06-05 23:00:00,195.59,195.53,38492.0,195.5813,195.77315,-0.0003067641494964,57.63358778625976,2222268.6,0.0011886911768774686
2024-06-06 08:00:00,195.65,195.91,45106.0,195.5833,195.83715,0.0019434357899043,62.87893798296016,452855.8,0.0015627462119791357
2024-06-06 09:00:00,196.0,195.82,20482.0,195.6573,195.81715,-0.0004593946199785,60.067114093959646,189960.2,0.000998321496605261
2024-06-06 10:00:00,195.79,195.92,16215.0,195.754,195.80565,0.0005106730671024,58.46202665538388,32872.4,0.0009664691867365394
2024-06-06 11:00:00,195.9,195.67,43013.0,195.77,195.70565,-0.0012760310330747,48.725967106786946,32661.6,0.0012183182103938685
2024-06-06 12:00:00,195.9,195.869,146034.0,195.8378,195.70955,0.0010170184494302,57.47628557164246,54170.0,0.0012558684988631984
2024-06-06 13:00:00,195.86,196.1101,5640575.0,195.87782,195.73056,0.0012309247507261,51.28821023133424,1173263.8,0.0010535895853615049
2024-06-06 14:00:00,196.13,195.745,6283791.0,195.86282,195.76006,-0.0018617093153283,46.231025161156225,2425925.6,0.0014031891362413368
2024-06-06 15:00:00,195.74,195.53,3525750.0,195.78482,195.76941,-0.0010983677744003,33.368347338935635,3127832.6,0.0014194691663164125
2024-06-06 16:00:00,195.535,195.97,2926260.0,195.84482,195.80741,0.0022502940725208,52.31236786469322,3704482.0,0.0017184667347807288
2024-06-06 17:00:00,195.96,195.475,3206094.0,195.76602,195.80191,-0.002525896820942,43.84450495336292,4316494.0,0.0020510801212609083
2024-06-06 18:00:00,195.475,195.235,4103375.0,195.591,195.73441,-0.0012277784882976,46.68435013262635,4009054.0,0.0018465711112374333
2024-06-06 19:00:00,195.235,194.48,7713578.0,195.338,195.60041,-0.0038671344789613,37.99482892788104,4295011.4,0.00227723891498879
2024-06-06 20:00:00,194.48,194.45,874495.0,195.122,195.45341,-0.0001542575071986,35.23392570333121,3764760.4,0.002335878785556027
2024-06-06 21:00:00,194.45,194.4,48827.0,194.808,195.32641,-0.0002571355104139,35.325437639603095,3189273.8,0.0015834283620707742
2024-06-06 22:00:00,194.46,194.6408,28720.0,194.64116,195.20359,0.001238683127572,32.899488008623166,2553799.0,0.0019002564342768093
2024-06-06 23:00:00,194.63,194.59,18094.0,194.51216,195.05158,-0.000260993584079,33.25072171686921,1736742.8,0.0019018405841825204
2024-06-07 08:00:00,195.02,194.73,22774.0,194.56216,194.95008,0.0007194614317281,33.970041489304336,198582.0,0.0006854483272531858
2024-06-07 09:00:00,194.7,194.89,3230.0,194.65016,194.88608,0.0008216504904226,39.23187365398413,24329.0,0.0006779159080820785
2024-06-07 10:00:00,194.88,194.9,4528.0,194.75016,194.77908,5.131099594653049e-05,35.886157072943405,15469.2,0.0006076028774777629
2024-06-07 11:00:00,194.97,195.12,49310.0,194.846,194.74358,0.0011287839917906,35.48963859659429,19587.2,0.0005760008957924911
2024-06-07 12:00:00,195.0,193.72,568686.0,194.672,194.59208,-0.0071750717507175,27.229793550128207,129705.6,0.0035349608421611487
2024-06-07 13:00:00,193.65,194.68,6306388.0,194.662,194.61208,0.0049556060293207,41.81369905231537,1386428.4,0.004415373737628525
2024-06-07 14:00:00,194.69,195.63,6647853.0,194.81,194.73008,0.004879802753236,47.018380805387935,2715353.0,0.0049542699551826585
2024-06-07 15:00:00,195.64,195.85,7419011.0,195.0,194.87508,0.0011245718959259,53.455202152360584,4198249.6,0.004938676449312172
2024-06-07 16:00:00,195.86,196.32,5321509.0,195.24,195.043,0.0023997957620627,59.59056677155866,5252689.4,0.004980605582780995
2024-06-07 17:00:00,196.32,196.505,4306756.0,195.797,195.2345,0.0009423390383048,69.9052412220344,6000303.4,0.0019603627920673685
2024-06-07 18:00:00,196.5,195.86,5264770.0,196.033,195.34750000000005,-0.0032823592275004,62.36495018942077,5791979.8,0.002964087462340302
2024-06-07 19:00:00,195.87,196.9,10424039.0,196.287,195.5485,0.0053099152455835,68.68013629027439,6547217.0,0.003100228898194496
2024-06-07 20:00:00,196.89,196.95,1176100.0,196.507,195.7535,0.0002539360081258,67.76089096726547,5298634.8,0.0031367001903141677
2024-06-07 21:00:00,196.9501,196.74,89273.0,196.591,195.9155,-0.0010662604722009,66.14114114114133,4252187.6,0.003167311856898018
2024-06-07 22:00:00,196.8266,196.78,23997.0,196.646,196.2215,0.0002033140185015,65.62500000000021,3395635.8,0.003154732920006797
2024-06-07 23:00:00,196.79,196.9,36762.0,196.854,196.4435,0.0006098180709421,65.4141104294481,2350034.2,0.002458101604563758
2024-06-10 08:00:00,197.0,197.39,73420.0,196.952,196.6195,0.0024885728796342,67.78571428571436,279910.4,0.00128142513223359
2024-06-10 09:00:00,197.41,197.37,34061.0,197.036,196.7715,-0.0001013222554333,66.54411764705907,51502.6,0.0013079078420090776
2024-06-10 10:00:00,197.37,197.42,45739.0,197.172,196.8815,0.0002533313066827,83.94495412844104,42795.8,0.0010362220431170582
2024-06-10 11:00:00,197.42,197.59,95953.0,197.334,196.99,0.0008611082970317,81.22317596566599,57187.0,0.000999990425978
2024-06-10 12:00:00,197.32,197.55,443368.0,197.464,197.159,-0.0002024393947061,75.60000000000099,138508.2,0.001103734107847131
2024-06-10 13:00:00,197.565,195.409,9885950.0,197.0678,197.0099,-0.010837762591749,46.11179686122368,2101014.2,0.004954935541584493
2024-06-10 14:00:00,195.42,195.385,8056908.0,196.6708,196.8534,-0.0001228193174316,41.05263157894719,3705583.6,0.004952879205611889
2024-06-10 15:00:00,195.38,195.23,5009383.0,196.2328,196.7024,-0.0007933055249891,37.728585178055546,4698312.4,0.004854462652799366
2024-06-10 16:00:00,195.235,195.62,7027411.0,195.8388,196.5864,0.0019976438047431,47.570850202429035,6084604.0,0.005057123816952495
2024-06-10 17:00:00,195.61,194.95,13808515.0,195.3188,196.3914,-0.0034250076679276,28.665207877461356,8757633.4,0.004976788557368496
2024-06-10 18:00:00,194.95,193.16,25410436.0,194.869,195.9684,-0.0091818414978199,19.96830427892229,11862530.6,0.004304220096840813
2024-06-10 19:00:00,193.16,193.13,16383149.0,194.418,195.5444,-0.0001553116587285,20.55464926590524,13527778.8,0.0043001242586504325
2024-06-10 20:00:00,193.12,192.85,1675871.0,193.942,195.0874,-0.0014498006524102,19.15227629513342,12861076.4,0.004251929091334247
2024-06-10 21:00:00,192.8916,192.33,1055513.0,193.284,194.5614,-0.0026963961628207,16.248153618906898,11666696.8,0.00347329005094385
2024-06-10 22:00:00,192.3,192.54,129539.0,192.802,194.0604,0.0010918733426921,12.634822804314268,8930901.6,0.0040057851286503425
2024-06-10 23:00:00,192.55,192.33,147580.0,192.636,193.7525,-0.0010906824555935,12.27544910179634,3878330.4,0.0014212516715721793
2024-06-11 08:00:00,192.48,192.0,81130.0,192.41,193.414,-0.0017158009670878,11.063218390804721,617926.6,0.0013989649102166797
2024-06-11 09:00:00,191.93,191.85,32796.0,192.21,193.076,-0.00078125,8.645533141210294,289311.6,0.0013977434873085107
2024-06-11 10:00:00,191.74,192.74,106024.0,192.292,192.788,0.0046390409173834,19.127086007702246,99413.8,0.0025757598854212705
2024-06-11 11:00:00,192.75,192.85,175414.0,192.354,192.578,0.0005707170281207,27.782601146032263,108588.8,0.002552652472865917
2024-06-11 12:00:00,192.5,193.05,375250.0,192.498,192.567,0.0010370754472388,30.328559393429003,154122.8,0.0024322877561987477
2024-06-11 13:00:00,193.0,199.13,20501044.0,193.924,193.167,0.0314944314944314,66.44182124789211,4238105.6,0.013621884695871856
2024-06-11 14:00:00,199.1316,203.24,38778390.0,196.202,194.206,0.0206397830562949,74.4544287548139,11987224.4,0.013776360658891637
2024-06-11 15:00:00,203.235,204.3299,29975523.0,198.51998,195.40599,0.0053626254674276,79.31237070231701,17961124.2,0.013687469987574844
2024-06-11 16:00:00,204.33,205.04,16440608.0,200.95798,196.65599,0.0034752623086488,89.81233243967839,21214163.0,0.013141375114755837
2024-06-11 17:00:00,205.0499,204.99,14076457.0,203.34598,197.92199,-0.0002438548575886,89.69210174029472,23954404.4,0.013427681453263951
2024-06-11 18:00:00,204.985,205.6,11510966.0,204.63998,199.28199,0.0029757549148738,91.74852652259352,22156388.8,0.008189309124623059
2024-06-11 19:00:00,205.595,207.14,23068942.0,205.41998,200.81099,0.0074902723735408,95.4573357888276,19014499.2,0.0028808325070394593
2024-06-11 20:00:00,207.15,207.69,4270611.0,206.092,202.30599,0.002655209037366,95.55021046301874,13873516.8,0.002768779251871068
2024-06-11 21:00:00,207.68,207.15,259576.0,206.514,203.73599,-0.0026000288892098,93.6910377358491,10637310.4,0.0037981657673502416
2024-06-11 22:00:00,207.15,206.95,309780.0,206.906,205.12599,-0.0009654839488294,94.41473559120618,7883975.0,0.003919163551724734
2024-06-11 23:00:00,206.91,206.54,302648.0,207.094,205.86699,-0.0019811548683256,92.97834991222943,5642311.4,0.004199457758347589
2024-06-12 08:00:00,206.54,206.33,76514.0,206.932,206.17599,-0.001016752202963,91.40767824497274,1043825.8,0.002039998880076725
2024-06-12 09:00:00,206.33,206.0,100514.0,206.594,206.343,-0.001599379634566,89.53698135898988,209806.4,0.0006860803654450871
2024-06-12 10:00:00,206.0,206.2,67800.0,206.404,206.459,0.0009708737864077,89.53698135898986,171451.2,0.0011373683071884168
2024-06-12 11:00:00,206.16,206.2,203915.0,206.254,206.58,0.0,83.50710900473945,150278.2,0.001207186465158783
2024-06-12 12:00:00,206.19,206.4,1651049.0,206.22600000000003,206.66,0.0009699321047527,73.79518072289169,419958.4,0.0011601671676840983
2024-06-12 13:00:00,206.4,214.255,35209866.0,207.811,207.37150000000003,0.0380571705426356,87.01986557355046,7446628.8,0.017013958694948903
2024-06-12 14:00:00,214.26,216.6031,33026876.0,209.93162,208.26281,0.0109593708431542,88.43323517094228,14031901.2,0.01620963567515669
2024-06-12 15:00:00,216.61,216.5075,23667127.0,211.99312,209.19856,-0.0004413602575402,88.1659785137221,18751766.6,0.016421388165283022
2024-06-12 16:00:00,216.51,215.8257,15185227.0,213.91826,210.08613,-0.003149082595291,83.72481118696615,21748029.0,0.016948377470709906
2024-06-12 17:00:00,215.8399,217.49,11505087.0,216.13626,211.18113,0.0077113151955489,83.85716528839112,23718836.6,0.016380743218426596
2024-06-12 18:00:00,217.49,219.78,24836352.0,217.24126,212.52613,0.0105292197342406,85.50702504581552,21644133.8,0.006507289400979075
2024-06-12 19:00:00,219.78,213.08,38597736.0,216.53664,213.23413,-0.0304850304850304,62.78855111969913,22758305.8,0.016275966938416198
2024-06-12 20:00:00,213.07,213.92,1550899.0,216.01914,214.00613000000004,0.0039421813403415,64.6276149222659,18335060.2,0.01657480430549234
2024-06-12 21:00:00,213.96,213.7,2596684.0,215.594,214.75613,-0.0010284218399401,65.1471558887742,15817351.6,0.01657446720158933
2024-06-12 22:00:00,213.74,213.2,280309.0,214.736,215.43613,-0.0023397285914833,64.35748679194808,13572396.0,0.01570942113032974
2024-06-12 23:00:00,213.2138,214.2,394421.0,213.62,215.43063,0.0046904315196998,66.67019044676111,8684009.8,0.014544712062975017
2024-06-13 08:00:00,214.52,214.19,185969.0,213.842,215.18932,-4.6685340802945405e-05,66.36973054481089,1001656.4,0.0031076543765844737
2024-06-13 09:00:00,214.26,213.5,103311.0,213.758,214.88857,-0.0032214389093795,64.54484594417971,712138.8,0.0030884752002170914
2024-06-13 10:00:00,213.45,213.23,77911.0,213.664,214.629,-0.0012646370023419,63.570542980671405,208384.2,0.0031024730833748423
2024-06-13 11:00:00,213.24,213.0,209308.0,213.624,214.18,-0.0010786474698681,46.42242214848516,194184.0,0.0029569047718547834
2024-06-13 12:00:00,213.43,213.93,1607569.0,213.57,213.595,0.0043661971830986,41.70962119379465,436813.6,0.002823836165840404
2024-06-13 13:00:00,213.94,214.73,19944000.0,213.678,213.76,0.0037395409713456,44.71802735036636,4388419.8,0.003350259283313174
2024-06-13 14:00:00,214.75,212.8601,13162726.0,213.55002,213.65401000000003,-0.0087081451124668,41.768715790876,7000302.8,0.005241827050975729
2024-06-13 15:00:00,212.88,213.74,9848332.0,213.65202,213.65801,0.0041337009613357,39.11769144157213,8954387.0,0.005610871251780873
2024-06-13 16:00:00,213.745,212.296,9260515.0,213.51122,213.56761,-0.0067558716197249,27.160365727120634,10764628.4,0.0065101716689528796
2024-06-13 17:00:00,212.29,212.6937,6673084.0,213.26396,213.41698,0.0018733278064589,48.084114467093166,11777731.4,0.006113852304457536
2024-06-13 18:00:00,212.7,213.98,6902283.0,213.11396,213.39598,0.006047663847119,50.28495982066529,9169388.0,0.006639276563952593
2024-06-13 19:00:00,213.97,214.13,17103109.0,213.36794,213.45898,0.0007010000934667,52.05588173420799,9957464.6,0.004901650501872241
2024-06-13 20:00:00,214.16,214.71,2986223.0,213.56194,213.60698,0.0027086349413908,57.16468333048651,8585042.8,0.00472672783248172
2024-06-13 21:00:00,214.71,214.5,424154.0,214.00274,213.75698,-0.0009780634343999,51.53880875684775,6817770.6,0.002618835349488033
2024-06-13 22:00:00,214.46,214.38,52333.0,214.34,213.80198,-0.0005594405594405,50.963703869017415,5493620.4,0.0028778157512139
2024-06-13 23:00:00,214.4,214.6,67386.0,214.464,213.78898,0.0010262151320085,55.85866763245909,4126641.0,0.0014552252048603345
2024-06-14 08:00:00,214.4,214.23,89878.0,214.484,213.92597,-0.0017241379310345,55.269925588650665,723994.8,0.0017739270686112812
2024-06-14 09:00:00,214.23,213.7,41997.0,214.282,213.92197,-0.0024739765672408,53.57588017736357,135149.6,0.0013210048237297276
2024-06-14 10:00:00,213.65,213.55,93254.0,214.092,214.04737,-0.0007019185774449,47.890716934212605,68969.6,0.001324880786656343
2024-06-14 11:00:00,213.4,213.3,98089.0,213.876,214.108,-0.0011706860220088,41.54626498616679,78120.8,0.0013153061009803472
2024-06-14 12:00:00,212.8,213.48,326270.0,213.652,214.058,0.0008438818565399,54.579707146973206,129897.6,0.001245449536371929
2024-06-14 13:00:00,213.49,213.7499,8663083.0,213.55598,214.01999,0.0012642870526513,50.08038454667977,1844538.6,0.0015241568127274555
2024-06-14 14:00:00,213.74,213.1115,11403529.0,213.43828,213.86014,-0.0029866680639382,57.61822020439826,4116845.0,0.001701486522254776
2024-06-14 15:00:00,213.12,212.55,9157026.0,213.23828000000003,213.66514,-0.0026347710001571,48.697449284820834,5929599.4,0.0019464955275695158
2024-06-14 16:00:00,212.54,212.18,9142480.0,213.01428,213.44514,-0.0017407668783815,30.433931910083174,7738477.6,0.001980028470891049
2024-06-14 17:00:00,212.19,212.37,5800456.0,212.79228,213.22214,0.000895466113677,31.03366524419158,8833314.8,0.0019924640528074405
2024-06-14 18:00:00,212.37,212.165,4731418.0,212.4753,213.01564,-0.0009652964166314,20.162727443256102,8046981.8,0.0015475058848280297
2024-06-14 19:00:00,212.16,212.52,10451159.0,212.35700000000003,212.89764,0.0016732260269131,27.550002267676604,7856507.8,0.0018006023431716843
2024-06-14 20:00:00,212.49,212.49,2566226.0,212.345,212.79164,-0.0001411631846414,28.123987221630728,6538347.8,0.0013755019232813616
2024-06-14 21:00:00,212.48,212.6,120333.0,212.429,212.72164,0.0005176714198314,26.245902418166978,4733918.4,0.001004645319996085
2024-06-14 22:00:00,212.62,212.69,166596.0,212.493,212.64264,0.0004233301975541,30.406127538297085,3607146.4,0.0009674617323897253
2024-06-14 23:00:00,212.69,212.44,45261.0,212.548,212.51165,-0.001175419624806,32.738780207134624,2669915.0,0.0010382243745696953
2024-06-17 08:00:00,212.62,214.04,203269.0,212.852,212.6045,0.0075315383167011,54.804109965096494,620337.0,0.003476034214307603
2024-06-17 09:00:00,214.01,213.8,47195.0,213.114,212.7295,-0.0011212857409829,54.9117843530198,116530.8,0.0036118543732866814
2024-06-17 10:00:00,213.9,213.89,87126.0,213.372,212.9005,0.0004209541627688,54.10016400656026,109889.4,0.0036169130425615413
2024-06-17 11:00:00,213.71,213.92,147728.0,213.618,213.0555,0.0001402590116415,51.78680224374453,106115.8,0.0036345910114953463
2024-06-17 12:00:00,213.78,213.82,607051.0,213.894,213.221,-0.0004674644727,58.39156697856203,218473.8,0.0035332825614520116
2024-06-17 13:00:00,213.87,213.55,11434797.0,213.796,213.324,-0.0012627443644185,62.72264631043274,2464779.4,0.000744668599431485
2024-06-17 14:00:00,213.54,216.88,17391465.0,214.412,213.763,0.0155935378131584,84.1074020319306,5933633.4,0.007133632658768289
2024-06-17 15:00:00,216.88,216.345,10138044.0,214.903,214.1375,-0.0024668019181113,77.47062888735337,7943817.0,0.007490940622245728
2024-06-17 16:00:00,216.34,217.074,6220068.0,215.5338,214.5759,0.0033696179712959,81.63423121536323,9158285.0,0.0073959971786157
2024-06-17 17:00:00,217.08,217.9399,8184859.0,216.35778,215.12589000000003,0.0039889622893574,82.76883638254425,10673846.6,0.007144976359787086
2024-06-17 18:00:00,217.92,218.7066,8511052.0,217.3891,215.59255,0.003517942331808,84.51135833721973,10089097.6,0.006588898111564062
2024-06-17 19:00:00,218.705,216.71,17135417.0,217.3551,215.88355,-0.0091291255042143,68.86497998751534,10037888.0,0.00567812907526254
2024-06-17 20:00:00,216.67,216.58,2146742.0,217.4021,216.15255,-0.0005998800239951,67.78985109574528,8439627.6,0.005547059876652105
2024-06-17 21:00:00,216.58,217.05,91516.0,217.3973,216.46555,0.0021700988087542,70.66671448552904,7213917.2,0.005401326571010942
2024-06-17 22:00:00,217.05,216.82,53174.0,217.17332,216.76555,-0.001059663671965,64.20803009240339,5587580.2,0.004916951326323732
2024-06-17 23:00:00,216.8,216.76,76284.0,216.784,217.08655,-0.0002767272391845,65.4115294901699,3900626.6,0.004294889941250507
2024-06-18 08:00:00,216.81,216.9,61165.0,216.82200000000003,217.08855,0.0006458756228087,65.59068495421218,485776.2,0.0012777939600487145
2024-06-18 09:00:00,216.96,218.2,130297.0,217.146,217.27405,0.0059935454126324,69.59132854841076,82487.2,0.0027874273365319914
2024-06-18 10:00:00,218.17,217.71,33485.0,217.278,217.33765,-0.0022456461961502,67.19230633242596,70881.0,0.003190321870026775
2024-06-18 11:00:00,217.77,217.83,140446.0,217.48,217.32666,0.0005511919525975,69.17013042855098,88335.4,0.0030579636688871934
2024-06-18 12:00:00,217.8,217.3,419524.0,217.588,217.186,-0.0024330900243309,52.51100057394308,156983.4,0.003403839869461207
2024-06-18 13:00:00,217.2,214.6666,13963380.0,217.14132,216.98166,-0.012118729866544,41.97828248069126,2937426.4,0.006577027775074314
2024-06-18 14:00:00,214.68,215.495,10965318.0,216.60032,216.87316,0.0038590074096297,42.52438216078022,5104430.6,0.0059651769222918635
2024-06-18 15:00:00,215.4998,213.59,10735526.0,215.77632,216.52716,-0.0088401122995893,31.250592667304716,7244838.8,0.006596696912807631
2024-06-18 16:00:00,213.58,214.2,7840152.0,215.05032,216.26516,0.0028559389484525,30.30917384693356,8784780.0,0.007041929428222827
2024-06-18 17:00:00,214.18,213.575,5741628.0,214.30532,215.94666,-0.0029178338001867,34.43674417681045,9849200.8,0.0070297276968730605
2024-06-18 18:00:00,213.575,213.865,5641062.0,214.145,215.64316,0.0013578368254712,36.732539729079974,8184737.2,0.005216255858384197
2024-06-18 19:00:00,213.865,214.38,12307191.0,213.92200000000005,215.26116,0.0024080611600775,37.009574964969616,8453111.8,0.004929104450984883
2024-06-18 20:00:00,214.29,214.17,1651452.0,214.038,214.90716000000003,-0.0009795689896445,37.081740893846046,6636297.0,0.0024386301422297738
2024-06-18 21:00:00,214.21,214.06,146482.0,214.01,214.53016,-0.0005136106831021,36.90185120502976,5097563.0,0.002079444037576283
2024-06-18 22:00:00,214.05,214.15,60696.0,214.125,214.21516000000005,0.000420442866486,36.59425941814211,3961376.6,0.0013776773489283544
2024-06-18 23:00:00,214.11,214.02,43353.0,214.156,214.1505,-0.0006070511323838,26.999603820927206,2841834.8,0.001365770551212516
2024-06-20 08:00:00,215.31,214.62,102273.0,214.204,214.063,0.0028034763106251,33.200678496868505,400851.2,0.0015309783582195136
2024-06-20 09:00:00,214.66,214.65,26009.0,214.3,214.169,0.0001397819401733,32.5405191724865,75762.6,0.0013858077579749228
2024-06-20 10:00:00,214.69,214.37,35579.0,214.362,214.186,-0.0013044491031912,33.4590371240177,53582.0,0.0015575711604119949
2024-06-20 11:00:00,214.36,213.65,109333.0,214.262,214.1935,-0.0033586789196249,42.67937897859851,63309.4,0.00224426652056088
2024-06-20 12:00:00,214.3,213.7,1159481.0,214.198,214.177,0.0002340276152585,35.442011354419904,286535.0,0.0022624408005915016
2024-06-20 13:00:00,213.67,212.8168,10615246.0,213.83736,214.02068,-0.0041328965839962,42.48327889251818,2389129.6,0.001996917146698648
2024-06-20 14:00:00,212.82,211.21,13756913.0,213.14936,213.72468,-0.0075501558147664,25.651465798045592,5135310.4,0.0029665836353904716
2024-06-20 15:00:00,211.22,210.8738,11212433.0,212.45012,213.40606,-0.0015917806922021,26.91755537325669,7370681.2,0.0029225985054664107
2024-06-20 16:00:00,210.88,209.895,7408368.0,211.69912,212.98056000000005,-0.0046416387431723,19.64831804281316,8830488.2,0.002986857261796885
2024-06-20 17:00:00,209.895,209.8,6556459.0,210.91912,212.55856,-0.0004526072560089,12.581699346405031,9909883.8,0.002778691373633744
2024-06-20 18:00:00,209.79,210.022,6898934.0,210.36016,212.09876,0.0010581506196376,16.177429876059605,9166621.4,0.0034523854073335823
2024-06-20 19:00:00,210.02,209.56,14169029.0,210.03016,211.58976,-0.002199769547952,15.299198025909519,9249044.6,0.002120594900658595
2024-06-20 20:00:00,209.68,209.95,2225471.0,209.8454,211.14776,0.0018610421836227,19.044811320754164,7451652.2,0.002614574322399619
2024-06-20 21:00:00,209.95,209.5,83636.0,209.76640000000003,210.73276,-0.0021433674684448,18.18693693693642,5986705.8,0.0018382556376131578
2024-06-20 22:00:00,209.69,210.02,46904.0,209.8104,210.36476,0.0024821002386635,17.255125284737687,4684794.8,0.002233442056101203
2024-06-20 23:00:00,210.04,210.0,35543.0,209.806,210.08308,-9.522902580711472e-05,16.85201026518351,3312116.6,0.0021831493783452368
2024-06-21 08:00:00,209.47,209.0,69549.0,209.694,209.86208,-0.0047619047619047,15.283165244375127,492220.6,0.0029787085306890422
2024-06-21 09:00:00,209.0,209.04,25310.0,209.512,209.6787,0.0001913875598085,17.323504394669214,52188.4,0.002726337806188829
2024-06-21 10:00:00,209.09,210.15,43584.0,209.642,209.7042,0.0053099885189438,28.12422972639878,44178.0,0.003712257765509258
2024-06-21 11:00:00,210.01,210.35,138942.0,209.708,209.7592,0.0009517011658338,33.401518006136456,62585.6,0.0035816804995598916
2024-06-21 12:00:00,210.3,211.2,467088.0,209.948,209.877,0.0040408842405514,49.92508240934957,148894.6,0.003923376413553993
2024-06-21 13:00:00,211.21,210.43,22473715.0,210.234,209.964,-0.0036458333333332,46.878077604884865,4629727.8,0.0035135386963033705
2024-06-21 14:00:00,210.44,211.06,9416275.0,210.638,210.075,0.0029938696953856,58.61813877792576,6507920.8,0.0035021050558738296
2024-06-21 15:00:00,211.055,211.2693,7263149.0,210.86186,210.25193,0.0009916611390125,60.68846114675625,7951833.8,0.002949007486239488
2024-06-21 16:00:00,211.28,210.22,7927174.0,210.83586,210.27193000000003,-0.004966646834159,51.28561410799165,9509480.2,0.004005196000955379
2024-06-21 17:00:00,210.225,210.3,5347921.0,210.65586,210.30193,0.0003805537056417,55.05561172901931,10485646.8,0.0033333457289631253
2024-06-21 18:00:00,210.3,210.16,6575608.0,210.60186,210.41793,-0.0006657156443177,51.48544266191331,7306025.4,0.002953029580842684
2024-06-21 19:00:00,210.1699,207.11,24560464.0,209.81186,210.22493,-0.0145127521888084,37.640402953892014,10334863.2,0.006449313792480362
2024-06-21 20:00:00,207.49,207.65,15697132.0,209.088,209.97493,0.0026073101250542,37.76913073096208,12021659.8,0.006778631317332268
2024-06-21 21:00:00,207.63,207.6999,319055.0,208.58398,209.70992,0.0002403082109318,38.166383701188465,10500036.0,0.006882983996046303
2024-06-21 22:00:00,207.69,207.42,161923.0,208.00798,209.33192,-0.0013476174037639,41.22066145092452,9462836.4,0.006751202649387802
2024-06-21 23:00:00,207.43,207.22,147164.0,207.41998000000004,209.01092,-0.0009642271719216,40.06376659678548,8177147.6,0.006729606447000009
2024-06-24 08:00:00,207.4,207.78,61974.0,207.55398,208.68292,0.0027024418492423,36.23437572603494,3277449.6,0.0019240325304037374
2024-06-24 09:00:00,207.73,207.06,70844.0,207.43598,208.26199000000005,-0.0034652035807103,31.97931729547345,152192.0,0.002264273250233543
2024-06-24 10:00:00,207.1,207.8,66736.0,207.456,208.01999,0.0035738433304356,31.149649605251582,101728.2,0.0029486922160390254
2024-06-24 11:00:00,207.84,207.75,215351.0,207.522,207.76499,-0.0002406159769009,33.85230887882001,112413.8,0.0028528412876668843
2024-06-24 12:00:00,207.7504,207.976,327026.0,207.6732,207.54659,0.0010878459687123,30.467166599108253,148386.2,0.0027680245715915523
2024-06-24 13:00:00,207.96,208.7,9592947.0,207.8572,207.70559,0.003481170904335,34.7230975966513,2054580.8,0.0029241401228742823
2024-06-24 14:00:00,208.7,210.57,11354224.0,208.5592,207.99759,0.0089602299952084,51.89603241673705,4311256.8,0.0035195641103193498
2024-06-24 15:00:00,210.562,211.8499,12721137.0,209.36918,208.41259,0.0060782637602697,57.43022330460117,6842137.0,0.0037274504014871176
2024-06-24 16:00:00,211.83,209.7699,7318659.0,209.77316,208.64758,-0.0098182722767392,48.42316305165044,8262798.6,0.0072070383067845455
2024-06-24 17:00:00,209.765,209.26,5885920.0,210.02996,208.85158,-0.0024307586550788,60.93635549768033,9374577.4,0.0074798471147630875
2024-06-24 18:00:00,209.25,208.85,5978763.0,210.05996,208.95858,-0.0019592850998757,56.18582209575645,8651740.6,0.00747059283353479
2024-06-24 19:00:00,208.845,208.15,10952940.0,209.57596,209.06758,-0.0033516878142206,52.17445916306749,8571483.8,0.005655945692511595
2024-06-24 20:00:00,208.14,208.84,2754160.0,208.97398,209.17158,0.0033149171270718,56.59863566237299,6578088.4,0.004684651638059624
2024-06-24 21:00:00,208.9,208.75,68333.0,208.77,209.27158,-0.0004309519249186,57.18323348795283,5128023.2,0.0026189698953719936
2024-06-24 22:00:00,208.75,208.9571,57380.0,208.70942,209.36969,0.0009920958083832,55.71579795860888,3962315.2,0.0025893756045786624
2024-06-24 23:00:00,208.95,209.12,58334.0,208.76342,209.41169,0.0007795858575755,60.57516581449312,2778229.4,0.0024320851488196208
2024-06-25 08:00:00,208.92,209.15,48442.0,208.96342,209.26969,0.0001434583014537,57.47524862123189,597329.8,0.0014300962836319559
2024-06-25 09:00:00,208.91,209.01,43186.0,208.99742,208.9857,-0.0006693760459001,56.90804622908393,55135.0,0.0007269093170840243
2024-06-25 10:00:00,209.0,209.71,43703.0,209.18942,208.97971,0.0033491220515765,59.03708645166674,50209.0,0.0015045494236348778
2024-06-25 11:00:00,209.8,209.7,75580.0,209.338,209.02371,-4.7684898192834514e-05,55.63075744949208,53849.0,0.0015626529012455544
2024-06-25 12:00:00,209.7,209.7997,534851.0,209.47394,209.11868,0.0004754411063424,44.58260074548149,149152.4,0.0015652341943115753
2024-06-25 13:00:00,209.71,210.1096,9548535.0,209.66586,209.31464,0.001477123179871,35.827021744441936,2049171.0,0.0015709181861812808
2024-06-25 14:00:00,210.11,209.3,7167897.0,209.72386,209.36064,-0.0038532270776775,45.17467293750395,3474113.2,0.0026496110398286075
2024-06-25 15:00:00,209.29,210.33,4854305.0,209.84786,209.51864,0.004921165790731,59.92726193127006,4436233.6,0.00315071075882963
2024-06-25 16:00:00,210.32,209.7166,3176198.0,209.85118000000003,209.59459,-0.0029163695145723,57.74773808246607,5056357.2,0.003534692743900024
2024-06-25 17:00:00,209.715,210.28,3559511.0,209.94724,209.71059,0.0026864826151101,69.51979472140732,5661289.2,0.003738232118169729
2024-06-25 18:00:00,210.2801,210.46,3555972.0,210.01732,209.84159,0.0008560015217805,66.37687019813968,4462776.6,0.0037062921803163004
2024-06-25 19:00:00,210.45,209.07,7637311.0,209.97132,209.84759,-0.0066045804428395,52.56163944924743,4556659.4,0.004584482454086391
2024-06-25 20:00:00,209.07,209.1608,1803288.0,209.73748,209.79267,0.0004343042999952,51.661582132893905,3946456.0,0.003678202558652112
2024-06-25 21:00:00,209.14,209.26,364826.0,209.64616,209.74867,0.0004742762506167,51.15397296406185,3384181.6,0.003572689548425369
2024-06-25 22:00:00,209.26,209.19,31118.0,209.42816,209.6877,-0.0003345120902226,50.32754667540117,2678503.0,0.0031433885480126635
2024-06-25 23:00:00,209.13,209.14,42661.0,209.16416,209.59074,-0.0002390171614322,51.08045212765952,1975840.8,0.0030142026067268225
2024-06-26 08:00:00,209.35,209.9,44706.0,209.33016,209.65074,0.0036339294252654,51.56352863726132,457319.8,0.001630756511470602
2024-06-26 09:00:00,209.73,209.7,5235.0,209.438,209.58774,-0.0009528346831825,50.0,97709.2,0.001814808609053992
2024-06-26 10:00:00,209.7,211.0,140149.0,209.786,209.71608,0.0061993323795899,58.03811794329177,52773.8,0.00311902132291914
2024-06-26 11:00:00,211.0,211.15,149083.0,210.178,209.80308,0.0007109004739336,57.11978539362747,76366.8,0.0029838911487259454
2024-06-26 12:00:00,210.9,210.38,343927.0,210.426,209.79508,-0.0036466966611414,57.43105631089317,136620.0,0.0038497112744572794
2024-06-26 13:00:00,210.3969,211.53,8850916.0,210.752,210.04108,0.0054662990778591,58.12259706503473,1897862.0,0.004210922401645062
2024-06-26 14:00:00,211.49,213.195,10616524.0,211.451,210.4445,0.0078712239398666,70.61054228289699,4020119.8,0.004715746402094788
2024-06-26 15:00:00,213.195,214.27,7706558.0,212.105,210.9455,0.0050423321372453,72.29050279329589,5533401.6,0.004565131154871028
2024-06-26 16:00:00,214.26,213.83,5815138.0,212.641,211.4095,-0.0020534839221542,68.29533116178051,6666612.6,0.005065127555418377
2024-06-26 17:00:00,213.83,214.0122,3837066.0,213.36744000000004,211.89672,0.0008520787541504,80.8802579290693,7365240.4,0.003974440556018561
2024-06-26 18:00:00,214.01,214.15,6086433.0,213.89144,212.32172,0.0006438885259812,80.9918998161306,6812343.8,0.003943487176511348
2024-06-26 19:00:00,214.15,213.1,9195956.0,213.87244,212.66172,-0.0049031053000234,71.33333333333314,6528230.2,0.003700945438295549
2024-06-26 20:00:00,213.25,213.22,1512902.0,213.66244,212.88372,0.0005631159080244,72.26519337016552,5289499.0,0.002495889365238389
2024-06-26 21:00:00,213.23,212.95,1527993.0,213.48644,213.06372,-0.0012662977206641,70.55016181229753,4432070.0,0.0024352995625984545
2024-06-26 22:00:00,212.96,212.65,37233.0,213.214,213.29072,-0.0014087814040853,65.6072644721906,3672103.4,0.002249551155774237
2024-06-26 23:00:00,212.61,212.8,68839.0,212.944,213.41772,0.0007053844345168,67.69406392694067,2468584.6,0.0022627892427149656
2024-06-27 08:00:00,213.08,213.1,8398.0,212.944,213.40822,0.0014097744360901,63.53092783505147,631073.0,0.0012639524918281657
2024-06-27 09:00:00,213.19,213.8,29810.0,213.06,213.36122,0.003284842796809,65.94464500601683,334454.6,0.0019607624633039243
2024-06-27 10:00:00,213.84,213.99,16817.0,213.268,213.37722,0.0008886810102899,73.3505821474774,32219.4,0.00167980319199507
2024-06-27 11:00:00,214.06,214.16,63233.0,213.57,213.392,0.000794429646245,69.48148148148145,37419.4,0.001079583220854184
2024-06-27 12:00:00,213.92,214.41,206556.0,213.892,213.418,0.0011673515128875,61.387066541705735,64962.8,0.001021713447897114
2024-06-27 13:00:00,214.4195,214.41,9643428.0,214.154,213.54900000000004,0.0,51.643192488262756,1991968.8,0.0012293677998809556
2024-06-27 14:00:00,214.42,213.28,8449049.0,214.05,213.555,-0.005270276572921,44.444444444444315,3675816.6,0.0027105486880484803
2024-06-27 15:00:00,213.275,213.205,4814111.0,213.89300000000003,213.5805,-0.000351650412603,41.665978359626685,4635275.4,0.002608350421777381
2024-06-27 16:00:00,213.2,213.67,4391510.0,213.795,213.68250000000003,0.0021809995075161,45.35783365570578,5500930.8,0.0028716333348964085
2024-06-27 17:00:00,213.67,213.635,2811241.0,213.64,213.766,-0.0001638039968175,56.438026474127604,6021867.8,0.002742455376473835
2024-06-27 18:00:00,213.635,213.74,3597346.0,213.506,213.83,0.0004914924988883,56.28019323671516,4812651.4,0.0027832614529147747
2024-06-27 19:00:00,213.75,214.11,6892840.0,213.67200000000005,213.861,0.0017310751380181,63.67924528301931,4501409.6,0.0011315863307489377
2024-06-27 20:00:00,214.07,214.15,735213.0,213.861,213.877,0.0001868198589509,68.84422110552782,3685630.0,0.0010170731104494168
2024-06-27 21:00:00,214.15,214.19,18890.0,213.965,213.88,0.0001867849638103,67.95865633074942,2811106.0,0.0007334038406446829
2024-06-27 22:00:00,214.1201,214.47,33556.0,214.132,213.886,0.0013072505719221,67.792207792208,2255569.0,0.0007017011610029101
2024-06-27 23:00:00,214.4666,214.45,27557.0,214.274,213.89,-9.325313563673348e-05,60.25236593059914,1541611.2,0.0008033193150617856
2024-06-28 08:00:00,214.12,214.69,12664.0,214.39,214.031,0.0011191419911401,60.869565217391234,165576.0,0.0006274106304183595
2024-06-28 09:00:00,214.68,216.32,81306.0,214.824,214.3425,0.0075923424472495,73.07692307692315,34794.6,0.003170056913443902
2024-06-28 10:00:00,216.3,216.15,44401.0,215.216,214.5905,-0.000785872781065,68.9130434782611,39896.8,0.003336347103830524
2024-06-28 11:00:00,216.11,215.92,124279.0,215.506,214.819,-0.0010640758732362,65.63146997929601,58041.4,0.0035879228764739085
2024-06-28 12:00:00,215.8,215.839,380431.0,215.7838,215.0289,-0.0003751389403482,83.84025390108454,128616.2,0.0036184270251840276
2024-06-28 13:00:00,215.8,214.325,7759838.0,215.7108,215.0504,-0.0070144876505173,60.72796934865878,1678051.0,0.005200831865529901
2024-06-28 14:00:00,214.34,214.37,8376329.0,215.3208,215.0724,0.0002099615070571,57.291666666666785,3337055.6,0.002950886252399411
2024-06-28 15:00:00,214.36,214.19,5908951.0,214.9288,215.0724,-0.0008396697299062,55.61172901921134,4509965.6,0.002946331737772853
2024-06-28 16:00:00,214.185,213.955,5384908.0,214.5358,215.0209,-0.001097156730006,52.11822660098525,5562091.4,0.0029442556185919487
2024-06-28 17:00:00,213.95,213.92,3929889.0,214.152,214.9679,-0.0001635858007526,47.99578059071704,6271983.0,0.0029716617277702187
2024-06-28 18:00:00,213.92,213.145,4456278.0,213.916,214.8134,-0.0036228496634254,40.82191780821926,5611271.0,0.0015021139837125828
2024-06-28 19:00:00,213.15,210.61,16327171.0,213.164,214.2424,-0.0118933120645569,27.540777917189644,7201439.4,0.004859082582878801
2024-06-28 20:00:00,210.63,211.23,8074179.0,212.572,213.7504,0.0029438298276433,30.505415162454824,7634485.0,0.005616978039034521
2024-06-28 21:00:00,211.2107,211.18,130624.0,212.017,213.2764,-0.0002367088008331,30.395683453237467,6583628.2,0.00569357157902112
2024-06-28 22:00:00,211.2,211.19,13339.0,211.471,212.8115,4.735296903111519e-05,28.42170160295919,5800318.2,0.005716821324135657
2024-06-28 23:00:00,211.19,211.66,50076.0,211.174,212.545,0.0022254841611818,16.474820143884727,4919077.8,0.006032602394088128
2024-07-01 08:00:00,211.89,211.09,53813.0,211.27,212.217,-0.0026929982046678,15.578231292516833,1664406.2,0.002229539713229376
2024-07-01 09:00:00,211.09,210.99,36353.0,211.222,211.897,-0.0004737315836846,15.858725761772732,56841.0,0.0017487182537257724
2024-07-01 10:00:00,211.19,211.15,9813.0,211.216,211.6165,0.0007583297786624,17.879161528976397,32678.8,0.0018029886018370268
2024-07-01 11:00:00,211.14,211.65,57258.0,211.308,211.3895,0.0023679848448969,28.71917263325372,41462.6,0.0021010087857065763
2024-07-01 12:00:00,211.32,211.45,204114.0,211.266,211.22000000000003,-0.0009449562957714,27.329192546583528,72270.2,0.0018945862503755696
2024-07-01 13:00:00,211.51,213.15,7982331.0,211.67800000000005,211.474,0.008039725703476,43.467336683417095,1657973.8,0.003637815063084926
2024-07-01 14:00:00,213.15,215.36,10725670.0,212.552,211.887,0.0103682852451325,57.07096124811276,3795837.2,0.004858741132005934
2024-07-01 15:00:00,215.36,215.69,6204418.0,213.46,212.338,0.0015323179791975,58.65102639296199,5034758.2,0.004735720979694676
2024-07-01 16:00:00,215.685,216.9824,9128005.0,214.52648,212.91724,0.0059919328666141,67.85268995291891,6848907.6,0.004647839319600645
2024-07-01 17:00:00,216.9999,216.72,5525382.0,215.58048,213.42324,-0.0012093146725264,86.04804833152401,7913161.2,0.004733059403750979
2024-07-01 18:00:00,216.72,215.75,4471988.0,216.10048,213.88924000000003,-0.0044758213362864,75.60964554437497,7211092.6,0.0058618233522154325
2024-07-01 19:00:00,215.74,216.73,8220383.0,216.37448,214.46324,0.004542294322132,78.44753352195829,6710035.2,0.004249548141171867
2024-07-01 20:00:00,216.75,216.95,1393331.0,216.62648,215.04324000000005,0.0010150878973838,78.90173410404613,5747817.8,0.00424805249460477
2024-07-01 21:00:00,216.93,217.05,167252.0,216.64,215.58324,0.00046093569947,78.08813107099672,3955667.2,0.003291979626373098
2024-07-01 22:00:00,217.05,216.8006,38801.0,216.65612,216.1183,-0.0011490439990785,80.78756119126156,2858351.0,0.0032862448412433695
2024-07-01 23:00:00,216.9267,216.66,49191.0,216.83812,216.46930000000003,-0.0006485221904367,80.4354360802161,1973791.6,0.002239042037249004
2024-07-02 08:00:00,216.5,216.1,40576.0,216.71212,216.5433,-0.0025846949136896,75.47659241569536,337830.2,0.0014120156523525576
2024-07-02 09:00:00,216.07,215.9,18157.0,216.50212,216.5643,-0.0009254974548819,72.57084590219637,62795.4,0.0010945546849786283
2024-07-02 10:00:00,215.9,215.99,8978.0,216.29012000000003,216.46506,0.0004168596572487,74.3960106611641,31140.6,0.0010802395615497127
2024-07-02 11:00:00,216.05,215.7,52669.0,216.07,216.36306,-0.0013426547525349,66.14987080103336,33914.2,0.001091308897695307
2024-07-02 12:00:00,215.92,215.7,181140.0,215.878,216.35806,0.0,52.99043062200932,60304.0,0.0011808990365701284
2024-07-02 13:00:00,215.76,217.985,8055169.0,216.255,216.48356,0.0105934167825685,65.02002670226962,1663222.6,0.004994210928855434
2024-07-02 14:00:00,218.0,219.5398,11621365.0,216.98296,216.74254,0.0071326008670321,66.18156968945343,3983864.2,0.00521108128033511
2024-07-02 15:00:00,219.54,219.27,8841214.0,217.63896,216.96454,-0.0012289343435677,66.11965206837255,5750311.4,0.005488081055940193
2024-07-02 16:00:00,219.26,219.17,4020105.0,218.33296,217.20148,-0.0004560587403658,74.29115290641474,6543798.6,0.0053232943190703345
2024-07-02 17:00:00,219.1601,219.5998,3207431.0,219.11292,217.49546,0.0019610348131587,72.11144327672784,7149056.8,0.0050951833287851255
2024-07-02 18:00:00,219.59,219.78,5020530.0,219.47192,217.86346000000003,0.0008205836253039,71.93934507566331,6542129.0,0.0033002744774965403
2024-07-02 19:00:00,219.78,220.37,6748517.0,219.63796,218.31046,0.0026845026845027,73.92068707130055,5567559.4,0.0016266878183590536
2024-07-02 20:00:00,220.27,219.68,1789491.0,219.71996,218.67946,-0.0031310976993238,69.50760142001552,4157214.8,0.0022929909729877142
2024-07-02 21:00:00,219.68,219.55,73889.0,219.79596,219.06446,-0.0005917698470502,69.60757707338244,3367971.6,0.002306065233019556
2024-07-02 22:00:00,219.6,219.5915,42516.0,219.7943,219.45361000000003,0.0001890230015941,75.48130957072567,2734988.6,0.0021254082426513574
2024-07-02 23:00:00,219.6,219.41,42541.0,219.7203,219.59611,-0.0008265347247047,75.68568334162657,1739390.8,0.002092707331326142
2024-07-03 08:00:00,220.0,219.7,34981.0,219.5863,219.61213,0.0013217264482019,76.37715780792274,396683.6,0.001641122505412011
2024-07-03 09:00:00,219.62,219.71,26352.0,219.5923,219.65613,4.551661356403881e-05,79.69226668246293,44055.8,0.0008387947885960294
2024-07-03 10:00:00,219.71,219.6,24804.0,219.6023,219.69913000000005,-0.0005006599608575,78.41488648617117,34238.8,0.00082281340069292
2024-07-03 11:00:00,219.64,219.45,71816.0,219.574,219.68415,-0.0006830601092896,65.4941196378708,40098.8,0.0008756042069135012
2024-07-03 12:00:00,219.635,219.61,229498.0,219.614,219.66715,0.0007290954659376,51.05316850696109,77490.2,0.0008413188729502724
2024-07-03 13:00:00,219.6001,221.14,8294137.0,219.902,219.74415,0.006966895860844,70.35706509906333,1729321.4,0.003208878505631215
2024-07-03 14:00:00,221.16,220.54,9067357.0,220.068,219.83015,-0.0027132133490096,63.449833104260755,3537522.4,0.003683117162260412
2024-07-03 15:00:00,220.55,220.3099,5592732.0,220.20998,219.90614,-0.0010433481454611,57.25583961743618,4651108.0,0.0037371480611047355
2024-07-03 16:00:00,220.32,221.54,8297898.0,220.62798,220.10099,0.0055834985173158,64.80683806703453,6296324.4,0.004199926873965122
2024-07-03 17:00:00,221.51,221.55,4468411.0,221.01598,220.31499,4.5138575426646775e-05,61.000894988066875,7144107.0,0.0042585135275871435
2024-07-03 20:00:00,220.88,221.08,14189.0,221.00398,220.45299,-0.002121417287294,63.610203764193535,5488117.4,0.0033209777274543317
2024-07-05 08:00:00,221.86,221.31,32353.0,221.15798,220.61299,0.0010403473855617,66.78364357644178,3681116.6,0.0029745962878234126
2024-07-05 09:00:00,221.34,221.5,7709.0,221.396,220.80299,0.0008585242420134,67.69849954559785,2564112.0,0.0028130111149360267
2024-07-05 10:00:00,221.46,221.46,6684.0,221.38,221.00399,-0.0001805869074491,69.52306578797007,905869.2,0.0012578568128076323
2024-07-05 11:00:00,221.38,221.73,59210.0,221.416,221.21599,0.0012191817935518,69.40652365110323,24029.0,0.001387950509968854
2024-07-05 12:00:00,221.15,221.3,207446.0,221.46,221.23199,-0.0019392955396201,64.07029839651707,62680.4,0.0013133926074234098
2024-07-05 13:00:00,221.4628,224.1052,9442013.0,222.01904,221.58851,0.0126760054225033,76.99211541687662,1944612.4,0.005804638949075186
2024-07-05 14:00:00,224.11,224.26,11256664.0,222.57104,221.98352,0.0006907470241654,78.8017053483752,4194403.4,0.005817165085496515
2024-07-05 15:00:00,224.25,225.3,5607281.0,223.33904,222.35952000000003,0.0046374743601178,80.82273406860119,5314522.8,0.005660467558869474
2024-07-05 16:00:00,225.3,225.07,4113376.0,224.00704,222.71152,-0.0010208610741234,74.77869410607569,6125356.0,0.005962437175591121
2024-07-05 17:00:00,225.065,225.135,4643187.0,224.77404,223.11702,0.0002887990402985,81.06744915620959,7012504.2,0.005570557431553525
2024-07-05 18:00:00,225.1399,225.23,3668253.0,224.999,223.50902,0.0004219690407977,83.88451949697672,5857752.2,0.0021360359004265724
2024-07-05 19:00:00,225.23,226.32,9741993.0,225.411,223.99102,0.004839497402655,83.5674157303372,5554818.0,0.00271220345682893
2024-07-05 20:00:00,226.34,226.2,2555968.0,225.591,224.46502,-0.0005302226935313,82.15767634854774,4944555.4,0.0023348876003512005
2024-07-05 21:00:00,226.2,226.3116,37298.0,225.83932,224.92318,0.0004933687002652,88.06682577565638,4129339.8,0.0021288027969862335
2024-07-05 22:00:00,226.32,226.35,21192.0,226.08232,225.42818,0.0001696775596124,87.72455089820366,3204940.8,0.002140821062881219
2024-07-05 23:00:00,226.35,226.5092,60531.0,226.33816,225.66858,0.0007033355423017,87.6676893460868,2483396.4,0.0021228600920621702
2024-07-08 08:00:00,227.6,227.5,61379.0,226.57416,225.99258,0.0043742152636626,89.73684210526314,547273.6,0.0019204282784946831
2024-07-08 09:00:00,227.36,227.16,21446.0,226.76616,226.17857999999995,-0.0014945054945055,85.39765319426334,40369.2,0.002152227401625532
2024-07-08 10:00:00,227.23,227.1,15437.0,226.92384,226.38158,-0.0002641310089804,89.72602739725994,35997.0,0.0022094392817590823
2024-07-08 11:00:00,227.1,227.84,108457.0,227.22184,226.65208,0.003258476442096,85.67280507373692,53450.0,0.002444228244419166
2024-07-08 12:00:00,227.0,227.48,662545.0,227.416,226.87708,-0.0015800561797753,79.59558823529366,173852.8,0.0027777523184117654
2024-07-08 13:00:00,227.48,223.67,10590261.0,226.65,226.61208,-0.0167487251626516,40.0730816077953,2279629.2,0.007734576571108619
2024-07-08 14:00:00,223.67,225.42,8718618.0,226.302,226.53408,0.0078240264675638,51.798561151079106,4019063.6,0.00926873705241824
2024-07-08 15:00:00,225.43,226.5,7216874.0,226.182,226.55292,0.0047910566941709,56.35179153094463,5459351.0,0.009703066944061306
2024-07-08 16:00:00,226.49,226.68,5105139.0,225.95,226.58592,0.0007947019867549,56.69436749769163,6458687.4,0.00952599382024967
2024-07-08 17:00:00,226.69,226.46,4309816.0,225.746,226.581,-0.0009705311452267,50.70281124497999,7188141.6,0.009520354281785184
2024-07-08 18:00:00,226.45,226.976,4766366.0,226.4072,226.5286,0.0022785480879625,53.74662031672463,6023362.6,0.0034500774655565913
2024-07-08 19:00:00,226.975,227.8,8535529.0,226.88320000000004,226.5926,0.0036303397716058,56.72364569404795,5986744.8,0.002277468631740315
2024-07-08 20:00:00,227.82,227.65,1331014.0,227.1132,226.6476,-0.0006584723441615,55.81395348837212,4809572.8,0.0019511490644805193
2024-07-08 21:00:00,227.64,227.95,153421.0,227.3672,226.6586,0.0013178124313638,56.36350787930178,3819229.2,0.001950413577051853
2024-07-08 22:00:00,227.9,227.86,33997.0,227.6472,226.6966,-0.0003948234261898,51.72744721689066,2964065.4,0.0018079729354766
2024-07-08 23:00:00,227.9176,228.39,78998.0,227.93,227.16860000000003,0.0023259896427629,55.79641847313851,2026591.8,0.0018149318490631107
2024-07-09 08:00:00,228.27,227.55,46737.0,227.88,227.3816,-0.0036779193484827,51.97541703248473,328833.4,0.002292756315898633
2024-07-09 09:00:00,227.74,227.47,25062.0,227.844,227.4786,-0.0003515710832784,48.27586206896549,67643.0,0.0022820821738034837
2024-07-09 10:00:00,227.63,227.74,9126.0,227.802,227.5846,0.0011869697102915,51.22180451127829,38784.0,0.0022616139150547837
2024-07-09 11:00:00,227.74,227.53,62949.0,227.736,227.6916,-0.0009221041538596,77.41477272727298,44574.4,0.002286162706152899
2024-07-09 12:00:00,227.75,228.3002,235025.0,227.71804000000003,227.82402,0.0033850481255218,73.7632421372234,75779.8,0.0026143642264685077
2024-07-09 13:00:00,228.3,228.175,7097198.0,227.84304000000003,227.86152,-0.0005484007460351,66.404199475066,1485872.0,0.0017769097854196203
2024-07-09 14:00:00,228.175,228.42,11235687.0,228.03304,227.93852,0.0010737372630655,66.82655113724294,3727997.0,0.001709154485362203
2024-07-09 15:00:00,228.43,228.2001,4943433.0,228.12506,227.96353,-0.0009627002889414,66.82784364543666,4714858.4,0.0018620337529306385
2024-07-09 16:00:00,228.21,228.5101,4301927.0,228.32108,228.02854,0.0013584568981345,65.45132244223785,5562654.0,0.0017303057818536173
2024-07-09 17:00:00,228.525,228.1,3397684.0,228.28104,227.99954,-0.0017946690321346,53.29641350210961,6195185.8,0.0013503760625273359
2024-07-09 18:00:00,228.1,228.29,3321088.0,228.30404,228.07354,0.0008329679964927,56.97107005925414,5439963.8,0.0013953682852217168
2024-07-09 19:00:00,228.28,228.7,6505828.0,228.36004,228.19654,0.0017959612773226,57.97804442175153,4493992.0,0.0015499805020914264
2024-07-09 20:00:00,228.68,228.62,1077004.0,228.44402,228.28454,-0.0003498032356798,58.10165444311794,3720706.2,0.0014516069237136954
2024-07-09 21:00:00,228.6196,228.68,38347.0,228.478,228.39954,0.000262444230601,53.43569329921365,2867990.2,0.0013434858125548179
2024-07-09 22:00:00,228.68,228.9365,61904.0,228.6453,228.46317000000005,0.0011216547140107,69.06156341939572,2200834.2,0.0008192706685379783
2024-07-09 23:00:00,228.95,229.0,38464.0,228.7873,228.54567000000003,0.0002773694889194,71.1302618495198,1544309.4,0.0008396860807041671
2024-07-10 08:00:00,229.11,229.11,21731.0,228.8693,228.61467,0.0004803493449782,69.79539937579514,247490.0,0.0005279097170894657
2024-07-10 09:00:00,229.21,229.12,10156.0,228.96930000000003,228.70666,4.364715638772164e-05,74.38351122561716,34120.4,0.00041270730432359514
2024-07-10 10:00:00,229.13,229.55,50730.0,229.1433,228.81065,0.0018767458100558,71.39921923156031,36597.0,0.000741992826981748
2024-07-10 11:00:00,229.42,229.7,41797.0,229.296,228.97065000000003,0.0006534524068829,75.8913412563669,32575.6,0.0007139476996101895
2024-07-10 12:00:00,229.57,229.55,316628.0,229.406,229.09665,-0.0006530256856768,69.82456140350962,88208.4,0.0009293997327046694
2024-07-10 13:00:00,229.56,231.3013,9043449.0,229.84426,229.35678,0.0076292746678283,85.39051444743754,1892552.0,0.0033295079974936096
2024-07-10 14:00:00,231.31,230.2872,8945499.0,230.0777,229.5235,-0.004384324688188,67.47222495329908,3679620.6,0.004374829269670352
2024-07-10 15:00:00,230.29,231.28,4803127.0,230.4237,229.7835,0.0043111384393053,78.05123319572407,4630100.0,0.004621885652875385
2024-07-10 16:00:00,231.29,231.324,11223801.0,230.7485,230.02225,0.0001902455897613,77.47093549672294,6866500.8,0.004647947958748532
2024-07-10 17:00:00,231.32,231.96,5798984.0,231.23050000000003,230.31825,0.0027493904653213,78.3567029678862,7962972.0,0.004516008869559363
2024-07-10 18:00:00,231.965,232.155,3656340.0,231.40124,230.62275000000005,0.0008406621831349,80.14565425023916,6885550.2,0.0032924814340930908
2024-07-10 19:00:00,232.145,232.91,9492023.0,231.92580000000004,231.00175,0.0032521375804957,82.24970266231622,6994855.0,0.0017123837418396043
2024-07-10 20:00:00,232.98,232.55,997041.0,232.1798,231.30175,-0.0015456614142801,77.12145548433631,6233637.8,0.0019523436940260136
2024-07-10 21:00:00,232.54,232.6742,100222.0,232.44984,231.59917,0.0005340786927542,77.32803760561751,4008922.0,0.001918161369380906
2024-07-10 22:00:00,232.6802,232.5018,40010.0,232.5582,231.89435000000003,-0.0007409502213825,74.99557835160975,2857127.2,0.0018310556025421415
2024-07-10 23:00:00,232.5,232.37,34632.0,232.6012,232.00122,-0.0005668773317023,73.52821938435729,2132785.6,0.0018672887560882607
2024-07-11 08:00:00,232.81,232.7,37698.0,232.5592,232.2425,0.0014201489004604,73.1393059677374,241920.6,0.0011618686557741784
2024-07-11 09:00:00,232.68,232.7,14912.0,232.5892,232.38450000000003,0.0,72.53402637983385,45494.8,0.0008787567193085081
2024-07-11 10:00:00,232.69,232.63,9975.0,232.58036,232.5151,-0.0003008165019337,73.41635495544824,27445.4,0.0008617662853724585
2024-07-11 11:00:00,232.62,232.14,61111.0,232.508,232.5331,-0.0021063491381163,57.889488834120336,31665.6,0.0012631758301196862
2024-07-11 12:00:00,232.58,232.06,735257.0,232.446,232.5236,-0.0003446196260876,70.23189993609068,171790.6,0.0012557997216476736
2024-07-11 13:00:00,232.0,231.83,8733382.0,232.272,232.4156,-0.0009911229854347,57.60004421843935,1910927.4,0.0008405968538010346
2024-07-11 14:00:00,231.83,226.66,12467578.0,231.064,231.8266,-0.0223008238795669,23.33150359086936,4401460.6,0.009582534030231423
2024-07-11 15:00:00,226.66,226.86,9308693.0,229.91,231.24518,0.0008823788934969,19.308170044773917,6261204.2,0.009747228772992729
2024-07-11 16:00:00,226.864,227.72,6994714.0,229.026,230.767,0.0037908842457902,25.28807363986884,7647924.8,0.010507804887803352
2024-07-11 17:00:00,227.72,226.82,3442991.0,227.978,230.212,-0.0039522220270507,16.60598350587813,8189471.6,0.010334279945978915
2024-07-11 18:00:00,226.82,227.87,3575593.0,227.186,229.729,0.0046292214090468,26.142897924228194,7157913.8,0.011091230604818182
2024-07-11 19:00:00,227.88,227.55,8354897.0,227.36400000000003,229.214,-0.0014043094747004,24.389756302352993,6335377.6,0.0035727133139014625
2024-07-11 20:00:00,227.69,227.71,688402.0,227.534,228.72200000000004,0.0007031421665567,26.02133749674732,4611319.4,0.0035724437298105607
2024-07-11 21:00:00,227.7,227.9,72261.0,227.57,228.298,0.0008343946247419,27.761194029850714,3226828.8,0.003165484352408741
2024-07-11 22:00:00,227.85,228.34,92484.0,227.874,227.926,0.001930671347082,28.543307086614234,2556727.4,0.002200018172638118
2024-07-11 23:00:00,228.42,228.05,128412.0,227.91,227.548,-0.0012700359113602,27.751196172248882,1867291.2,0.0014471651468995436
2024-07-12 08:00:00,228.0,228.37,40825.0,228.074,227.719,0.0014032010524007,30.09345794392526,204476.8,0.0012151236209422076
2024-07-12 09:00:00,228.47,228.44,23400.0,228.22,227.877,0.0003065201208564,32.003891050583675,71476.4,0.0012293839046779935
2024-07-12 10:00:00,228.47,228.3,18300.0,228.3,227.93500000000003,-0.0006128523901242,31.818181818181827,60684.2,0.0013380241665191049
2024-07-12 11:00:00,228.3,228.58,70265.0,228.348,228.111,0.0012264564169951,34.35996150144368,56240.4,0.0011547530822424148
2024-07-12 12:00:00,228.31,228.2,717904.0,228.378,228.144,-0.0016624376585879,63.74999999999994,174138.8,0.0012863762739760598
2024-07-12 13:00:00,228.27,231.35,8270479.0,228.974,228.52400000000003,0.0138036809815951,76.2573099415204,1820069.6,0.006347424311257803
2024-07-12 14:00:00,231.36,231.85,8779050.0,229.656,228.938,0.0021612275772638,75.2136752136752,3571199.6,0.006232137221682305
2024-07-12 15:00:00,231.84,230.9001,6397054.0,230.17602,229.23801,-0.0040970455035582,74.7581888129712,4846950.4,0.0068943564799690115
2024-07-12 16:00:00,230.9,231.445,4765757.0,230.74902000000003,229.54851,0.0023598950368578,73.10984123700685,5786048.8,0.006869382126047002
2024-07-12 17:00:00,231.45,232.295,4461024.0,231.56802,229.97301,0.0036725787984186,78.7060787919853,6534672.8,0.006460859513194607
2024-07-12 18:00:00,232.28,232.22,3214275.0,231.74202,230.35801,-0.0003228653221119,77.5679111958729,5523432.0,0.0030728475821313636
2024-07-12 19:00:00,232.215,230.56,7879621.0,231.48402,230.57001,-0.0071483937645336,63.78266907086163,5343546.2,0.004497705316975802
2024-07-12 20:00:00,230.54,230.18,1252972.0,231.34,230.75801,-0.001648160999306,59.593526455192055,4314729.8,0.004215189862074568
2024-07-12 21:00:00,230.18,230.28,168369.0,231.10700000000003,230.92801,0.0004344426101311,61.86195450967044,3395252.2,0.003955121914066741
2024-07-12 22:00:00,230.27,230.23,10980.0,230.694,231.13101,-0.0002171269758555,60.1864224846108,2505243.4,0.0030946163687971266
2024-07-12 23:00:00,230.23,230.427,24644.0,230.3354,231.03871,0.0008556660730573,60.732650591997235,1867317.2,0.0032731216321096926
2024-07-15 08:00:00,232.22,234.4,226373.0,231.1034,231.29371,0.0172419030755945,73.30058518846734,336667.6,0.00783281189844431
2024-07-15 09:00:00,234.5,235.07,175817.0,232.0814,231.7107,0.0028583617747439,74.07305746376055,121236.6,0.007361389622191674
2024-07-15 10:00:00,235.0,235.09,66472.0,233.0434,232.0752,8.508103969034855e-05,76.25802222594868,100857.2,0.007407988320839356
2024-07-15 11:00:00,235.03,234.7,225517.0,233.9374,232.3157,-0.001658939129695,66.168265796637,143764.6,0.007645455945979682
2024-07-15 12:00:00,234.9101,235.06,552522.0,234.864,232.5997,0.0015338730293992,65.70480831327428,249340.2,0.007584236496587886
2024-07-15 13:00:00,235.1,234.4901,13966205.0,234.88202,232.99271,-0.002424487364928,68.24224069594914,2997306.6,0.0021868599374326894
2024-07-15 14:00:00,234.5,235.5013,8688567.0,234.96828,233.52484,0.0043123355740816,69.67912207333521,4699856.6,0.0026881007111293678
2024-07-15 15:00:00,235.51,235.09,7987526.0,234.96828,234.00584,-0.0017464871743807,64.16279871090674,6284067.4,0.002856106919297353
2024-07-15 16:00:00,235.09,235.4529,3690337.0,235.11886,234.52813,0.0015436641286315,65.91730426476818,6977031.4,0.002747180319603829
2024-07-15 17:00:00,235.46,234.5499,4208948.0,235.01684,234.94042,-0.0038351619368459,71.22671121373023,7708316.6,0.003304971366419588
2024-07-15 18:00:00,234.538,234.7837,3611405.0,235.07556,234.97879000000003,0.0009968028125358,74.87921661028312,5637356.6,0.0031388003771101315
2024-07-15 19:00:00,234.78,234.42,8079199.0,234.8593,234.91379,-0.0015490853922142,71.7532945206918,5515483.0,0.0021977689604988034
2024-07-15 20:00:00,234.4,234.95,4320792.0,234.8313,234.89979,0.0022608992406791,73.6099161647892,4782136.2,0.0025262800079094393
2024-07-15 21:00:00,234.9799,234.99,108210.0,234.73872,234.92879,0.0001702489891467,73.18880351262352,4065710.8,0.0023704946500582346
2024-07-15 22:00:00,234.99,235.26,42048.0,234.88074,234.94879,0.0011489850631941,57.00805110987962,3232330.8,0.0014160263222521654
2024-07-15 23:00:00,235.26,235.57,52508.0,235.038,235.05678000000003,0.0013176910652044,54.32840472315524,2520551.4,0.0014451627532431986
2024-07-16 08:00:00,236.0,235.01,54990.0,235.156,235.00765,-0.002377212718088,49.36666772222037,915709.6,0.001773243512079666
2024-07-16 09:00:00,235.05,234.99,22259.0,235.164,234.99765,-8.510276158453602e-05,52.43869622254383,56003.0,0.0014779839494229125
2024-07-16 10:00:00,235.0,235.15,13911.0,235.196,234.96736,0.0006808800374483,50.78318075811901,37143.2,0.0015070290202603117
2024-07-16 11:00:00,235.15,235.18,49701.0,235.18,235.03037,0.0001275781416117,56.62613573061334,38673.8,0.0014010678775877505
2024-07-16 12:00:00,235.08,234.82,225559.0,235.03000000000003,235.034,-0.0015307424100689,42.520912464048195,73284.0,0.0012701470246794496
2024-07-16 13:00:00,234.85,234.4,6921829.0,234.908,235.032,-0.0017886040371347,42.439847482140536,1446651.8,0.001081845544658769
2024-07-16 14:00:00,234.37,234.1,7223363.0,234.73,234.94700000000003,-0.0012798634812287,34.969447839128975,2886872.6,0.001093873998771979
2024-07-16 15:00:00,234.092,233.91,3540704.0,234.48200000000003,234.839,-0.0008116189662537,41.552475247524654,3592231.2,0.0007537872847903633
2024-07-16 16:00:00,233.92,233.59,5200785.0,234.164,234.67200000000005,-0.0013680475396519,34.59225030332753,4622448.0,0.0003605459516291622
2024-07-16 17:00:00,233.56,234.13,2957492.0,234.026,234.528,0.0023117427972087,46.41975308641984,5168834.6,0.0016573405219010141
2024-07-16 18:00:00,234.1136,234.79,3113904.0,234.104,234.506,0.0028189467389911,48.08612440191391,4407249.6,0.0020555042311887445
2024-07-16 19:00:00,234.795,234.81,4563513.0,234.246,234.488,8.518250351382185e-05,47.83653846153836,3875279.6,0.0018697889015235544
2024-07-16 20:00:00,234.82,234.55,587825.0,234.374,234.428,-0.0011072782249477,41.44578313253032,3284703.8,0.0019295965833303257
2024-07-16 21:00:00,234.56,234.64,23041.0,234.584,234.374,0.0003837134939244,38.16793893129748,2249155.0,0.0016305679730034331
2024-07-16 22:00:00,234.62,234.65,20006.0,234.688,234.357,4.2618479372738354e-05,44.674556213017915,1661657.8,0.0014439811028588195
2024-07-16 23:00:00,234.6512,234.3195,35332.0,234.5939,234.34895,-0.0014084807159599,40.91586505893501,1045943.4,0.0008004361716289808
2024-07-17 08:00:00,233.41,231.14,146320.0,233.8599,234.05294999999995,-0.0135690798247692,20.119225037257706,162504.8,0.005883049712360805
2024-07-17 09:00:00,231.0,231.0,49887.0,233.14990000000003,233.76195,-0.0006056935190792,19.354838709677338,54917.2,0.005930286772368843
2024-07-17 10:00:00,230.94,230.15,92555.0,232.2519,233.41795,-0.0036796536796536,18.057455540355647,68820.0,0.005615344458399553
2024-07-17 11:00:00,230.49,229.8,288530.0,231.2819,232.98495000000003,-0.0015207473386921,18.232044198894982,122524.8,0.005383564568342099
2024-07-17 12:00:00,230.5469,230.1002,556357.0,230.43804,232.51597,0.0013063533507397,22.37783486644004,226729.8,0.005846995299479294
2024-07-17 13:00:00,230.1001,229.01,10330637.0,230.01204,231.93597,-0.0047379359079218,19.90319886000674,2263593.2,0.0024138687015400166
2024-07-17 14:00:00,229.0,227.77,9285999.0,229.36604000000003,231.25797000000003,-0.0054146107156891,17.8822127058407,4110815.6,0.0027323875265477314
2024-07-17 15:00:00,227.765,228.71,5233229.0,229.07804,230.66497000000004,0.0041269701892259,21.354276774766348,5138950.4,0.004032050166589755
2024-07-17 16:00:00,228.72,228.71,3943532.0,228.86004000000003,230.07097000000005,0.0,15.456115631107636,5869950.8,0.004063566001283041
2024-07-17 17:00:00,228.72,228.631,3478637.0,228.56620000000004,229.50212,-0.0003454155917975,15.127435266496462,6454406.8,0.0038986963482780905
2024-07-17 18:00:00,228.64,229.2,4859122.0,228.6042,229.30812,0.0024887263756882,20.823698791501002,5360103.8,0.00362341443708231
2024-07-17 19:00:00,229.195,228.88,8880075.0,228.82620000000003,229.09612,-0.0013961605584641,19.35648621041878,5278919.0,0.00226620873865165
2024-07-17 20:00:00,228.88,229.05,1236065.0,228.8942,228.98612000000003,0.000742747291157,20.70639437562768,4479486.2,0.0014465519197084005
2024-07-17 21:00:00,229.05,228.93,871143.0,228.9382,228.89912,-0.0005239030779306,21.172669797494592,3865008.4,0.0014917987575068627
2024-07-17 22:00:00,228.97,229.1859,45110.0,229.04918000000004,228.80769,0.0011178089372297,34.791339134224785,3178303.0,0.0015032005116753483
2024-07-17 23:00:00,229.1,229.13,33969.0,229.03518,228.81969,-0.0002439068022945,35.2528311409734,2213272.4,0.0010082147080791193
2024-07-18 08:00:00,229.34,231.04,57747.0,229.46718,229.14669,0.0083358791952166,56.013350990513686,448806.8,0.003668862948916749
2024-07-18 09:00:00,231.1,230.48,40219.0,229.75318,229.32369,-0.0024238227146814,54.46768810280925,209637.6,0.004156398452441219
2024-07-18 10:00:00,230.34,230.07,33451.0,229.98118,229.45969,-0.0017788962165914,49.80440414507767,42099.2,0.004324960197329973
2024-07-18 11:00:00,230.09,230.0,64099.0,230.144,229.59659,-0.0003042552266701,57.38828024717164,45897.0,0.004361991791631786
2024-07-18 12:00:00,229.85,230.94,295044.0,230.506,229.77059,0.0040869565217391,74.76639894996708,98112.0,0.004549447281486567
2024-07-18 13:00:00,230.912,227.03,7302709.0,229.704,229.58559,-0.0169308045379752,41.03502742854699,1547104.4,0.007941616797514747
2024-07-18 14:00:00,227.005,226.59,9377687.0,228.926,229.33959,-0.0019380698586089,39.19447899039733,3414598.0,0.007960565323235613
2024-07-18 15:00:00,226.59,223.49,12214995.0,227.61,228.79559,-0.0136810980184473,29.966175141066813,5850906.8,0.009067321922513664
2024-07-18 16:00:00,223.49,224.21,6840341.0,226.452,228.298,0.0032216206541679,30.78078540726254,7206155.2,0.009711296857226883
2024-07-18 17:00:00,224.2,224.7,5884951.0,225.204,227.855,0.0021854511395565,34.10863912164109,8324136.6,0.009292313026978949
2024-07-18 18:00:00,224.71,224.785,4093703.0,224.755,227.2295,0.0003782821539831,33.68001346925021,7682335.4,0.0068353111157900175
2024-07-18 19:00:00,224.78,224.19,7776628.0,224.275,226.6005,-0.0026469737749404,32.49863385960501,7362123.6,0.006841916159812797
2024-07-18 20:00:00,224.18,224.74,4995889.0,224.525,226.0675,0.0024532762389045,33.93346294783859,5918302.4,0.002348927622082462
2024-07-18 21:00:00,224.73,225.17,75625.0,224.717,225.5845,0.0019133220610482,36.066150598170225,4565359.2,0.0021175279815121737
2024-07-18 22:00:00,225.17,225.26,49369.0,224.829,225.0165,0.000399698005951,26.674737691686758,3398242.8,0.001983751863919551
2024-07-18 23:00:00,225.25,224.9887,21479.0,224.86974,224.81237,-0.0012043860427949,27.311115334716035,2583798.0,0.0021288916282570076
2024-07-19 08:00:00,224.13,223.0,85232.0,224.63174,224.45337,-0.0088391105864427,24.159356725146125,1045518.8,0.004578476197343106
2024-07-19 09:00:00,222.93,224.85,72027.0,224.65374000000003,224.58937,0.0082959641255605,33.34411384217327,60746.4,0.0061676585314126234
2024-07-19 10:00:00,224.79,225.1,57424.0,224.63974,224.67837,0.0011118523460084,30.230196343940335,57106.2,0.0061194010959432716
2024-07-19 11:00:00,225.0,225.9,84463.0,224.76774,224.79837,0.0035539760106619,45.15437392795884,64125.0,0.006335753969706217
2024-07-19 12:00:00,225.15,226.28,678824.0,225.026,224.94787,0.0016821602478972,48.66379310344826,195594.0,0.006263191728117087
2024-07-19 13:00:00,226.3,225.825,9813652.0,225.591,225.11137,-0.0020107831005834,63.03740926856496,2141278.0,0.0037961657858850482
2024-07-19 14:00:00,225.81,224.8,6506610.0,225.581,225.11737,-0.0045389128750137,53.185745140388796,3428194.6,0.0032145554053064373
2024-07-19 15:00:00,224.81,224.99,6046776.0,225.55900000000003,225.09937,0.0008451957295373,51.61830357142869,4626065.0,0.0031927993283633977
2024-07-19 16:00:00,224.97,223.99,3853144.0,225.177,224.97237,-0.0044446419840881,45.97468354430385,5379801.2,0.00289852907845321
2024-07-19 17:00:00,223.97,224.61,3120084.0,224.843,224.9345,0.0027679807134247,52.12121212121222,5868053.2,0.0032357219099916987
2024-07-19 18:00:00,224.6,224.44,3221792.0,224.566,225.0785,-0.0007568674591514,48.4243697478991,4549681.2,0.003232524766040792
2024-07-19 19:00:00,224.45,224.33,7448044.0,224.47200000000004,225.0265,-0.0004901087150239,45.434782608695784,4737968.0,0.00264952761489285
2024-07-19 20:00:00,224.31,224.46,366172.0,224.36600000000004,224.9625,0.0005795034101546,45.67099567099575,3601847.2,0.002620421999780762
2024-07-19 21:00:00,224.46,224.35,448959.0,224.438,224.8075,-0.0004900650449969,46.48242589798098,2921010.2,0.0014604840648044654
2024-07-19 22:00:00,224.35,224.3,136846.0,224.376,224.6095,-0.0002228660574993,59.10364145658273,2324362.6,0.0005142006336580415
2024-07-19 23:00:00,224.3007,224.3271,10439.0,224.35342,224.45971,0.0001208203299152,45.082845912245446,1682092.0,0.00045549880462230903
2024-07-22 08:00:00,224.35,225.4,20577.0,224.56742,224.51971,0.0047827480496115,52.442996742671106,196598.6,0.002177388645451663
2024-07-22 09:00:00,225.4,225.65,8079.0,224.80542,224.58571,0.001109139307897,47.7638640429338,124980.0,0.0021674739398887433
2024-07-22 10:00:00,225.62,226.5,28506.0,225.23542000000003,224.83671,0.0037668956348326,51.8151815181518,40889.4,0.0022412269539412205
2024-07-22 11:00:00,226.5,226.78,69534.0,225.73142,225.05371,0.0012362030905077,58.11384876805453,27427.0,0.001972787943654019
2024-07-22 12:00:00,226.4091,226.8,313759.0,226.22600000000003,225.28971,8.819119851843298e-05,70.49180327868854,88091.0,0.0019814332416077094
2024-07-22 13:00:00,226.8,226.71,6063265.0,226.488,225.52771,-0.0003968253968254,67.99163179916317,1296628.6,0.0016106501325179065
2024-07-22 14:00:00,226.7,225.96,6117944.0,226.55,225.67771,-0.0033081910811168,71.74392935982338,2518601.6,0.002571124574168434
2024-07-22 15:00:00,225.96,224.0007,6677349.0,226.05014,225.64278,-0.0086710037174721,44.80943212989608,3848370.2,0.003981086309874665
2024-07-22 16:00:00,224.0,224.28,3752577.0,225.55014,225.64078,0.0012468711035278,48.661894088917165,4584978.8,0.003983397390696867
2024-07-22 17:00:00,224.31,225.19,3521927.0,225.22814,225.72707,0.0040574282147315,56.34349275661629,5226612.4,0.0048554986388318795
2024-07-22 18:00:00,225.21,225.14,2842161.0,224.91414,225.70107,-0.0002220347262312,55.075687457080406,4582391.6,0.004865275303847761
2024-07-22 19:00:00,225.14,223.93,7316462.0,224.50814,225.52907,-0.0053744336857065,47.30720898622838,4822095.2,0.005149511147383903
2024-07-22 20:00:00,223.96,224.03,1200933.0,224.514,225.28207000000003,0.0004465681239672,48.279948016206646,3726812.0,0.00343314372716362
2024-07-22 21:00:00,224.02,224.02,17194.0,224.462,225.00607,-4.463687898938047e-05,48.03932835344448,2979735.4,0.0033667258860006766
2024-07-22 22:00:00,224.1,224.16,15128.0,224.256,224.74207,0.0006249442014105,41.01266923723646,2278375.6,0.002517417907436776
2024-07-22 23:00:00,224.1597,223.89,27939.0,224.006,224.46007,-0.0012044967880086,37.280663718093116,1715531.2,0.0024880844913442272
2024-07-23 08:00:00,224.24,223.38,27302.0,223.896,224.20207,-0.0022779043280181,26.286747940291193,257699.2,0.0012273660998516104
2024-07-23 09:00:00,223.3,223.81,13006.0,223.852,224.183,0.0019249709016026,27.93003002110396,20113.8,0.0016237893558408605
2024-07-23 10:00:00,223.7,223.54,14971.0,223.756,224.109,-0.0012063804119566,26.642879660676797,19669.2,0.0016789976659004964
2024-07-23 11:00:00,223.82,224.28,34091.0,223.78000000000003,224.018,0.0033103695088127,34.07309335920087,23461.8,0.0023821906028263875
2024-07-23 12:00:00,224.07,223.8,121608.0,223.762,223.884,-0.0021401819154627,35.323295192020225,42195.6,0.002542555597583267
2024-07-23 13:00:00,223.78,224.15,4665773.0,223.916,223.906,0.0015638963360142,51.29841893795777,969889.8,0.0022782323854020348
2024-07-23 14:00:00,224.175,224.65,4340044.0,224.084,223.968,0.0022306491188935,53.09882747068683,1835297.4,0.0023232952324318042
2024-07-23 15:00:00,224.67,226.61,6255663.0,224.698,224.227,0.0087246828399733,60.11396011396025,3083435.8,0.003924301254475166
2024-07-23 16:00:00,226.63,225.254,3553967.0,224.8928,224.3364,-0.0059838489034024,50.68460245015617,3787411.0,0.005478707239370654
2024-07-23 17:00:00,225.26,225.008,3414375.0,225.1344,224.4482,-0.0010921004732434,57.32138005976639,4445964.4,0.00535291817529488
2024-07-23 18:00:00,225.0,224.78,2598243.0,225.26040000000003,224.5882,-0.0010132973049847,55.00667556742322,4032458.4,0.005419384184507551
2024-07-23 19:00:00,224.78,224.98,5396406.0,225.3264,224.7052,0.0008897588753447,56.249999999999865,4243730.8,0.005349589239065877
2024-07-23 20:00:00,225.01,224.93,3382519.0,224.9904,224.8442,-0.0002222419770645,55.07246376811601,3669102.0,0.0026386810307379854
2024-07-23 21:00:00,224.98,224.5626,211695.0,224.85212,224.87246,-0.0016333970568621,54.37469105289186,3000647.6,0.0009800450929559547
2024-07-23 22:00:00,224.56,224.76,70935.0,224.80252,224.96846,0.0008790421913532,59.35618593046589,2331959.6,0.0011254416218780888
2024-07-23 23:00:00,224.6,224.2781,43918.0,224.70214,224.98127,-0.0021440647802099,53.151467004187545,1821094.6,0.0014038689255230876
2024-07-24 08:00:00,223.44,223.76,30895.0,224.45814,224.89227,-0.0023100784249554,51.433262104549954,747992.4,0.0013715849621760928
2024-07-24 09:00:00,223.84,224.1,38917.0,224.29214,224.64127,0.0015194851626743,48.76285258701265,79272.0,0.0018000867439676898
2024-07-24 10:00:00,224.27,225.0,58851.0,224.37962,224.61587,0.0040160642570281,57.79747361854753,48703.2,0.0026634154281247654
2024-07-24 11:00:00,225.0,224.8,48655.0,224.38762000000003,224.59507,-0.0008888888888888,54.307602587212436,44247.2,0.0026997126819348592
2024-07-24 12:00:00,225.0,223.88,241874.0,224.308,224.50507,-0.0040925266903915,45.166231418240194,83838.4,0.003189682566383938
2024-07-24 13:00:00,223.8,221.29,7242080.0,223.814,224.13607,-0.0115686975165267,19.051054125750312,1526075.4,0.006032146074955805
2024-07-24 14:00:00,221.28,218.8302,8376949.0,222.76004000000003,223.52609,-0.011115730489403,16.88284907099984,3193681.8,0.0066932705826921336
2024-07-24 15:00:00,218.86,218.04,7255470.0,221.36804,222.87383,-0.0036110189544221,15.985863240520047,4633005.6,0.00480427300782533
2024-07-24 16:00:00,218.04,217.815,5947519.0,219.97104,222.17933,-0.0010319207484864,15.990546690364937,5812778.4,0.004764592499944305
2024-07-24 17:00:00,217.83,218.1803,3728251.0,218.8311,221.56955,0.0016771113100566,17.325157855282427,6510053.8,0.005973359953660021
2024-07-24 18:00:00,218.19,218.1735,4051024.0,218.2078,221.0109,-3.116688353622377e-05,17.39738850982917,5871842.6,0.005016065456267933
2024-07-24 19:00:00,218.17,218.57,10129443.0,218.15576,220.4579,0.001817360953553,21.164469252237453,6222341.4,0.002232850501582908
2024-07-24 20:00:00,218.54,218.41,1110116.0,218.22976,219.7989,-0.0007320309283067,19.33433781486636,4993270.6,0.001336005582494861
2024-07-24 21:00:00,218.4101,217.85,1768971.0,218.23676,219.1039,-0.0025639851655144,19.18958559007642,4157561.0,0.0018180186071904227
2024-07-24 22:00:00,217.86,217.9601,94973.0,218.19272,218.51191,0.000505393619463,21.06906631283873,3430905.4,0.0016176610310727946
2024-07-24 23:00:00,217.9841,218.1448,81744.0,218.18698,218.19739,0.0008474028044582,19.826922297434308,2637049.4,0.001686937771879396
2024-07-25 08:00:00,217.4,217.14,127000.0,217.90098,218.02837,-0.0046061148374841,10.594392973168098,636560.8,0.0022760130069234942
2024-07-25 09:00:00,217.1,216.46,57393.0,217.51098,217.87037,-0.0031316201528966,10.107909539662515,426016.2,0.0023745644673579236
2024-07-25 10:00:00,216.5,217.2,70173.0,217.38098,217.80887,0.0034186454772243,17.48822178094447,86256.6,0.003237445399632702
2024-07-25 11:00:00,217.06,217.0,144538.0,217.18896,217.69084000000004,-0.0009208103130754,22.790237467018372,96169.6,0.00317874396206563
2024-07-25 12:00:00,217.24,218.16,310957.0,217.192,217.68949,0.0053456221198156,44.909924962785205,142012.2,0.004246522330593555
2024-07-25 13:00:00,218.14,215.56,7191224.0,216.87600000000003,217.38849,-0.0119178584525118,35.22613544297762,1554857.0,0.006755881707789627
2024-07-25 14:00:00,215.55,218.5599,10687753.0,217.29598,217.40348,0.0139167749118574,53.334945066752645,3680929.0,0.009453150456862017
2024-07-25 15:00:00,218.54,219.3549,5475512.0,217.72696,217.55397,0.0036374467594466,55.063891427684574,4761996.8,0.009462044069212337
2024-07-25 16:00:00,219.36,220.2089,5012045.0,218.36874,217.77885,0.0038932342063022,58.17758135797516,5735498.2,0.009333026171884789
2024-07-25 17:00:00,220.2,220.348,3763029.0,218.80634,217.99917,0.0006316729251179,57.29429912369959,6425912.6,0.009271582836989657
2024-07-25 18:00:00,220.35,218.64,3546876.0,219.42234,218.14917,-0.007751375097573,50.837240455458776,5697043.0,0.007769987722009911
2024-07-25 19:00:00,218.62,217.49,7505357.0,219.20836,218.25217000000004,-0.0052597877789973,48.74350812531417,5060563.8,0.005287586780958092
2024-07-25 20:00:00,217.49,218.06,897916.0,218.94938,218.33817,0.0026208101521908,50.33783098305769,4145044.6,0.0050816685769991795
2024-07-25 21:00:00,218.1,217.8501,42362.0,218.47762000000003,218.42318,-0.0009625791066679,49.00511116962735,3151108.0,0.004270665052205404
2024-07-25 22:00:00,217.85,217.7,61633.0,217.94802,218.37718,-0.0006890058806491,52.00630553167098,2410828.8,0.004093209746240572
2024-07-25 23:00:00,217.7,217.91,35395.0,217.80202,218.61218,0.0009646302250804,55.37594542488504,1708532.6,0.0029433589313027034
2024-07-26 08:00:00,218.9,220.0,34011.0,218.30402,218.75619,0.0095911155981827,59.43650579671073,214263.4,0.004319286750360223
2024-07-26 09:00:00,220.25,219.63,13973.0,218.61802,218.7837,-0.0016818181818182,58.763161402105794,37474.8,0.004656107903683338
2024-07-26 10:00:00,219.63,219.2,23029.0,218.888,218.68281,-0.0019578381823976,53.64247688428128,33608.2,0.00480367223483987
2024-07-26 11:00:00,219.2,219.87,62449.0,219.322,218.63501,0.0030565693430657,67.45504616879953,33771.4,0.00471787780856724
2024-07-26 12:00:00,219.4,219.45,220978.0,219.63,218.71601,-0.0019102196752627,54.55709034312562,70888.0,0.005039020695491598
2024-07-26 13:00:00,219.4919,217.68,6449319.0,219.166,218.73501,-0.0080656185919342,42.20331250989205,1353949.6,0.0039499753392727545
2024-07-26 14:00:00,217.664,217.515,6352201.0,218.743,218.68051,-0.000757993384785,36.60031237253911,2621595.2,0.003996448756445241
2024-07-26 15:00:00,217.51,218.5,4655328.0,218.603,218.7455,0.0045284233271269,41.521380069737575,3548055.0,0.004928080078531596
2024-07-26 16:00:00,218.5,219.26,3414888.0,218.481,218.9015,0.0034782608695651,53.115577889447245,4218542.8,0.00500986891813366
2024-07-26 17:00:00,219.27,218.0762,3495925.0,218.20624,218.91812,-0.0053990695977378,52.93575592459778,4873532.2,0.005469367001525071
2024-07-26 18:00:00,218.06,217.7801,2939891.0,218.22626,218.69613,-0.0013577822797719,48.55868752510327,4171646.6,0.004003892312824852
2024-07-26 19:00:00,217.78,218.1,6253622.0,218.34326,218.54313,0.0014689129080204,51.27241621605105,4151930.8,0.00400867284011034
2024-07-26 20:00:00,217.99,217.87,1176581.0,218.21726,218.41013,-0.0010545621274644,50.85860320410521,3456181.4,0.0033436826970130425
2024-07-26 21:00:00,217.87,217.81,17565.0,217.92726,218.20413,-0.0002753935833295,49.4871689675686,2776716.8,0.0025288271628554925
2024-07-26 22:00:00,217.82,217.82,14318.0,217.87602,218.04113,4.591157430784126e-05,35.7884169078724,2080395.4,0.0011086234042862314
2024-07-26 23:00:00,217.81,217.9,8928.0,217.9,218.06313,0.000367275732256,38.27881514404194,1494202.8,0.0009248884612906613
2024-07-29 08:00:00,218.69,218.29,29616.0,217.938,218.14063,0.0017898118402936,43.80092100602199,249401.6,0.0010459359084072854
2024-07-29 09:00:00,218.3,218.75,10712.0,218.114,218.16563,0.0021072884694672,42.14564223400372,16227.8,0.0010724805484950573
2024-07-29 10:00:00,218.51,217.7,55853.0,218.092,218.00963,-0.0048,38.72393618392225,23885.4,0.002773676567735364
2024-07-29 11:00:00,217.8,218.0,76135.0,218.128,218.00201,0.0013780431786863,52.5438010747559,36248.8,0.0028537716952459742
2024-07-29 12:00:00,217.5,217.0,313016.0,217.948,217.92400000000004,-0.0045871559633027,46.38586346283414,97066.4,0.003544127700595594
2024-07-29 13:00:00,217.02,218.94,6191847.0,218.07800000000003,218.008,0.0089400921658986,52.722839674249364,1329512.6,0.005667907487682658
2024-07-29 14:00:00,218.95,217.815,5521755.0,217.891,218.0025,-0.00513839408057,41.44443918150817,2431721.2,0.0060985423833410145
2024-07-29 15:00:00,217.83,218.03,4129476.0,217.957,218.0245,0.0009870761885086,49.69101123595507,3246445.8,0.0056952743088853645
2024-07-29 16:00:00,218.04,218.78,2711680.0,218.113,218.1205,0.0034398935926248,56.30461922596752,3773554.8,0.005863561354586291
2024-07-29 17:00:00,218.79,218.36,3003021.0,218.385,218.1665,-0.0019197367218209,51.618929016189405,4311555.8,0.0053586471155516735
2024-07-29 18:00:00,218.37,218.57,3061864.0,218.311,218.1945,0.0009617145997434,54.369538077403185,3685559.2,0.003288736643429449
2024-07-29 19:00:00,218.56,218.22,5564125.0,218.392,218.1415,-0.0016013176556709,52.469879518072275,3694033.2,0.002195682197599496
2024-07-29 20:00:00,218.24,218.31,352984.0,218.448,218.2025,0.0004124278251306,52.92362768496425,2938734.8,0.002170432366031733
2024-07-29 21:00:00,218.38,218.18,21287.0,218.32800000000003,218.2205,-0.0005954834867848,51.66073546856466,2400656.2,0.0012444931731022532
2024-07-29 22:00:00,218.26,218.15,17992.0,218.286,218.3355,-0.0001375011458428,49.132589838909624,1803650.4,0.0009808587655898596
2024-07-29 23:00:00,218.2997,217.19,30551.0,218.01,218.1605,-0.0044006417602567,40.89848308051341,1197387.8,0.0019025395998813167
2024-07-30 08:00:00,218.42,218.79,17568.0,218.124,218.258,0.0073668216768727,55.975877192982495,88076.4,0.004265543607001837
2024-07-30 09:00:00,218.8,218.69,13056.0,218.2,218.324,-0.0004570592805886,53.867713004484315,20090.8,0.004289148751050536
2024-07-30 10:00:00,218.74,218.99,13492.0,218.362,218.345,0.0013718048378984,62.10462287104633,18531.8,0.004270325591957228
2024-07-30 11:00:00,219.0,219.15,35460.0,218.562,218.424,0.0007306269692679,51.63043478260877,22025.4,0.004242846738958541
2024-07-30 12:00:00,218.9,219.59,107524.0,219.042,218.526,0.0020077572438968,65.4213727193746,37420.0,0.003026460484475083
2024-07-30 13:00:00,219.6,219.64,5060614.0,219.212,218.668,0.0002276970718155,64.40071556350627,1046029.2,0.0009611632507590319
2024-07-30 14:00:00,219.66,218.7213,5512588.0,219.21826,218.70913,-0.0041827535967946,49.49033636063705,2145935.6,0.002448939250971864
2024-07-30 15:00:00,218.729,216.545,5171987.0,218.72926,218.54563,-0.0099501054538356,37.92415169660655,3177634.6,0.004903503643712749
2024-07-30 16:00:00,216.5533,216.15,2973056.0,218.12926,218.34563000000003,-0.001824101226073,34.28571428571429,3765153.8,0.004643661309148674
2024-07-30 17:00:00,216.17,217.58,2905663.0,217.72726000000003,218.38463,0.0066157760814249,46.35535307517091,4324781.6,0.006062932068790408
2024-07-30 18:00:00,217.585,218.2,3220187.0,217.43926,218.32563,0.0028495266109016,49.409237379162114,3956696.2,0.006389196798192573
2024-07-30 19:00:00,218.21,218.79,7355251.0,217.453,218.33563,0.0027039413382218,53.121801432957966,4325228.8,0.006354138941470798
2024-07-30 20:00:00,218.77,217.45,1559172.0,217.634,218.18163,-0.0061245943598884,46.84115523465695,3602665.8,0.0049110841305115465
2024-07-30 21:00:00,217.4,217.12,682281.0,217.82800000000003,217.97863,-0.0015175902506322,49.665071770334954,3144510.8,0.004871203051347556
2024-07-30 22:00:00,217.23,217.61,106403.0,217.834,217.78063000000003,0.0022568165070007,43.68308351177738,2584658.8,0.0038836968903166835
2024-07-30 23:00:00,217.59,218.1,55230.0,217.814,217.62663000000003,0.0022517347548365,46.96813977389513,1951667.4,0.0037832406119017734
2024-07-31 08:00:00,219.67,220.24,53743.0,218.104,217.7785,0.0098120128381477,55.40190146931724,491365.8,0.005859452018092512
2024-07-31 09:00:00,220.33,220.49,26320.0,218.712,218.173,0.001135125317835,55.74614065180107,184795.4,0.004218311097628844
2024-07-31 10:00:00,220.26,220.42,20850.0,219.372,218.6,-0.0003174747154066,53.67581930912306,52509.2,0.003936855245472663
2024-07-31 11:00:00,220.32,220.25,112414.0,219.9,218.867,-0.0007712548770528,52.67309377738832,53711.4,0.004301131388116356
2024-07-31 12:00:00,220.0,221.3,376320.0,220.54,219.177,0.0047673098751419,61.171618448528314,117929.4,0.004421669514438706
2024-07-31 13:00:00,221.28,221.98,6377899.0,220.888,219.496,0.0030727519204698,77.05326032852177,1382760.6,0.002329910895924821
2024-07-31 14:00:00,221.98,222.61,6842225.0,221.312,220.012,0.002838093521939,81.42023346303506,2745941.6,0.0023731850845718815
2024-07-31 15:00:00,222.605,222.55,3828197.0,221.738,220.555,-0.0002695296707245,77.89001122334456,3507411.0,0.0023619652785132213
2024-07-31 16:00:00,222.57,222.54,2623326.0,222.196,221.048,-4.4933722759017415e-05,76.14457831325291,4009593.4,0.0021689436295748267
2024-07-31 17:00:00,222.54,222.17,4044635.0,222.37,221.455,-0.0016626224498966,70.91584158415829,4743256.4,0.0020760939875865796
2024-07-31 18:00:00,222.19,222.665,3555974.0,222.507,221.6975,0.0022280235855426,86.04008293020023,4178871.4,0.0018674461036818854
2024-07-31 19:00:00,222.665,221.99,8635406.0,222.383,221.8475,-0.0030314598163159,82.12401055408957,4537507.6,0.001965105328502834
2024-07-31 20:00:00,222.08,222.32,3128490.0,222.337,222.0375,0.0014865534483534,81.73854447439332,4397566.2,0.002174863000644356
2024-07-31 21:00:00,222.401,222.83,121835.0,222.395,222.2955,0.0022939906441166,81.78763440860203,3897268.0,0.0024517754269665886
2024-07-31 22:00:00,222.85,223.3,364090.0,222.621,222.4955,0.0021092312525243,76.51646447140365,3161159.0,0.002285867412243655
2024-07-31 23:00:00,223.25,223.8,90021.0,222.848,222.6775,0.0022391401701746,77.49169435215931,2467968.4,0.0022873443720831895
2024-08-01 08:00:00,223.8,223.05,44591.0,223.06,222.7215,-0.0033512064343163,69.62686567164192,749805.4,0.002428997898391897
2024-08-01 09:00:00,223.26,223.62,18201.0,223.32,222.8285,0.0025554808338937,73.73239436619714,127747.6,0.0025322634893202214
2024-08-01 10:00:00,223.6,224.0,25534.0,223.554,222.9745,0.0016993113317234,70.99533437013986,108487.4,0.002479653214098056
2024-08-01 11:00:00,224.0,224.25,136537.0,223.744,223.1825,0.0011160714285714,68.91666666666666,62976.8,0.0024124996920001063
2024-08-01 12:00:00,223.98,224.44,335241.0,223.872,223.36,0.0008472686733556,66.45683453237396,112020.8,0.0022895606975902394
2024-08-01 13:00:00,224.44,224.28,5933066.0,224.118,223.589,-0.0007128854036713,65.28268551236741,1289715.8,0.0012070913309867818
2024-08-01 14:00:00,224.24,220.985,7658230.0,223.591,223.45550000000003,-0.0146914571071873,41.30799329234218,2817721.6,0.006957456329385368
2024-08-01 15:00:00,221.0,219.8,5043113.0,222.751,223.1525,-0.0053623549109668,37.85860655737713,3821237.4,0.00663988324560054
2024-08-01 16:00:00,219.7901,218.74,4545337.0,221.649,222.6965,-0.0048225659690627,30.992736077481837,4702997.4,0.006054826874746077
2024-08-01 17:00:00,218.72,218.63,5485080.0,220.487,222.1795,-0.0005028801316632,32.78688524590156,5732965.2,0.005754389801594068
2024-08-01 18:00:00,218.62,217.495,5882393.0,219.13,221.624,-0.0051914192928691,27.16516800757222,5722830.6,0.0051995519967590244
2024-08-01 19:00:00,217.48,218.28,10447032.0,218.58900000000003,221.09,0.0036092783742154,29.01291512915118,6280591.0,0.003941202570475431
2024-08-01 20:00:00,218.36,219.77,3940837.0,218.583,220.667,0.0068260949239509,35.11804384485664,6060135.8,0.005245998459020889
2024-08-01 21:00:00,219.75,219.0,3292103.0,218.635,220.142,-0.0035036629203258,30.214344600164836,5809489.0,0.004969798830947599
2024-08-01 22:00:00,220.0,220.0,542730.0,218.909,219.698,0.0045662100456621,37.68174474959608,4821019.0,0.005285471438433224
2024-08-01 23:00:00,220.0,219.6,260017.0,219.33,219.23,-0.0018181818181818,33.53808353808351,3696543.8,0.004396439114904118
2024-08-02 08:00:00,217.9,218.15,83829.0,219.304,218.9465,-0.0066029143897995,27.974397590361463,1623903.2,0.0056251458209526295
2024-08-02 09:00:00,218.0,218.01,39669.0,218.952,218.7675,-0.0006417602567041,26.309794988610477,843669.6,0.004112209197176952
2024-08-02 10:00:00,218.05,220.47,105605.0,219.246,218.9405,0.0112838860602725,37.14378238341972,206370.0,0.006824206074754033
2024-08-02 11:00:00,220.1,217.5,321140.0,218.746,218.8275,-0.0134712205742277,31.424657534246606,162052.0,0.009093990168781815
2024-08-02 12:00:00,220.02,215.3,1291240.0,217.886,218.608,-0.0101149425287355,33.430486738560205,368296.6,0.009730179871647987
2024-08-02 13:00:00,215.36,223.24,17230299.0,218.904,219.104,0.0368787738039944,57.19364282726892,3797590.6,0.0203530920374809
2024-08-02 14:00:00,223.205,222.4,19539631.0,219.782,219.367,-0.0037627665292958,57.72477838750525,7697583.0,0.02060747453441554
2024-08-02 15:00:00,222.41,223.205,9945863.0,220.329,219.7875,0.0036196043165467,59.38076686487597,9665634.6,0.020226888982604656
2024-08-02 16:00:00,223.205,224.235,8681216.0,221.676,220.211,0.0046145919670258,63.87973640856673,11337649.8,0.018136855568935108
2024-08-02 17:00:00,224.215,224.19,7072095.0,223.454,220.67,-0.0002006823198876,62.553101104502936,12493820.8,0.016355289797452027
2024-08-02 18:00:00,224.2,222.7,6555484.0,223.346,221.125,-0.0066461483563049,56.22344944774846,10358857.8,0.0047863728919728754
2024-08-02 19:00:00,222.7,219.8,14662108.0,222.826,221.304,-0.0130220026942073,51.558239189715636,9383353.2,0.0074348361437481724
2024-08-02 20:00:00,219.86,219.82,1651376.0,222.14900000000003,221.23900000000003,9.09918107369509e-05,49.63547995139731,7724455.8,0.006875718624724044
2024-08-02 21:00:00,219.82,219.34,384530.0,221.17,221.423,-0.002183604767537,49.47517157852242,6065118.6,0.005524932123325255
2024-08-02 22:00:00,219.5493,219.5,7036197.0,220.23200000000003,221.843,0.0007294611106045,52.874787052810895,6057939.0,0.005713782123901307
2024-08-02 23:00:00,219.53,219.25,41346.0,219.542,221.444,-0.0011389521640091,52.62823230182283,4755111.4,0.0056563838096473605
2024-08-05 08:00:00,206.94,202.3,589069.0,216.042,219.43400000000003,-0.0773090079817559,26.142331932773104,1940503.6,0.03431226358927212
2024-08-05 09:00:00,202.4,202.4,430826.0,212.558,217.3535,0.000494315373208,28.55722806021015,1696393.6,0.03435987902148182
2024-08-05 10:00:00,202.39,203.25,411739.0,209.34,215.255,0.0041996047430829,32.20614294152388,1701835.4,0.03510653515763714
2024-08-05 11:00:00,203.44,203.07,1322852.0,206.054,213.143,-0.0008856088560885,11.360153256704905,559166.4,0.03493719300664901
2024-08-05 12:00:00,203.0,197.65,4052063.0,201.734,210.638,-0.0266903038361155,9.664276401564464,1361309.8,0.034278539372945456
2024-08-05 13:00:00,197.65,207.63,27800821.0,202.8,209.421,0.0504932962307108,30.460419018943625,6803660.2,0.027964860968433574
2024-08-05 14:00:00,207.83,209.5599,14942317.0,204.23198,208.39499,0.0092948995809854,31.995907240601696,9705958.4,0.02784598852989345
2024-08-05 15:00:00,209.57,210.335,12311737.0,205.64898,207.49449,0.0036987038073601,33.30119320236227,12085958.0,0.027860749082784565
2024-08-05 16:00:00,210.335,210.38,6842673.0,207.11098,206.58249,0.0002139444219934,34.6153846153846,13189922.2,0.027785385574727702
2024-08-05 17:00:00,210.36,210.76,5437018.0,209.73298,205.73349,0.0018062553474664,37.953091684434916,13466913.2,0.021182072896992747
2024-08-05 18:00:00,210.77,204.7596,12466614.0,209.1589,205.97945,-0.028470297969254,32.68935458064752,10400071.8,0.014813223101397708
2024-08-05 19:00:00,204.79,209.2,18083933.0,209.08692,206.65945,0.0216859185112687,39.31749991571989,11028395.0,0.018011098112104065
2024-08-05 20:00:00,209.27,210.7996,2155178.0,209.17984,207.41441,0.0076462715105162,41.10395824983026,8997083.2,0.01830948822393664
2024-08-05 21:00:00,210.64,210.34,1556282.0,209.17184,208.14141,-0.0021802697917832,40.92852779474647,7939805.0,0.018352594680188385
2024-08-05 22:00:00,210.33,210.45,98555.0,209.10984,209.42141,0.0005229628220974,62.62782770374961,6872112.4,0.018331686540306334
2024-08-05 23:00:00,210.5,211.85,109470.0,210.52792,209.84341,0.0066524114991684,64.07506702412869,4400683.6,0.009251399146622949
2024-08-06 08:00:00,211.84,210.33,135869.0,210.75392,209.92042,-0.0071748878923765,60.338785046729015,811070.8,0.006189701749268802
2024-08-06 09:00:00,210.32,209.21,81182.0,210.436,209.80792,-0.005324965530357,58.72654917566803,396271.6,0.005427975410086913
2024-08-06 10:00:00,209.02,208.5,115579.0,210.068,209.61992,-0.0033937192294823,67.80439776829672,108131.0,0.005492683242647045
2024-08-06 11:00:00,208.45,207.74,229141.0,209.526,209.31792,-0.0036450839328536,50.2588235294118,134248.2,0.0053777727156613915
2024-08-06 12:00:00,208.9,205.8907,3265682.0,208.33414,209.43103,-0.00890199287571,41.33371753568831,765490.6,0.002351042857051291
2024-08-06 13:00:00,206.0,203.19,13558404.0,206.90614,208.83003,-0.0131171539073887,34.53128382766826,3449997.6,0.004123937846640631
2024-08-06 14:00:00,203.19,207.546,10712572.0,206.57334,208.50467000000003,0.021438062896796,44.829599357804845,5576275.6,0.013454433989540347
2024-08-06 15:00:00,207.52,208.45,6748597.0,206.56334,208.31567,0.0043556609137251,45.864661654135325,6902879.2,0.013630396268422303
2024-08-06 16:00:00,208.46,209.7,4981411.0,206.95534,208.24067,0.0059966418805468,60.65678441388115,7853333.2,0.013663197801079366
2024-08-06 17:00:00,209.69,208.51,4087580.0,207.4792,207.90667,-0.0056747734859322,48.26887180619393,8017712.8,0.01308618486913347
2024-08-06 18:00:00,208.51,208.78,4815308.0,208.5972,207.75167,0.0012949019231692,44.570850986042714,6269093.6,0.009976658058207109
2024-08-06 19:00:00,208.74,207.125,9262794.0,208.513,207.54317,-0.0079270045023469,41.87926244001008,5979138.0,0.006141755652746112
2024-08-06 20:00:00,207.23,205.5,5241057.0,207.923,207.24317,-0.0078455039227519,38.38573439699674,5677630.0,0.006207895916902024
2024-08-06 21:00:00,205.5,204.93,162174.0,206.969,206.96217,-0.0027737226277371,33.10546875000003,4713782.6,0.003900046739361985
2024-08-06 22:00:00,205.0,205.83,76151.0,206.433,206.9561,0.0043917435221783,38.67069486404834,3911496.8,0.005476615358816921
2024-08-06 23:00:00,206.16,205.01,55696.0,205.679,207.1381,-0.0039838701841326,39.26380368098157,2959574.4,0.005035908510101176
2024-08-07 08:00:00,208.3,208.33,77905.0,205.92,207.2165,0.0161943319838057,49.61659900766804,1122596.6,0.009480259532736231
2024-08-07 09:00:00,208.31,208.44,49783.0,206.508,207.2155,0.000528008448135,51.62639405204458,84341.8,0.00812658574931301
2024-08-07 10:00:00,208.5,209.27,33718.0,207.37600000000003,207.1725,0.0039819612358473,58.24191369075201,58650.6,0.007490077481575633
2024-08-07 11:00:00,208.91,207.95,147130.0,207.8,207.1165,-0.0063076408467531,62.44769874476981,72846.4,0.008836904287317713
2024-08-07 12:00:00,208.8,208.0799,2909178.0,208.41398,207.04649,0.0006246693916807,51.79234451688279,643542.8,0.00826800564276903
2024-08-07 13:00:00,208.03,212.4,7943224.0,209.22798000000003,207.57399,0.0207617362368974,60.78645548880393,2216606.6,0.010131847574378225
2024-08-07 14:00:00,212.43,213.15,8125470.0,210.16998,208.33899,0.0035310734463276,59.68556990454801,3831744.0,0.009968360582787142
2024-08-07 15:00:00,213.18,212.5799,5604886.0,210.83196000000004,209.10398,-0.0026746422707013,61.83791833671706,4945977.6,0.010488831362336467
2024-08-07 16:00:00,212.5799,211.555,4668480.0,211.55296,209.67648,-0.0048212460350202,57.73195876288658,5850247.6,0.01016862998052579
2024-08-07 17:00:00,211.54,210.93,4714356.0,212.12298,210.26848,-0.0029543144808678,61.247413538279595,6211283.2,0.010539458202075448
2024-08-07 18:00:00,210.9,208.94,6086623.0,211.43098,210.32948,-0.0094344095197459,59.953703703703646,5839963.0,0.00466677122534299
2024-08-07 19:00:00,208.945,209.86,8438477.0,210.77298,210.47148,0.0044031779458218,63.98184912081672,5902564.4,0.004989669219881906
2024-08-07 20:00:00,209.82,208.71,5224349.0,209.999,210.41548000000003,-0.0054798437053273,58.05369127516773,5826457.0,0.00508716334721284
2024-08-07 21:00:00,208.63,208.39,72120.0,209.366,210.45948,-0.0015332279239136,59.72382048331408,4907185.0,0.005111550681442758
2024-08-07 22:00:00,208.39,208.9,58594.0,208.96,210.54149,0.0024473343250636,51.95607412491417,3976032.6,0.005664464159995803
2024-08-07 23:00:00,208.71,208.25,74104.0,208.822,210.12649,-0.0031115366203925,49.37127729980147,2773528.8,0.004040254183436911
2024-08-08 08:00:00,209.75,209.8,38104.0,208.81,209.79149,0.0074429771908764,51.674036639292474,1093454.2,0.005085211667477066
2024-08-08 09:00:00,209.8,209.37,10503.0,208.942,209.4705,-0.002049571020019,54.75234270414995,50685.0,0.0043467715513553756
2024-08-08 10:00:00,209.46,209.61,33024.0,209.186,209.276,0.00114629603095,55.08335492787422,42865.8,0.004173710909641662
2024-08-08 11:00:00,209.4,209.76,44206.0,209.358,209.159,0.0007156147130383,37.86764705882356,39988.2,0.004113156541890784
2024-08-08 12:00:00,209.5,211.6,311785.0,210.028,209.425,0.0087719298245614,43.52548036758563,87524.4,0.004663608449364997
2024-08-08 13:00:00,211.54,210.73,5987608.0,210.214,209.512,-0.0041115311909262,42.4616337541463,1277425.2,0.0048958452863641705
2024-08-08 14:00:00,210.67,212.19,5976385.0,210.778,209.86,0.0069282968727756,52.49901613537972,2470601.6,0.005183991619537246
2024-08-08 15:00:00,212.19,212.39,4499939.0,211.334,210.26,0.0009425514868749,55.944625407166,3363984.6,0.005199936967116245
2024-08-08 16:00:00,212.37,213.175,4457830.0,212.017,210.6875,0.0036960308865766,69.11963882618498,4246709.4,0.005092565102190167
2024-08-08 17:00:00,213.22,213.68,4194586.0,212.433,211.23050000000003,0.002368945701888,67.91744840525311,5023269.6,0.0040547376019968925
2024-08-08 18:00:00,213.67,212.915,3140251.0,212.87,211.542,-0.0035801198053164,70.46228710462262,4453798.2,0.0038578290830219666
2024-08-08 19:00:00,212.91,213.34,6943993.0,213.1,211.939,0.0019961017307376,73.84393063583805,4647319.8,0.0027874602756196025
2024-08-08 20:00:00,213.31,213.54,2903833.0,213.33,212.332,0.0009374707040404,73.0387288977158,4328098.6,0.0027875259763761916
2024-08-08 21:00:00,213.5016,213.3534,450749.0,213.36568,212.69134,-0.0008738409665636,76.56194699477427,3526682.4,0.0024449960692132827
2024-08-08 22:00:00,213.4,213.465,19621.0,213.32268,212.87784,0.0005230757981827,72.43456330648107,2691689.4,0.002151674413464655
2024-08-08 23:00:00,213.5,213.9482,32501.0,213.52932,213.19966,0.0022636029325651,77.84318972437775,2070139.4,0.001257660490640111
2024-08-09 08:00:00,213.41,214.1,63725.0,213.68132,213.39066,0.0007095175374225,77.60291152313954,694085.8,0.0011190284603786514
2024-08-09 09:00:00,214.14,212.44,59281.0,213.46132000000003,213.39566,-0.007753386268099,63.89580222332834,125175.4,0.003921543782881866
2024-08-09 10:00:00,212.4,212.3,61558.0,213.25064000000003,213.30816,-0.0006590096027112,54.40628462080783,47337.2,0.003924806053650284
2024-08-09 11:00:00,212.46,211.62,189527.0,212.88164,213.10216,-0.0032030146019783,55.7395655987206,81318.4,0.003921035350931509
2024-08-09 12:00:00,212.7,211.18,139694.0,212.32800000000003,212.92866,-0.0020791985634628,42.499851482207646,102757.0,0.003236995380554248
2024-08-09 13:00:00,211.2,212.56,4246228.0,212.02,212.85066,0.0065347097262998,51.074154577162304,939257.6,0.00518606934650096
2024-08-09 14:00:00,212.58,214.82,5623578.0,212.496,212.97866,0.0106322920587127,58.760997848362756,2052117.0,0.006032435361960772
2024-08-09 15:00:00,214.82,214.7,4117549.0,212.97600000000003,213.11332,-0.0005586072060329,55.664652567975736,2863315.2,0.006020506618294349
2024-08-09 16:00:00,214.7,215.435,3901265.0,213.739,213.31032,0.0034233814625058,64.041813399902,3605662.8,0.005187574272303057
2024-08-09 17:00:00,215.4382,215.9164,3817952.0,214.68628,213.50714,0.0022345487037854,64.26641268716227,4341314.4,0.00428995957598771
2024-08-09 18:00:00,215.93,215.61,3770389.0,215.29628,213.65814,-0.0014190677502959,61.32880910683024,4246146.6,0.004772692541850129
2024-08-09 19:00:00,215.605,216.3,7407864.0,215.59228,214.04414000000003,0.0032002226241825,65.28414631616086,4603003.8,0.0022255209298651804
2024-08-09 20:00:00,216.24,216.12,2149576.0,215.87628,214.42614,-0.0008321775312066,63.6745709635551,4209409.2,0.00228747681675121
2024-08-09 21:00:00,216.09,216.1703,19159.0,216.02334,214.88117000000005,0.000232741069776,61.9791048960096,3432988.0,0.0019786926037757063
2024-08-09 22:00:00,216.17,216.25,9866.0,216.09006,215.38817,0.0003686907960991,61.68122745251449,2671370.8,0.0017788370592604831
2024-08-09 23:00:00,216.31,216.468,19882.0,216.26166,215.77897,0.001008092485549,75.95093289351611,1921269.4,0.0014980057008297696
2024-08-12 08:00:00,216.77,216.7,32826.0,216.34166,215.96697,0.0010717519448602,78.01548492257524,446261.8,0.0007687148681823826
2024-08-12 09:00:00,216.79,216.92,11235.0,216.50166,216.18897,0.0010152284263959,85.8456876961367,18593.6,0.0004039997909092104
2024-08-12 10:00:00,216.9,216.85,27956.0,216.6376,216.33047,-0.0003226996127604,90.36851398302669,20353.0,0.0006046492228632436
2024-08-12 11:00:00,216.8,216.8,49311.0,216.7476,216.41883,-0.0002305741295825,87.24002248454211,28242.0,0.0007177643015192702
2024-08-12 12:00:00,216.7,216.68,125716.0,216.79,216.52583,-0.0005535055350553,76.1765368160327,49408.8,0.0007827595414356878
2024-08-12 13:00:00,216.72,216.9924,4821895.0,216.84848,216.59507,0.0014417574303119,80.60450710242478,1007222.6,0.0008956016875403143
2024-08-12 14:00:00,217.0,218.63,6154150.0,217.19048,216.84607,0.0075468080909745,84.37110030552111,2235805.6,0.0034304567413694746
2024-08-12 15:00:00,218.64,218.7301,5556532.0,217.5665,217.10205,0.0004578511640671,82.97433493495858,3341520.8,0.0033389714289271655
2024-08-12 16:00:00,218.73,217.19,3114423.0,217.6445,217.19605,-0.0070410976815719,64.3631140685793,3954543.2,0.005206730904619361
2024-08-12 17:00:00,217.19,216.845,3476125.0,217.6775,217.23375,-0.0015884709240756,55.28592489137175,4624625.0,0.005272794629494343
2024-08-12 18:00:00,216.85,217.3852,2390802.0,217.75606,217.30227,0.0024911803361848,61.46970301338077,4138406.4,0.005356622594451957
2024-08-12 19:00:00,217.4,217.55,4705100.0,217.54006,217.36527,0.0007581012874842,62.25332599158088,3848596.4,0.0036825448496824644
2024-08-12 20:00:00,217.53,217.6182,884094.0,217.31768,217.44209,0.0003134911514593,62.17606435996026,2914108.8,0.0036689503325867986
2024-08-12 21:00:00,217.6,217.53,38464.0,217.38568,217.51509,-0.0004052969834324,59.674598258208086,2298917.0,0.0015061643334981173
2024-08-12 22:00:00,217.55,217.65,8376.0,217.54668,217.61209,0.000551648048545,58.83457947401725,1605367.2,0.001071918258696966
2024-08-12 23:00:00,217.6,217.59,27010.0,217.58764,217.67185,-0.000275671950379,56.421807307441824,1132608.8,0.0005099008154579233
2024-08-13 08:00:00,218.31,218.54,25269.0,217.78564,217.66285,0.0043660094673467,63.86018436505599,196642.6,0.0019725658726621317
2024-08-13 09:00:00,218.54,218.66,7059.0,217.994,217.65584,0.0005490985631921,65.08124412155797,21235.6,0.001957509413741962
2024-08-13 10:00:00,218.65,217.89,25258.0,218.066,217.72584,-0.0035214488246593,58.87539242437564,18594.4,0.0028101122713219363
2024-08-13 11:00:00,217.92,218.24,25698.0,218.18400000000003,217.86534,0.0016063151131305,59.10098917452075,22058.8,0.00286949596242536
2024-08-13 12:00:00,217.97,218.5009,1700885.0,218.36618,217.97691,0.0011954728739002,48.82154267457788,356833.8,0.0028395949504706323
2024-08-13 13:00:00,218.58,221.13,7090817.0,218.88418,218.33491,0.0120324447176189,64.98719790170485,1769943.4,0.005773871958120281
2024-08-13 14:00:00,221.13,220.97,5367106.0,219.34618,218.67009,-0.0007235562791118,78.52227453821072,2841952.8,0.005900993916166745
2024-08-13 15:00:00,220.98,221.1203,4279692.0,219.99224,219.02912,0.0006801828302483,83.23615840291045,3692839.6,0.005148334885770462
2024-08-13 16:00:00,221.1,221.585,2724225.0,220.66124,219.42262,0.0021015709548151,83.03703470627097,4232545.0,0.005120512698204301
2024-08-13 17:00:00,221.57,220.93,3139496.0,221.14706,219.75662,-0.002955976261931,74.68450572563674,4520267.2,0.005790599001353834
2024-08-13 18:00:00,220.93,221.23,2358966.0,221.16706,220.02562,0.0013578961662064,75.51354864231007,3573897.0,0.0019963791537921383
2024-08-13 19:00:00,221.23,221.27,5367035.0,221.22706,220.28662,0.0001808073046151,76.6002844950213,3573882.8,0.0019443029872431028
2024-08-13 20:00:00,221.27,220.44,3371453.0,221.091,220.54162,-0.0037510733493018,68.02325581395334,3392235.0,0.0026086633877745757
2024-08-13 21:00:00,220.45,220.68,32112.0,220.91,220.78562,0.0010887316276538,69.50757575757567,2853812.4,0.0023739000534484796
2024-08-13 22:00:00,220.69,220.65,23727.0,220.854,221.00053,-0.0001359434475258,65.07142857142856,2230658.6,0.0020514405011145126
2024-08-13 23:00:00,220.6,220.7,40300.0,220.748,220.95753,0.0002266032177656,64.71861471861459,1766925.4,0.0018851493597447902
2024-08-14 08:00:00,221.28,221.07,42335.0,220.708,220.96753,0.0016764839148165,74.34915773353745,701985.4,0.002119908009785631
2024-08-14 09:00:00,221.19,221.61,15638.0,220.942,221.0165,0.0024426652191614,75.0744047619047,30822.4,0.0010508890917025986
2024-08-14 10:00:00,221.69,221.35,15651.0,221.076,220.993,-0.0011732322548622,71.20150020091954,27530.2,0.0014473558393781625
2024-08-14 11:00:00,221.33,221.04,34261.0,221.154,221.004,-0.0014004969505308,48.9772727272727,29637.0,0.0016984119887332248
2024-08-14 12:00:00,221.2,221.41,1333982.0,221.296,221.022,0.0016739051755338,54.77223427331877,288373.4,0.0017919420354259987
2024-08-14 13:00:00,221.35,220.95,6251706.0,221.272,220.99,-0.0020775936046249,48.269203406711846,1530247.6,0.00202272345481962
2024-08-14 14:00:00,220.945,221.6901,4979140.0,221.28802,221.11501,0.0033496266123557,51.011530095666984,2522948.0,0.0023263979610390942
2024-08-14 15:00:00,221.695,222.9701,3936281.0,221.61204,221.34402,0.0057738257143643,67.52633116269452,3307074.0,0.0032757622595579847
2024-08-14 16:00:00,222.97,221.04,4048549.0,221.61204,221.38302,-0.0086563175959467,48.724866446538385,4109931.6,0.005625976465911615
2024-08-14 17:00:00,221.03,221.27,3326989.0,221.58404,221.44002,0.0010405356496562,50.0,4508533.0,0.005586211669634351
2024-08-14 18:00:00,221.26,221.57,2910963.0,221.70804,221.49002,0.0013558096443258,57.94633062361104,3840384.4,0.005494768575731043
2024-08-14 19:00:00,221.58,221.61,5775363.0,221.69202,221.49002,0.0001805298551248,56.72918294694795,3999629.0,0.005272659258921348
2024-08-14 20:00:00,221.72,221.68,2047538.0,221.43400000000003,221.52302,0.0003158702224628,57.40985870910182,3621880.4,0.0042231913472116096
2024-08-14 21:00:00,221.71,221.85,14023.0,221.596,221.60402,0.0007668711656441,58.13272608978524,2814975.2,0.0004906200160726141
2024-08-14 22:00:00,221.85,221.6081,18551.0,221.66362,221.62383,-0.0010903763804371,53.87562841215201,2153287.6,0.0009055674131953995
2024-08-14 23:00:00,221.6,222.0,53626.0,221.74962,221.72883,0.0017684371645259,52.87017957020889,1581820.2,0.0010347696674324622
2024-08-15 08:00:00,222.34,222.22,19360.0,221.87162,221.78182,0.0009909909909909,56.44062777613268,430619.6,0.001057325169904562
2024-08-15 09:00:00,222.21,222.44,8317.0,222.02362,221.72881,0.0009900099000989,60.50420168067229,22775.4,0.0010629159916400457
2024-08-15 10:00:00,222.46,221.84,12569.0,222.02162,221.80881,-0.0026973565905412,53.118653901943766,22484.6,0.0018407819451820822
2024-08-15 11:00:00,221.91,222.28,28423.0,222.156,221.90981,0.0019834114677244,59.67413441955203,24459.0,0.0019010762023925366
2024-08-15 12:00:00,221.94,223.43,276292.0,222.442,222.09581000000003,0.005173654849739,61.943464352887936,68992.2,0.002812560675993685
2024-08-15 13:00:00,223.53,224.43,6019266.0,222.884,222.37781,0.0044756747079622,60.42205057182432,1268973.4,0.003133905362477556
2024-08-15 14:00:00,224.4201,224.45,6820985.0,223.286,222.65481,8.911464599198774e-05,83.47206407789886,2631507.0,0.003229847013038495
2024-08-15 15:00:00,224.44,224.65,3801672.0,223.848,222.93481000000003,0.0008910670527957,83.37414589833745,3389327.6,0.002220195240813812
2024-08-15 16:00:00,224.65,224.57,2865119.0,224.306,223.231,-0.0003561095036724,80.96742227177018,3956666.8,0.002579659268783138
2024-08-15 17:00:00,224.5601,224.6761,3300057.0,224.55522,223.49861,0.0004724584761989,81.22365017617466,4561419.8,0.0019347960122947502
2024-08-15 18:00:00,224.6801,225.11,3367895.0,224.69122,223.78761,0.0019312245494737,82.5192460844174,4031145.6,0.0008729462795799321
2024-08-15 19:00:00,225.11,224.71,6802648.0,224.74322,224.01461,-0.0017769090666785,75.98204876630697,4027478.2,0.0013929412725645436
2024-08-15 20:00:00,224.72,224.78,818858.0,224.76922,224.30861,0.0003115126162609,79.74455634951877,3430915.4,0.0013478055463995795
2024-08-15 21:00:00,224.8,224.8199,973560.0,224.8192,224.5626,0.0001775068956312,78.31281752645617,3052603.6,0.0013219115796464537
2024-08-15 22:00:00,224.83,225.39,41762.0,224.96198,224.75860000000003,0.002535807550844,79.73733583489661,2400944.6,0.0016900083853173444
2024-08-15 23:00:00,225.38,225.3901,38190.0,225.018,224.85461,4.436754070869145e-07,78.86538423905581,1735003.6,0.001533345476281747
2024-08-16 08:00:00,225.61,225.3,36493.0,225.136,224.93961,-0.000399751364412,87.60706056258431,381772.6,0.0011554219680303618
2024-08-16 09:00:00,225.38,225.4,11431.0,225.26,225.01461,0.0004438526409231,86.61799915496933,220287.2,0.0011508124801308346
2024-08-16 10:00:00,225.37,225.2,16211.0,225.33602,225.07761,-0.0008873114463177,76.73554468007941,28817.4,0.0013229862481304701
2024-08-16 11:00:00,225.27,224.9,36525.0,225.23802,225.1,-0.0013321492007104,59.003141521722476,27770.0,0.0007022638315831874
2024-08-16 12:00:00,224.9,224.04,1544617.0,224.968,224.993,-0.0038239217429969,44.05831545997342,329055.4,0.001608015246871935
2024-08-16 13:00:00,223.9994,224.115,7760219.0,224.731,224.9335,0.0003347616497054,41.95537110549753,1873800.6,0.0017284266323135443
2024-08-16 14:00:00,224.08,224.16,4659056.0,224.483,224.8715,0.0002007897731075,43.769375721840674,2803325.6,0.0016785009751785675
2024-08-16 15:00:00,224.15,225.915,4861187.0,224.626,224.98101,0.0078292291220556,62.54175861999152,3772320.8,0.004352787786848154
2024-08-16 16:00:00,225.91,226.6073,4833607.0,224.96746,225.10274,0.0030644268862183,64.40404040404039,4731737.2,0.004298087542698082
2024-08-16 17:00:00,226.61,226.14,3078333.0,225.38746,225.17773,-0.0020621577504344,63.580762802005545,5038480.4,0.003792891157330674
2024-08-16 18:00:00,226.14,226.13,2995928.0,225.79046,225.26073,-4.422039444587824e-05,62.968798032585234,4085622.2,0.0038348805516892777
2024-08-16 19:00:00,226.124,226.1,4528040.0,226.17846,225.33073,-0.000132667049927,62.32073764653795,4059419.0,0.0038723098306178805
2024-08-16 20:00:00,226.09,226.15,687575.0,226.22546,225.42573,0.0002211410880142,58.1286899974332,3224696.6,0.0018366153729964649
2024-08-16 21:00:00,226.15,226.22,267067.0,226.148,225.55773,0.0003095290736236,58.74554766370903,2311388.6,0.000978909234113198
2024-08-16 22:00:00,226.22,226.0,28121.0,226.12,225.75373,-0.0009725046414994,57.18007631395378,1701346.2,0.0005082985174764966
2024-08-16 23:00:00,226.02,225.95,20998.0,226.084,225.93723,-0.0002212389380531,55.69995440036455,1106360.2,0.0005075390480974427
2024-08-19 08:00:00,226.44,225.6,29195.0,225.984,226.08123,-0.0015490152688647,54.02042375266356,206591.2,0.0008000319689254634
2024-08-19 09:00:00,225.6,225.38,17407.0,225.83,226.02773,-0.0009751773049645,54.90336288971504,72557.6,0.0007275801515790576
2024-08-19 10:00:00,225.43,225.1,29364.0,225.606,225.877,-0.0012423462596503,62.283873360218706,25017.0,0.0004918523483216726
2024-08-19 11:00:00,225.19,225.98,47664.0,225.602,225.861,0.0039093736117281,68.21431361825117,28925.6,0.0022485974834042764
2024-08-19 12:00:00,225.35,226.0936,139332.0,225.63072000000005,225.85736000000003,0.0005026993539252,68.63459388612614,52592.4,0.002255349702457956
2024-08-19 13:00:00,226.13,224.4,4820787.0,225.39072,225.68736,-0.0074907029654974,35.22470156823,1010910.8,0.004139175222285793
2024-08-19 14:00:00,224.4,224.21,6703338.0,225.15672,225.49336,-0.0008467023172905,24.080441128770886,2348097.0,0.004140226088699737
2024-08-19 15:00:00,224.23,223.8647,3566558.0,224.90966000000003,225.25783,-0.0015400740377325,24.732926152137992,3055535.8,0.004146116831592493
2024-08-19 16:00:00,223.88,224.375,3101943.0,224.58866000000003,225.09533,0.0022795018598287,32.45982249940052,3666391.6,0.0036939005421111823
2024-08-19 17:00:00,224.36,224.315,2742787.0,224.23294,224.93183,-0.000267409470752,32.26633285646179,4187082.6,0.0036088134480343793
2024-08-19 18:00:00,224.31,224.785,3673649.0,224.30994,224.85033000000004,0.0020952678153489,37.48349471830983,3957655.0,0.0017431605542290402
2024-08-19 19:00:00,224.78,225.9,6235226.0,224.64794,224.90233,0.0049602953933759,47.53762812028694,3864032.6,0.0025150171656764175
2024-08-19 20:00:00,225.89,225.84,2299042.0,225.04300000000003,224.97633,-0.000265604249668,48.73773233614192,3610529.4,0.00217011740419698
2024-08-19 21:00:00,225.83,225.8088,80306.0,225.32976,224.95921,-0.0001381509032944,48.882734609906656,3006202.0,0.0022914901081879215
2024-08-19 22:00:00,225.81,225.9,43733.0,225.64676,224.93985,0.000403881513918,52.47516583611108,2466391.2,0.0021960691082959106
2024-08-19 23:00:00,225.92,225.7,13136.0,225.82976,225.06985,-0.0008853474988933,52.64891890996978,1734288.6,0.0023621958064837913
2024-08-20 08:00:00,226.11,225.79,26312.0,225.80776,225.22785,0.0003987594151528,55.89723428258852,492505.8,0.0005357872316100491
2024-08-20 09:00:00,225.81,226.05,7328.0,225.84976,225.44638,0.0011515124673369,50.66919047072789,34163.0,0.0007546211687180642
2024-08-20 10:00:00,225.98,226.21,10844.0,225.93,225.62988,0.000707808007078,51.1029829814653,20270.6,0.0007585629977739877
2024-08-20 11:00:00,226.12,226.0,17163.0,225.95,225.79838,-0.000928340922152,71.09148431320796,14956.6,0.0009476474178939004
2024-08-20 12:00:00,225.99,225.9019,88489.0,225.99038,225.91007,-0.0004340707964601,72.85671827294543,30027.2,0.0008479051005379802
2024-08-20 13:00:00,225.98,227.02,4940293.0,226.23638,226.02207,0.0049494935633564,85.26341670578199,1012823.4,0.0023152772161595826
2024-08-20 14:00:00,227.02,225.96,4802615.0,226.21838,226.03407,-0.0046691921416615,65.77553945377801,1971880.8,0.0034576743574108
2024-08-20 15:00:00,225.96,226.9268,2719257.0,226.36174,226.14587,0.0042786333864399,72.02043707001187,2513563.4,0.0039878637074480285
2024-08-20 16:00:00,226.92,226.52,2277308.0,226.46574,226.20787,-0.0017926485545117,64.78558767384789,2965592.4,0.0040902232809963985
2024-08-20 17:00:00,226.53,226.76,1869887.0,226.63736,226.31387,0.0010595090941196,58.61343696166005,3321872.0,0.004062460824333154
2024-08-20 18:00:00,226.75,226.525,2093844.0,226.53836,226.38737,-0.0010363379784793,56.62834804149254,2752582.2,0.0033386019680961628
2024-08-20 19:00:00,226.52,226.51,3962199.0,226.64836,226.43337,-6.621785674876848e-05,56.80644535041742,2584499.0,0.002373164760564668
2024-08-20 20:00:00,226.51,226.53,2689306.0,226.569,226.46537,8.829632245821479e-05,56.20103153667465,2578508.8,0.0010967731279735466
2024-08-20 21:00:00,226.58,226.4503,316276.0,226.55506,226.5104,-0.0003518297797201,57.56427059179369,2186302.4,0.0007605463302060259
2024-08-20 22:00:00,226.53,226.3584,26581.0,226.47474000000005,226.55605,-0.0004058285637069,55.72822187285848,1817641.2,0.0004320647781127345
2024-08-20 23:00:00,226.52,226.55,33006.0,226.47974,226.50905000000003,0.0008464452832323,55.1093398732884,1405473.6,0.0005036550039471195
2024-08-21 08:00:00,225.89,226.73,8210.0,226.52374,226.58605000000003,0.0007945265945706,55.292082230816064,614675.8,0.0006031613054938072
2024-08-21 09:00:00,226.63,226.58,6280.0,226.53374,226.55137,-0.0006615798526881,55.97568514321061,78070.6,0.000718344952018811
2024-08-21 10:00:00,226.6,227.01,10466.0,226.64568,226.60037000000003,0.0018977844469943,60.68583772107464,16908.6,0.0010404566980376127
2024-08-21 11:00:00,226.99,226.92,21919.0,226.758,226.61637,-0.0003964583058015,48.79715165511902,15976.2,0.0010384366253925893
2024-08-21 12:00:00,227.0,226.84,1716531.0,226.816,226.64787,-0.0003525471531816,63.85041551246574,352681.2,0.00107511054458747
2024-08-21 13:00:00,226.84,227.06,3689665.0,226.882,226.70287,0.0009698465879033,52.74074074074117,1088972.2,0.0010996304320475378
2024-08-21 14:00:00,227.07,226.28,5735852.0,226.822,226.67787,-0.0034352153615784,45.71917808219153,2234886.6,0.0020172803314396624
2024-08-21 15:00:00,226.26,226.21,3246058.0,226.662,226.65384,-0.0003093512462435,39.55643323712609,2882005.0,0.0016305785485037933
2024-08-21 16:00:00,226.205,226.42,2274607.0,226.562,226.66,0.0009283409221518,47.98711755233456,3332542.6,0.001792767149518851
2024-08-21 17:00:00,226.42,226.15,2099594.0,226.424,226.62,-0.0011924741630597,43.7133277451803,3409155.2,0.0018216675634689162
2024-08-21 18:00:00,226.17,226.416,2718622.0,226.2952,226.5886,0.00117621047977,48.166730991894894,3214946.6,0.001868093022238542
2024-08-21 19:00:00,226.41,226.36,5462526.0,226.3112,226.5666,-0.0002473323440038,48.536703937773645,3160281.4,0.0009745374727108186
2024-08-21 20:00:00,226.4,226.64,1320379.0,226.3972,226.5296,0.0012369676621309,54.301075268817364,2775145.6,0.0010648054688167893
2024-08-21 21:00:00,226.65,226.6663,1325441.0,226.44646,226.50423,0.0001160430638899,51.870797542064814,2585312.4,0.0010213751910225436
2024-08-21 22:00:00,226.69,226.65,12550.0,226.54646,226.48523,-7.191188103393001e-05,48.64158119948401,2167903.6,0.0007100301117704726
2024-08-21 23:00:00,226.74,226.59,23197.0,226.58126,226.43823,-0.000264725347452,50.175155888740825,1628818.6,0.0006248388286736048
2024-08-22 08:00:00,226.2,226.45,11949.0,226.59926,226.45523,-0.0006178560395428,39.08211806909424,538703.2,0.0007015676501204118
2024-08-22 09:00:00,226.57,226.4,3836.0,226.55126,226.47423,-0.0002207992934421,39.701338825952604,275394.6,0.0002714835790838395
2024-08-22 10:00:00,226.46,227.57,18227.0,226.732,226.58923,0.0051678445229681,60.097936147844955,13951.8,0.002450728056227218
2024-08-22 11:00:00,227.12,227.74,99636.0,226.95,226.74823,0.0007470228940546,59.53823710935337,31369.0,0.0024049509983421562
2024-08-22 12:00:00,226.44,227.5202,139234.0,227.13604,226.85865,-0.0009651356810398,70.63972839834925,54576.4,0.0025122925623795858
2024-08-22 13:00:00,227.57,227.93,5274284.0,227.43204,227.01565,0.0018011587542557,75.71616530111854,1107043.4,0.0023958638358087614
2024-08-22 14:00:00,227.96,226.785,4800514.0,227.50904,227.03015,-0.0050234721186329,54.264815853430655,2066379.0,0.0037442888924075564
2024-08-22 15:00:00,226.785,225.51,4093175.0,227.09704,226.91452,-0.0056220649513856,43.944211044245,2881368.6,0.0033597187528083537
2024-08-22 16:00:00,225.51,225.505,2684203.0,226.65004,226.80002,-2.2171965766464693e-05,40.932075171205646,3398282.0,0.0032282591286897397
2024-08-22 17:00:00,225.51,224.39,3848099.0,226.02400000000003,226.58002,-0.0049444579942795,33.80520206504218,4140055.0,0.003405379047796178
2024-08-22 18:00:00,224.4,224.4,2703397.0,225.318,226.37502,4.456526583189682e-05,30.730188224769094,3625877.6,0.0028645673330586867
2024-08-22 19:00:00,224.4,224.53,6390562.0,224.867,226.18802,0.0005793226381461,31.94442096722412,3943887.2,0.0030221637866635555
2024-08-22 20:00:00,224.57,224.83,1668537.0,224.731,225.91402,0.0013361243486394,35.321633653784374,3458959.6,0.002488123565186499
2024-08-22 21:00:00,224.85,225.08,226322.0,224.646,225.64802,0.0011119512520571,38.18392387629921,2967383.4,0.0026031558913382066
2024-08-22 22:00:00,225.08,225.05,9048.0,224.778,225.401,-0.0001332859427759,38.85279317153989,2199573.2,0.0006422352808631199
2024-08-22 23:00:00,225.04,225.0011,16798.0,224.89822,225.10811000000004,-0.0002172850477671,38.85960022298338,1662253.4,0.0007051906997612819
2024-08-23 08:00:00,225.5,225.65,11389.0,225.12222000000003,224.99461,0.0028839859005133,33.32580678778656,386418.8,0.0012689530063486687
2024-08-23 09:00:00,225.71,225.7,7807.0,225.29622,225.01361000000003,0.0002215820961665,31.906552666122735,54272.8,0.00129201674281554
2024-08-23 10:00:00,225.65,225.96,5106.0,225.47222,225.05911,0.001151971643775,36.26003945329047,10029.6,0.0012947595429271869
2024-08-23 11:00:00,225.87,226.14,21210.0,225.69022,225.23411,0.0007966011683482,33.571349902712925,12462.0,0.001193342307401946
2024-08-23 12:00:00,225.99,226.34,110372.0,225.958,225.42811,0.0008844078889184,45.05863018566237,31176.8,0.0010070986267629225
2024-08-23 13:00:00,226.34,227.04,4321539.0,226.236,225.67911,0.0030926924096491,69.47655175925446,893206.8,0.0010954319985567126
2024-08-23 14:00:00,227.06,226.2399,7369083.0,226.34398,225.8201,-0.0035240486257927,57.78017743335672,2365462.0,0.0024276477518274785
2024-08-23 15:00:00,226.21,225.84,3733769.0,226.31998,225.8961,-0.0017675927190561,68.08972503617966,3111194.6,0.002572505950919852
2024-08-23 16:00:00,225.85,225.3,3293014.0,226.15198,225.9211,-0.0023910733262486,59.916699722332524,3765555.4,0.002686128369419765
2024-08-23 17:00:00,225.33,226.21,2276262.0,226.12598000000003,226.04199,0.0040390590324012,65.79600586708803,4198733.4,0.003430691129381765
2024-08-23 18:00:00,226.21,226.47,2039783.0,226.01198,226.12399,0.0011493744750452,65.53677668725607,3742382.2,0.00306803301136668
2024-08-23 19:00:00,226.47,226.773604,5291275.0,226.1187208,226.23135040000005,0.0013405925729677,65.88328327772575,3326820.6,0.0026052899229523146
2024-08-23 20:00:00,226.84,226.95,3405135.0,226.3407208,226.3303504,0.000777850670839,67.34272883274303,3261093.8,0.0022870016753799927
2024-08-23 21:00:00,226.99,226.9783,14475.0,226.6763808,226.4141804,0.0001246970698391,68.11551711500405,2605386.0,0.0015005991412999878
2024-08-23 22:00:00,226.98,227.1,13241.0,226.8543808,226.4901804,0.0005361746034753,64.70588235294122,2152781.8,0.0004846169346287528
2024-08-23 23:00:00,227.1292,227.1631,18028.0,226.9930008,226.5024904,0.0002778511668867,64.79941736966691,1748430.8,0.00047781300090967875
2024-08-26 08:00:00,226.75,227.31,15209.0,227.10028000000003,226.60950040000003,0.0006466719286715,63.97515527950317,693217.6,0.0002676211330252187
2024-08-26 09:00:00,227.39,227.43,8146.0,227.19628,226.7685004,0.0005279134221987,63.522012578616625,13819.8,0.00021441589152474086
2024-08-26 10:00:00,227.44,227.25,4847.0,227.25062,226.9635004,-0.000791452314998,59.578947368421076,11894.2,0.000591886933134962
2024-08-26 11:00:00,227.24,226.64,44982.0,227.15862,227.0065004,-0.0026842684268427,45.7081545064377,18242.4,0.0013952630916407793
2024-08-26 12:00:00,227.3,227.0,179625.0,227.126,227.0595004,0.0015884221673138,59.00613758619861,50561.8,0.0016545440363362753
2024-08-26 13:00:00,227.04,226.34,3278673.0,226.932,227.01614,-0.0029074889867841,55.580357142857125,703254.6,0.0019650521966141817
2024-08-26 14:00:00,226.35,224.82,5078557.0,226.41,226.80314,-0.0067155606609525,45.60439560439547,1717336.8,0.0030581613224092852
2024-08-26 15:00:00,224.8066,224.87,2856096.0,225.93400000000003,226.59231,0.0002224001423361,35.43478260869577,2287586.6,0.0032130517550621783
2024-08-26 16:00:00,224.84,226.185,3026496.0,225.843,226.50081,0.0058478231867301,47.48010610079581,2883889.4,0.004731544496604908
2024-08-26 17:00:00,226.1887,225.6,2339700.0,225.563,226.3445,-0.0025863784070562,40.11518099533791,3315904.4,0.0046623527155658815
2024-08-26 18:00:00,225.61,226.325,2032013.0,225.56,226.246,0.0032136524822694,45.181187355435675,3066572.4,0.004908210038357464
2024-08-26 19:00:00,226.32,227.22,4957974.0,226.04,226.225,0.0039544902242351,51.643837479766624,3042455.8,0.003324471320142988
2024-08-26 20:00:00,227.18,225.67,836402.0,226.2,226.067,-0.0068215826071649,41.856492027334895,2638517.0,0.005262660779564956
2024-08-26 21:00:00,225.71,226.1,89139.0,226.183,226.013,0.0019054371427305,44.18874154085002,2051045.6,0.004549649060461184
2024-08-26 22:00:00,226.08,225.97,38751.0,226.257,225.91,-0.0005749668288367,42.661555312157766,1590855.8,0.004355982548017003
2024-08-26 23:00:00,225.9,226.5,31590.0,226.292,225.926,0.002345444085498,45.12578616352201,1190771.2,0.004227987970253561
2024-08-27 08:00:00,226.09,226.73,22309.0,226.194,226.117,0.0010154525386313,47.288842544316964,203638.2,0.0037456626544087107
2024-08-27 09:00:00,226.66,226.83,12224.0,226.426,226.313,0.0004410532351255,51.046255506608055,38802.6,0.0011640135270939932
2024-08-27 10:00:00,226.89,226.38,17159.0,226.48200000000003,226.3325,-0.0019838645681788,46.61941112322791,24406.6,0.0016343206960023225
2024-08-27 11:00:00,226.44,226.0,49664.0,226.488,226.3725,-0.0016785935153281,48.08773903262092,26589.2,0.0018355028599880254
2024-08-27 12:00:00,226.54,225.7,116242.0,226.32800000000003,226.31,-0.0013274336283186,55.73663624511073,43519.6,0.0013457510383724795
2024-08-27 13:00:00,225.7,226.745,4186609.0,226.331,226.2625,0.0046300398759415,60.819388343912195,876379.6,0.0027452665320392183
2024-08-27 14:00:00,226.745,228.3067,6560206.0,226.62634,226.52617,0.0068874727116364,61.904013824522735,2185976.0,0.004149339031671064
2024-08-27 15:00:00,228.32,228.165,3754930.0,226.98334,226.73267,-0.0006206563364106,65.14453733881236,2933530.2,0.003917476334349068
2024-08-27 16:00:00,228.145,228.09,2438615.0,227.40134,226.94467,-0.0003287094865557,61.28747569835259,3411320.4,0.0036759943554417166
2024-08-27 17:00:00,228.0804,228.525,1994498.0,227.96634,227.14717,0.001907141917664,58.86741682974555,3786971.6,0.0032356776173510502
2024-08-27 18:00:00,228.53,228.43,1799354.0,228.30334,227.31717,-0.0004157094409801,73.37635938611639,3309520.6,0.0031898643452806805
2024-08-27 19:00:00,228.43,228.14,4451484.0,228.27,227.44817,-0.0012695355251062,67.69788666412157,2887776.2,0.0012051086160221854
2024-08-27 20:00:00,228.03,228.05,5333736.0,228.247,227.61517,-0.0003944946085735,68.17101722752204,3203537.4,0.0011869224106110814
2024-08-27 21:00:00,228.09,227.85,26216.0,228.199,227.80017,-0.0008770006577505,62.51529647346736,2721057.6,0.0012375530199104491
2024-08-27 22:00:00,227.8503,227.73,23707.0,228.04,228.00317,-0.0005266622778143,59.463602982927505,2326899.4,0.0003741141149219094
2024-08-27 23:00:00,227.62,227.3,27002.0,227.814,228.05867000000003,-0.0018882009397092,54.18641108775426,1972429.0,0.0006055938113507142
2024-08-28 08:00:00,228.0,228.9,30125.0,227.966,228.118,0.0070391553013638,68.629683295384,1088157.2,0.003607938821206768
2024-08-28 09:00:00,228.9,228.58,9152.0,228.072,228.15950000000004,-0.001397990388816,69.24396574872458,23240.4,0.003708505342738306
2024-08-28 10:00:00,228.61,228.65,7706.0,228.23200000000003,228.2155,0.0003062385160556,72.78555318688802,19538.4,0.0036381579950458174
2024-08-28 11:00:00,228.54,228.25,18793.0,228.336,228.188,-0.001749398644216,62.91091894859652,18555.6,0.003780096763231621
2024-08-28 12:00:00,228.6,228.28,82647.0,228.532,228.173,0.00013143483023,49.68929643680028,29684.6,0.00356814825113496
2024-08-28 13:00:00,228.3,228.6,4822399.0,228.47200000000004,228.219,0.0014017872787804,54.86033519553079,988139.4,0.0012989132108991415
2024-08-28 14:00:00,228.6,227.48,6619951.0,228.252,228.162,-0.0048993875765529,44.47463768115928,2310299.2,0.002475607825506123
2024-08-28 15:00:00,227.45,226.83,4569352.0,227.888,228.06,-0.0028573940566202,35.222319093286785,3222628.4,0.002474760863956075
2024-08-28 16:00:00,226.82,227.519,3963824.0,227.7418,228.0389,0.0030375170832781,42.8029704534681,4011634.6,0.003215094044262766
2024-08-28 17:00:00,227.515,225.895,2426829.0,227.2648,227.8984,-0.0071378654090427,35.351689938666325,4480471.0,0.004255775531907972
2024-08-28 18:00:00,225.895,227.1639,2463866.0,226.97758,227.72479,0.0056172115363332,44.98919915402796,4008764.4,0.00538771939480571
2024-08-28 19:00:00,227.16,226.51,5424529.0,226.78358,227.51779,-0.002878538359308,42.79244389939538,3769680.0,0.0051141781588447364
2024-08-28 20:00:00,226.45,225.7,1098572.0,226.55758,227.22279,-0.0035760010595558,39.83556650443625,3075524.0,0.005194380027228556
2024-08-28 21:00:00,225.8,226.25,172739.0,226.30378,227.02279,0.0024368630926008,44.804963486314726,2317307.0,0.005083788846888218
2024-08-28 22:00:00,226.41,225.6396,97654.0,226.2527,226.75875,-0.0026979005524861,32.11754897874111,1851472.0,0.004049769127554144
2024-08-28 23:00:00,225.63,225.7,42776.0,225.95991999999995,226.46875,0.0002676835094548,33.740938960774855,1367254.0,0.0025518289748731296
2024-08-29 08:00:00,226.89,228.77,63678.0,226.41192,226.59775,0.0136021267168809,50.506047264814555,295083.8,0.006909467359353945
2024-08-29 09:00:00,228.73,229.21,75500.0,227.11392,226.83575,0.0019233291078375,54.03476623573125,90469.4,0.006199928062826665
2024-08-29 10:00:00,229.33,229.25,55660.0,227.71392,227.00885,0.0001745124558264,54.07337107150656,67053.6,0.0063419350940311274
2024-08-29 11:00:00,229.25,229.98,263178.0,228.582,227.41735,0.003184296619411,55.60219541107122,100158.4,0.005603558568504816
2024-08-29 12:00:00,229.4,226.49,555893.0,228.74,227.34996,-0.0151752326289241,46.629580706222065,202781.8,0.010325012674341109
2024-08-29 13:00:00,230.37,231.57,10330873.0,229.3,227.85596,0.0224292463243409,62.39760208405257,2256220.8,0.013377192807634206
2024-08-29 14:00:00,231.58,232.37,8214967.0,229.932,228.52296,0.0034546789307769,62.61467889908257,3884114.2,0.013378012382902298
2024-08-29 15:00:00,232.34,231.6799,5168679.0,230.41798,229.06595,-0.002969832594569,65.81118089834203,4906718.0,0.013605055704500213
2024-08-29 16:00:00,231.67,232.54,4906789.0,230.92998,229.75599000000005,0.0037124498068239,65.02971780664132,5835440.2,0.01361680278497299
2024-08-29 17:00:00,232.53,231.74,3802664.0,231.97998,230.35999,-0.0034402683409305,64.50280073207264,6484794.4,0.01051098081870769
2024-08-29 18:00:00,231.75,230.45,4884563.0,231.75598,230.52799,-0.0055665832398378,62.83020906488037,5395532.4,0.004264180057309381
2024-08-29 19:00:00,230.43,229.83,6870026.0,231.24798,230.58999,-0.0026903883705791,59.63349658253061,5126544.2,0.003487904892086988
2024-08-29 20:00:00,229.79,230.25,737168.0,230.962,230.68999,0.0018274376713222,62.53466444814203,4240242.0,0.0038600420633427435
2024-08-29 21:00:00,230.24,230.33,231015.0,230.52,230.72499,0.0003474484256243,62.57455106408414,3305087.2,0.0029742935746806406
2024-08-29 22:00:00,230.33,230.1,52395.0,230.192,231.08599,-0.0009985672730431,54.27097917817365,2555033.4,0.002857240592940268
2024-08-29 23:00:00,230.0203,230.29,23253.0,230.16,230.95799,0.000825727944372,53.524758162426046,1582771.4,0.0017523297948870875
2024-08-30 08:00:00,230.55,230.64,25870.0,230.322,230.78499,0.0015198228320812,54.44652019807805,213940.2,0.0011144909636772833
2024-08-30 09:00:00,230.68,230.89,13130.0,230.45,230.706,0.0010839403399236,53.00326068302728,69132.6,0.000967031702404283
2024-08-30 10:00:00,230.85,231.27,28113.0,230.638,230.579,0.0016458053618607,69.85016860185047,28552.2,0.0010663585730145224
2024-08-30 11:00:00,231.29,230.99,36248.0,230.816,230.504,-0.0012107061010939,45.99458578492318,25322.8,0.0011569450651688642
2024-08-30 12:00:00,231.3,230.6019,238413.0,230.87838,230.51919,-0.001680159314256,37.05314646398079,68354.8,0.0015900466299929824
2024-08-30 13:00:00,230.67,229.07,5556989.0,230.56438,230.44319,-0.0066430502090399,32.986532118225284,1174578.6,0.003280362668472535
2024-08-30 14:00:00,229.1,228.69,5542681.0,230.12438000000003,230.28719,-0.0016588815645872,23.22670375521571,2280488.8,0.0029853983573963554
2024-08-30 15:00:00,228.7,228.62,4336978.0,229.59438,230.11619,-0.000306091215182,25.851393188854587,3142261.8,0.0024909613423037226
2024-08-30 16:00:00,228.61,228.36,3015780.0,229.06838,229.94219000000004,-0.0011372583326042,30.755064456722167,3738168.2,0.002499192322015142
2024-08-30 17:00:00,228.37,227.76,2088391.0,228.5,229.68919,-0.0026274303730952,30.868761552680212,4108163.8,0.0024776825816988208
2024-08-30 18:00:00,227.77,228.56,2805025.0,228.398,229.48119,0.0035124692658939,35.405872193437176,3557771.0,0.0023662511930274796
2024-08-30 19:00:00,228.56,228.86,8804170.0,228.432,229.27819,0.0013125656282814,37.77038269550765,4210068.8,0.002357802338619328
2024-08-30 20:00:00,229.0,228.9801,1628116.0,228.50402,229.0492,0.0005247749715982,40.50948289012056,3668296.4,0.002346800092962977
2024-08-30 21:00:00,229.0,229.15,23673.0,228.66202,228.8652,0.0007419858756285,40.30612244897979,3069875.0,0.002201659917384884
2024-08-30 22:00:00,229.09,229.15,16006.0,228.94002,228.72001,0.0,36.528028933092536,2655398.0,0.0013660349201105385
2024-08-30 23:00:00,229.14,229.1114,14159.0,229.0503,228.72415,-0.0001684486144446,33.27943443763431,2097224.8,0.0005946992648608722
2024-09-03 08:00:00,229.27,228.59,45658.0,228.9963,228.71415,-0.0022757488278627,25.45787545787556,345522.4,0.0011995903557655884
2024-09-03 09:00:00,228.57,228.47,33224.0,228.89428,228.69915,-0.0005249573472155,26.2264150943397,26544.0,0.0011226614187998182
2024-09-03 10:00:00,228.29,228.21,9780.0,228.70628,228.68415,-0.0011380049897141,26.876003016299777,23765.4,0.0009225360353118569
2024-09-03 11:00:00,228.14,227.84,60891.0,228.44428,228.69215000000003,-0.0016213137022917,34.66334164588548,32742.4,0.0008431517763361926
2024-09-03 12:00:00,227.85,228.06,925381.0,228.234,228.64215000000004,0.0009655898876404,41.81818181818193,214986.8,0.0012337872280917077
2024-09-03 13:00:00,227.9207,226.16,6605224.0,227.748,228.37215,-0.008331140927826,28.345070422535287,1526900.0,0.0036005486845896587
2024-09-03 14:00:00,226.19,223.645,6864531.0,226.783,227.83864,-0.0111204457021577,20.28985507246385,2893161.4,0.005187861156148526
2024-09-03 15:00:00,223.65,223.54,4297520.0,225.849,227.27764,-0.0004694940642536,21.639784946236674,3750709.4,0.005295580507443184
2024-09-03 16:00:00,223.55,223.71,3058522.0,225.023,226.73364,0.0007604902925651,14.390602055800485,4350235.6,0.005669915057242389
2024-09-03 17:00:00,223.72,223.21,2638177.0,224.05300000000005,226.1435,-0.0022350364310938,9.70042796005714,4692794.8,0.005179570693366083
2024-09-03 18:00:00,223.24,221.935,4671417.0,223.208,225.478,-0.0057121096725057,6.857401805288802,4306033.4,0.004784729857561122
2024-09-03 19:00:00,221.945,222.76,9170783.0,223.031,224.907,0.0037173046162164,13.775510204081641,4767283.8,0.003504918263499944
2024-09-03 20:00:00,222.77,222.0,2944865.0,222.723,224.286,-0.003411743580535,12.682672233820469,4496752.8,0.003680705946273025
2024-09-03 21:00:00,222.0,221.21,345729.0,222.223,223.623,-0.0035585585585585,11.760264823741252,3954194.2,0.0035586734955619305
2024-09-03 22:00:00,221.47,220.89,100081.0,221.759,222.906,-0.0014465892138692,11.994076999012847,3446575.0,0.0035763745512907602
2024-09-03 23:00:00,220.9,220.8519,91227.0,221.54238,222.37519000000003,-0.0001724840418307,12.091838257979148,2530537.0,0.0029789529724312176
2024-09-04 08:00:00,220.1,220.54,59933.0,221.09838,222.06469,-0.0014122586221807,12.029702970297052,708367.0,0.0014503139475990448
2024-09-04 09:00:00,220.5,221.08,51334.0,220.91438,221.81869,0.002448535413077,17.088607594936875,129660.8,0.0021991672237556743
2024-09-04 10:00:00,221.15,220.75,19471.0,220.82238,221.52269,-0.001492672335806,14.788053949903826,64409.2,0.0016940135578707774
2024-09-04 11:00:00,220.7,220.7,38545.0,220.78438,221.27169,-0.0002265005662514,17.995310668229948,52102.0,0.0015931563794135076
2024-09-04 12:00:00,220.65,221.5,129785.0,220.914,221.22819,0.0036248300860897,34.26265590608962,59813.6,0.0023279589420808723
2024-09-04 13:00:00,221.5,219.57,6846222.0,220.72,220.90919,-0.0087133182844244,27.025462962963147,1417071.4,0.004835690545434641
2024-09-04 14:00:00,219.56,219.45,9612653.0,220.394,220.65419000000003,-0.0005465227490094,25.203725261932533,3329335.2,0.004495068547428368
2024-09-04 15:00:00,219.48,219.32,4825605.0,220.108,220.46519,-0.0005923900660742,26.338199513382065,4290562.0,0.004511974489366294
2024-09-04 16:00:00,219.315,220.215,3027696.0,220.011,220.39769,0.0040807951851176,39.03061224489805,4888392.2,0.005134253300401367
2024-09-04 17:00:00,220.21,220.875,3015882.0,219.886,220.4,0.0029970710442067,37.719869706840555,5465611.6,0.005016658069162366
2024-09-04 18:00:00,220.875,220.51,3164318.0,220.074,220.397,-0.0016525183927561,39.766483516483575,4729230.8,0.002516994700639037
2024-09-04 19:00:00,220.52,220.79,6330047.0,220.342,220.368,0.0012697836832796,46.89807976366314,4072709.6,0.0023916901538284
2024-09-04 20:00:00,220.85,220.67,947494.0,220.612,220.36,-0.000543502876036,48.32572298325726,3297087.4,0.0023825081431971566
2024-09-04 21:00:00,220.66,220.9,156100.0,220.749,220.38,0.0010422803280918,50.35566926455584,2722768.2,0.001786690421801509
2024-09-04 22:00:00,220.86,221.0,14733.0,220.774,220.33,0.0004526935264825,53.511450381679396,2122538.4,0.0012109036439238397
2024-09-04 23:00:00,220.8,220.0,43339.0,220.672,220.373,-0.004524886877828,42.29671897289586,1498342.6,0.002377618696807604
2024-09-05 08:00:00,220.2,220.49,23791.0,220.612,220.477,0.0022272727272727,48.18688981868907,237091.4,0.00258164675441763
2024-09-05 09:00:00,220.44,220.1,12209.0,220.498,220.555,-0.0017687877001225,46.005326231691164,50034.4,0.00267080448134594
2024-09-05 10:00:00,220.17,221.2,45535.0,220.558,220.6535,0.0049977283053157,48.079385403329006,27921.4,0.0036525016210789555
2024-09-05 11:00:00,221.1,220.44,44497.0,220.446,220.61,-0.0034358047016274,56.551204819277096,33874.2,0.0040028588187207784
2024-09-05 12:00:00,221.2,220.36,227504.0,220.518,220.595,-0.0003629105425511,56.89393939393956,70707.2,0.0033336781477292803
2024-09-05 13:00:00,220.29,224.71,6783525.0,221.362,220.987,0.0197404247594844,74.90757855822552,1422654.0,0.009436948137875658
2024-09-05 14:00:00,224.71,223.7,5733368.0,222.082,221.29,-0.0044946820346224,65.93507087334237,2566885.8,0.009908510028358953
2024-09-05 15:00:00,223.7,221.97,4280323.0,222.236,221.397,-0.0077335717478765,54.56059975010412,3413843.4,0.01094158552919191
2024-09-05 16:00:00,221.98,222.825,2632319.0,222.713,221.5795,0.0038518718745775,59.26370548219287,3931407.8,0.010729146131458337
2024-09-05 17:00:00,222.835,223.61,2546717.0,223.363,221.9405,0.0035229440143611,60.8461538461539,4395250.4,0.010637413267966222
2024-09-05 18:00:00,223.63,223.32,2530078.0,223.085,222.2235,-0.0012969008541658,60.060744115413804,3544561.0,0.0050342568597949505
2024-09-05 19:00:00,223.33,222.38,4795863.0,222.821,222.4515,-0.0042092065197922,55.33141210374635,3357060.0,0.004989394518619349
2024-09-05 20:00:00,222.38,222.37,1523941.0,222.901,222.5685,-4.496807266836454e-05,54.967367657722995,2805783.6,0.0033905839875178877
2024-09-05 21:00:00,222.3106,222.35,36555.0,222.806,222.75950000000003,-8.994018977384643e-05,59.17252146760339,2286630.8,0.0027804393432600636
2024-09-05 22:00:00,222.35,222.3219,28001.0,222.54838,222.95569,-0.0001263773330334,57.41774038111121,1782887.6,0.0017869589820851265
2024-09-05 23:00:00,222.41,222.21,29559.0,222.32638000000003,222.70569,-0.0005033242339148,58.74067937033974,1282783.8,0.0018061746587210198
2024-09-06 08:00:00,219.0,221.22,20450.0,222.09438,222.45769,-0.0044552450384771,50.083612040133815,327701.2,0.0019156754203541921
2024-09-06 09:00:00,221.17,221.24,8167.0,221.86838000000003,222.38469,9.040773890249632e-05,53.565062388591834,24546.4,0.0019341918344509528
2024-09-06 10:00:00,221.25,220.95,5207.0,221.58838,222.19719,-0.0013107937081902,52.58092738407687,18276.8,0.0018636942343607443
2024-09-06 11:00:00,221.09,221.35,72859.0,221.394,221.97119000000004,0.0018103643358226,27.540106951871792,27248.4,0.0023070218393998645
2024-09-06 12:00:00,221.8256,223.4,371133.0,221.632,221.97919,0.0092613508018975,48.239436619718425,95563.2,0.005118643740637487
2024-09-06 13:00:00,223.38,224.045,6368148.0,222.19700000000003,222.14569,0.0028871978513875,63.954270342972244,1365102.8,0.004082226375246287
2024-09-06 14:00:00,224.045,221.4,7185564.0,222.229,222.04869,-0.011805664040706,42.27642276422778,2800582.2,0.007719065464134495
2024-09-06 15:00:00,221.41,220.96,5243184.0,222.231,221.90969,-0.0019873532068653,35.07882882882883,3848177.6,0.007757314629894844
2024-09-06 16:00:00,220.955,220.68,3313956.0,222.09700000000004,221.7455,-0.0012671976828385,35.11837655016919,4496397.0,0.007702954566029162
2024-09-06 17:00:00,220.68,220.265,3187045.0,221.47,221.551,-0.0018805510241073,37.32774116237266,5059579.4,0.005415276873801344
2024-09-06 18:00:00,220.3079,220.54,3220469.0,220.769,221.483,0.001248496129662,39.372822299651546,4430043.6,0.005019332985245246
2024-09-06 19:00:00,220.545,220.95,6803553.0,220.679,221.454,0.0018590731840028,42.22222222222221,4353641.4,0.0018223990294954293
2024-09-06 20:00:00,220.88,219.93,1298455.0,220.473,221.352,-0.0046164290563475,38.03080495201118,3564695.6,0.0026044085025479463
2024-09-06 21:00:00,220.03,219.9,393008.0,220.317,221.207,-0.0001364070386031,38.345105953582255,2980506.0,0.0026170170861416933
2024-09-06 22:00:00,219.9,220.1128,29672.0,220.28656,220.87828,0.0009677125966347,43.938332165381894,2349031.4,0.0026071810225213746
2024-09-06 23:00:00,220.2,220.1434,16180.0,220.20724,220.48812,0.0001390196299352,44.00332480258988,1708173.6,0.0025051584585488182
2024-09-09 08:00:00,221.95,222.95,57511.0,220.60724,220.64312,0.0127489627215713,58.57632933104633,358965.2,0.006485550494280546
2024-09-09 09:00:00,222.74,222.49,27986.0,221.11924,220.79612000000003,-0.0020632428795693,54.86348122866903,104871.4,0.005928632757966723
2024-09-09 10:00:00,222.49,221.79,56804.0,221.49724,220.90712,-0.0031462088183739,42.237222757955536,37630.6,0.006377615958251777
2024-09-09 11:00:00,221.9,221.2,115989.0,221.71468,221.00062,-0.0026601740385049,36.20940378090157,54894.0,0.006684884504132809
2024-09-09 12:00:00,222.0019,221.0,264515.0,221.886,221.04662,-0.0009041591320071,47.45870393900885,104561.0,0.006734709968574434
2024-09-09 13:00:00,220.86,219.24,8838601.0,221.144,220.87562,-0.0079638009049773,40.64200217627854,1860779.0,0.002713042577510779
2024-09-09 14:00:00,219.2,217.2,8359174.0,220.086,220.60262,-0.0093048713738369,34.10958904109579,3527016.6,0.0036330040028346045
2024-09-09 15:00:00,217.2,219.91,4731863.0,219.71,220.60362,0.0124769797421731,48.65987164967916,4462028.4,0.00865458225669741
2024-09-09 16:00:00,219.89,220.15,4661932.0,219.5,220.60734,0.001091355554545,48.52384557153677,5371217.0,0.008709851655077568
2024-09-09 17:00:00,220.16,219.1694,7552041.0,219.13388,220.50994,-0.0044542357483534,43.53946852822085,6828722.2,0.008851689688831557
2024-09-09 18:00:00,219.155,217.88,11694386.0,218.86188,220.00294,-0.0058831205451125,42.70462633451953,7399879.2,0.008522317781287902
2024-09-09 19:00:00,217.87,220.99,11969536.0,219.61988,219.85294,0.0142739122452726,53.18155283129014,8121951.6,0.009404490033282911
2024-09-09 20:00:00,220.91,221.0449,1650758.0,219.84686,219.77843,0.0002484275306575,52.74597722143994,7505730.6,0.007966817380449107
2024-09-09 21:00:00,221.05,221.12,71504.0,220.04086,219.77043,0.000339749978398,52.86955090911224,6587645.0,0.007973054589418873
2024-09-09 22:00:00,221.15,220.4205,57319.0,220.29108,219.71248,-0.0031634406657018,41.5171534927396,5088700.6,0.007774575660722653
2024-09-09 23:00:00,220.5,220.8797,67270.0,220.89102000000003,219.87645000000003,0.0020832908009917,44.59946205906623,2763277.4,0.006713434312150749
2024-09-10 08:00:00,219.69,218.43,119617.0,220.37902,219.99945,-0.0110906525135628,39.914997838928194,393293.6,0.005260602082868278
2024-09-10 09:00:00,218.22,218.25,48209.0,219.82004,219.83345,-0.0008240626287598,40.92218310725987,72783.8,0.005150586194062034
2024-09-10 10:00:00,218.14,218.49,29200.0,219.29404,219.66745,0.0010996563573883,42.29513027676145,64323.0,0.005266382917626028
2024-09-10 11:00:00,218.5,218.74,160391.0,218.95794,219.62451,0.0011442171266419,48.308341904401026,84937.4,0.005454952893679004
2024-09-10 12:00:00,218.525,219.2,287105.0,218.622,219.75651,0.002102953277864,57.57667596072249,128904.4,0.0054582038004986205
2024-09-10 13:00:00,219.2,217.515,8243269.0,218.439,219.40901,-0.0076870437956204,40.162978296942505,1753634.8,0.003976253448176602
2024-09-10 14:00:00,217.5,219.1599,8673499.0,218.62098,219.22051,0.0075622370870974,46.35410913000888,3478692.8,0.005469320589368554
2024-09-10 15:00:00,219.15,218.34,5103033.0,218.59098,218.94251,-0.0037411040979667,46.90928332935849,4493459.4,0.0058294298463453156
2024-09-10 16:00:00,218.32,219.5461,3784866.0,218.7522,218.85507,0.0055239534670696,56.2474220619005,5218354.4,0.00637144779964701
2024-09-10 17:00:00,219.555,220.81,3497332.0,219.0742,218.8481,0.0057568774849564,49.216587454953746,5860399.8,0.006762644158893918
2024-09-10 18:00:00,220.81,220.3756,5621538.0,219.64632,219.04266,-0.0019673022055161,47.180161278090864,5336053.6,0.005104052314150154
2024-09-10 19:00:00,220.37,220.17,6814007.0,219.84834,219.23466,-0.0009329526499304,46.04107282759074,4964155.2,0.004418350899504954
2024-09-10 20:00:00,220.11,219.9,1175945.0,220.16034,219.37566,-0.001226325112413,47.75039546362168,4178737.6,0.00386211052244849
2024-09-10 21:00:00,219.84,219.98,19621.0,220.24712,219.49966,0.0003638017280581,45.97971312391069,3425688.6,0.0031114006335732957
2024-09-10 22:00:00,219.88,219.96,15813.0,220.07712,219.57566,-9.091735612320124e-05,58.733076097627844,2729384.8,0.000923982631052074
2024-09-10 23:00:00,219.93,219.74,21148.0,219.95,219.79816,-0.0010001818512456,58.46610150230697,1609306.8,0.0006798514546832722
2024-09-11 08:00:00,217.8,219.22,23960.0,219.76,219.80417,-0.0023664330572495,54.01991233287074,251297.4,0.0010621068604749673
2024-09-11 09:00:00,219.47,219.39,3126.0,219.658,219.90917,0.0007754766900829,53.6111913598079,16733.6,0.0012517478510569524
2024-09-11 10:00:00,219.56,219.63,14795.0,219.588,219.91756,0.001093942294544,52.44880293400766,15768.4,0.001405550443623535
2024-09-11 11:00:00,219.6,219.88,22688.0,219.572,219.82456,0.0011382780130219,66.09982572704513,17143.4,0.0015546989589819028
2024-09-11 12:00:00,219.62,220.46,912584.0,219.716,219.833,0.0026378024376933,60.351279478972764,195430.6,0.0018372059307502119
2024-09-11 13:00:00,220.6,220.505,5571853.0,219.973,219.8665,0.0002041186609815,69.66394187102638,1305009.2,0.0009013615297250019
2024-09-11 14:00:00,220.55,218.59,5951749.0,219.813,219.7355,-0.0086846103262964,42.30676386810217,2494733.8,0.004536171625441843
2024-09-11 15:00:00,218.55,219.68,3958119.0,219.823,219.7055,0.0049865044146575,40.64569536423839,3283398.6,0.0052097771172406005
2024-09-11 16:00:00,219.6999,221.0728,3186018.0,220.06156,219.81678,0.0063401310997814,54.98113854595346,3916064.6,0.005947055530095242
2024-09-11 17:00:00,221.07,221.08,3376138.0,220.18556,219.95078,3.256845708749173e-05,56.69117647058846,4408775.4,0.005892161602145573
2024-09-11 18:00:00,221.08,221.45,3561773.0,220.37456000000003,220.17378,0.0016736023159036,61.23188405797097,4006759.4,0.005905624203933373
2024-09-11 19:00:00,221.44,222.86,7965765.0,221.22856,220.52078,0.0063671257620231,67.49696233292848,4409562.6,0.0028780771280814753
2024-09-11 20:00:00,222.49,222.2,1991142.0,221.73256,220.77778,-0.0029615004935835,62.62683201803817,4016167.2,0.004064502317996418
2024-09-11 21:00:00,222.22,222.0,35650.0,221.918,220.98978,-0.0009000900090008,62.76836158192082,3386093.6,0.0035133762089579043
2024-09-11 22:00:00,222.09,222.32,41830.0,222.166,221.17578,0.0014414414414414,67.91907514450862,2719232.0,0.003488604811071771
2024-09-11 23:00:00,222.3,222.1445,26615.0,222.3049,221.33973,-0.0007894026628283,65.91184795794584,2012200.4,0.0035646806623890305
2024-09-12 08:00:00,222.5,222.65,29610.0,222.2629,221.74573,0.0022755458721688,66.92635354780856,424969.4,0.0020787732452749105
2024-09-12 09:00:00,222.61,222.62,9835.0,222.3469,222.03973,-0.0001347406242982,65.74531663027238,28708.0,0.0014134030312975773
2024-09-12 10:00:00,222.6,222.66,14096.0,222.4789,222.19845,0.0001796783757074,63.478740350447175,24397.2,0.0012411970510108812
2024-09-12 11:00:00,222.6,222.6,32256.0,222.5349,222.35045,-0.0002694691457828,62.811888454011715,22482.4,0.0011838481407204949
2024-09-12 12:00:00,222.69,222.76,116065.0,222.658,222.48145,0.0007187780772686,82.47157763588206,40372.4,0.0010348253181269823
2024-09-12 13:00:00,222.6014,221.04,5099709.0,222.336,222.29945,-0.0077213144191057,59.644022124521214,1054392.2,0.0035288911022215465
2024-09-12 14:00:00,221.04,221.8,4840092.0,222.17200000000005,222.25945,0.0034382917119074,55.66513975881092,2020443.6,0.004165083767991523
2024-09-12 15:00:00,221.81,221.975,3670641.0,222.035,222.25695,0.0007889990982866,56.79471606437884,2751752.6,0.004207085210791956
2024-09-12 16:00:00,221.98,222.5,2087225.0,222.015,222.27495,0.0023651312084694,57.788161993769506,3162746.4,0.004419839211950381
2024-09-12 17:00:00,222.49,223.08,2876414.0,222.079,222.3685,0.0026067415730337,51.860937235662306,3714816.2,0.004582990439069928
2024-09-12 18:00:00,223.09,223.19,3542130.0,222.509,222.4225,0.0004930966469427,59.23335198656977,3403300.4,0.0012538420286906243
2024-09-12 19:00:00,223.18,222.87,6960588.0,222.723,222.4475,-0.0014337559926519,57.93650793650798,3827399.6,0.0016327413767878666
2024-09-12 20:00:00,222.77,222.29,842558.0,222.786,222.4105,-0.002602413963297,49.73872147709457,3261783.0,0.0022941236159689945
2024-09-12 21:00:00,222.282,222.2,56271.0,222.72600000000003,222.3705,-0.0004048765126636,50.49067279639284,2855592.2,0.0019793065510360546
2024-09-12 22:00:00,222.41,222.64,38110.0,222.638,222.3585,0.0019801980198019,49.91055456171718,2287931.4,0.001759407481471615
2024-09-12 23:00:00,222.6,222.757,15910.0,222.5514,222.5302,0.0005255120373698,51.20662321648758,1582687.4,0.001763546240341372
2024-09-13 08:00:00,222.7,222.95,12086.0,222.5674,222.6452,0.0008664149723689,52.487135506003355,192987.0,0.0017217639632046693
2024-09-13 09:00:00,223.0,223.22,7564.0,222.7534,222.7697,0.0012110338640951,55.132450331125845,25988.2,0.000878484673009672
2024-09-13 10:00:00,223.17,223.41,20030.0,222.9954,222.8607,0.0008511782098378,55.3542009884679,18740.0,0.0005551408419127272
2024-09-13 11:00:00,223.46,224.05,58987.0,223.2774,222.9577,0.00286468824135,80.16032064128254,22915.4,0.0009272092722370828
2024-09-13 12:00:00,223.49,224.48,844583.0,223.622,223.0867,0.0019192144610577,78.75536480686674,188650.0,0.0008565894745944841
2024-09-13 13:00:00,224.45,222.52,5160545.0,223.536,223.0517,-0.0087312900926584,54.228083785880656,1218341.8,0.00473301119056487
2024-09-13 14:00:00,222.5,223.16,5776363.0,223.524,223.1387,0.0028761459644076,55.03048780487804,2372101.6,0.004927278253241976
2024-09-13 15:00:00,223.18,223.81,3704289.0,223.604,223.29970000000003,0.0029127083706757,55.505279034690744,3108953.4,0.005103996843386863
2024-09-13 16:00:00,223.8,223.88,2506406.0,223.57,223.4237,0.0003127652919887,55.235204855842184,3598437.2,0.0049160901403418195
2024-09-13 17:00:00,223.88,223.69,2220245.0,223.412,223.517,-0.0008486689297838,56.34674922600617,3873569.6,0.004779900742528786
2024-09-13 18:00:00,223.7,222.4701,3360769.0,223.40202,223.46901000000005,-0.0054535294380615,51.26832772292575,3513614.4,0.003439007258896976
2024-09-13 19:00:00,222.47,222.46,6061271.0,223.26202,223.39301,-4.5399359284659936e-05,51.851851851852,3570596.0,0.0030453014560013927
2024-09-13 20:00:00,222.5,222.42,1914587.0,222.98402,223.29401,-0.0001798076058618,48.338368580060425,3212655.6,0.002391081665332325
2024-09-13 21:00:00,222.42,222.35,49487.0,222.67802,223.12401,-0.0003147198992896,46.90400121710015,2721271.8,0.0023038949215021267
2024-09-13 22:00:00,222.37,222.31,16424.0,222.40202,222.90701,-0.0001798965594782,45.01557632398762,2280507.6,0.0023603352242942237
2024-09-13 23:00:00,222.27,222.23,26849.0,222.354,222.87801,-0.0003598578561468,42.05457463884418,1613723.6,0.00012465813992009318
2024-09-16 08:00:00,222.2,219.21,101381.0,221.704,222.48301,-0.013589524366647,26.821192052980052,421745.6,0.005962324846151641
2024-09-16 09:00:00,219.16,218.82,49364.0,220.984,221.98401,-0.0017791159162447,20.317820658342498,48701.0,0.005819438236809544
2024-09-16 10:00:00,218.75,218.2,135177.0,220.154,221.41601,-0.0028333790329951,15.111111111110986,65839.0,0.0056075731521721
2024-09-16 11:00:00,218.25,217.0,432601.0,219.092,220.74701,-0.0054995417048578,16.504854368931888,149074.4,0.005254820255393985
2024-09-16 12:00:00,217.0,217.015,724140.0,218.049,220.2015,6.912442396307077e-05,9.652002626395102,288532.6,0.005348359279933862
2024-09-16 13:00:00,217.0,215.195,14284808.0,217.246,219.475,-0.0083865170610326,0.9675583380760457,3125218.0,0.0033108882098641934
2024-09-16 14:00:00,215.18,215.3,9910658.0,216.542,218.763,0.0004879295522666,1.3605442176871207,5097476.8,0.0037618143026625843
2024-09-16 15:00:00,215.29,215.955,6283387.0,216.093,218.1235,0.0030422666047375,8.346795907377555,6327118.8,0.004714696978854782
2024-09-16 16:00:00,215.97,215.59,4466661.0,215.811,217.45150000000004,-0.0016901669329258,9.193248004175572,7133930.8,0.0043097947992803325
2024-09-16 17:00:00,215.59,216.21,3695537.0,215.65,216.8495,0.002875829120089,15.43141592920361,7728210.2,0.004697324772230211
2024-09-16 18:00:00,216.215,216.4,3600477.0,215.891,216.5685,0.0008787752647888,17.24700761697507,5591344.0,0.001945043679052708
2024-09-16 19:00:00,216.405,216.3,7308355.0,216.09100000000004,216.3165,-0.0004621072088724,17.190889370932837,5070883.4,0.002064810920287259
2024-09-16 20:00:00,216.32,216.1,2181373.0,216.12000000000003,216.1065,-0.0009246417013408,16.897654584221797,4250480.6,0.0017941541427325316
2024-09-16 21:00:00,216.09,216.0376,136428.0,216.20952000000003,216.01026,-0.0002887552059231,16.929419806887182,3384434.0,0.0015272518150057715
2024-09-16 22:00:00,216.002,216.1308,31187.0,216.19368,215.92184,0.0004314063848144,26.076822673876535,2651564.0,0.0007217254067936668
2024-09-16 23:00:00,216.155,216.249,44398.0,216.16348,216.02724,0.000546891049309,29.14435899931864,1940348.2,0.0006204568426727385
2024-09-17 08:00:00,216.37,216.52,40404.0,216.20748000000003,216.14924,0.0012531849858265,35.55410332255647,486758.0,0.0008346730078221122
2024-09-17 09:00:00,216.62,216.89,14010.0,216.36548,216.24274,0.0017088490670606,48.89664580324172,53285.4,0.0007733719565950899
2024-09-17 10:00:00,216.85,216.65,13624.0,216.48796,216.34874,-0.0011065517082391,46.496986448616255,28724.6,0.0010717082330857764
2024-09-17 11:00:00,216.6,216.26,160719.0,216.5138,216.35374,-0.0018001384721902,64.08804698661294,54631.0,0.0015151027510016998
2024-09-17 12:00:00,216.53,216.07,257330.0,216.478,216.32074,-0.0008785720891519,59.96170565100369,97217.4,0.0015485429378322838
2024-09-17 13:00:00,216.1,216.22,7499270.0,216.418,216.31274,0.0006942194659138,53.94368712423338,1588990.6,0.001436737451106056
2024-09-17 14:00:00,216.24,216.1299,6676038.0,216.26598,216.31573,-0.0004167052076588,58.75068883918423,2921396.2,0.000926224701766459
2024-09-17 15:00:00,216.105,216.6,4097073.0,216.25598,216.37197,0.0021750808194516,56.64395229982941,3738086.0,0.0015320510974338787
2024-09-17 16:00:00,216.6,215.795,4962850.0,216.16298,216.33839,-0.0037165281625115,41.478873239436396,4698512.2,0.0021824851249537132
2024-09-17 17:00:00,215.81,216.1301,4133746.0,216.175,216.3265,0.0015528626705901,47.755673562125025,5473795.4,0.0023234580081976015
2024-09-17 18:00:00,216.14,215.84,3063254.0,216.099,216.2585,-0.0013422471002419,46.645334434351895,4586592.2,0.0023621724130681253
2024-09-17 19:00:00,215.84,216.85,7047703.0,216.24302,216.2545,0.0046793921423276,58.42249315750183,4660925.2,0.0032561751879155564
2024-09-17 20:00:00,216.79,216.6205,509673.0,216.24712,216.25155,-0.0010583352547844,54.93738783246959,3943445.2,0.0032031127058691575
2024-09-17 21:00:00,216.62,216.595,17694.0,216.40712,216.28505,-0.0001177173905516,53.55498931448302,2954414.0,0.002474113933340922
2024-09-17 22:00:00,216.56,216.6,14031.0,216.5011,216.33805,2.3084558738638715e-05,50.86948960959899,2130471.0,0.0024432906139882984
2024-09-17 23:00:00,216.595,216.9,27444.0,216.7131,216.40605,0.0013850415512465,50.11036553063768,1523309.0,0.0022430456878460426
2024-09-18 08:00:00,216.2,216.0,36807.0,216.5431,216.39306,-0.004149377593361,43.73844019728729,121129.8,0.0020737094767593776
2024-09-18 09:00:00,216.12,215.88,11204.0,216.395,216.32106,-0.0005555555555555,46.13852532314453,21436.0,0.0020692336353861198
2024-09-18 10:00:00,215.97,216.72,64235.0,216.42,216.41356,0.0038910505836576,55.83441045526355,30744.2,0.0029374520825714862
2024-09-18 11:00:00,216.74,216.49,71140.0,216.398,216.44955,-0.0010612772240678,52.389211383264985,42166.0,0.00298591934333955
2024-09-18 12:00:00,217.0,217.13,145956.0,216.444,216.57855,0.0029562566400294,58.064932341983486,65868.4,0.0032518556094980463
2024-09-18 13:00:00,217.13,219.205,7014128.0,217.085,216.81405,0.0095564868972505,66.68759288679351,1461332.6,0.004269375714414968
2024-09-18 14:00:00,219.21,220.93,9336268.0,218.095,217.245,0.0078693460459387,79.42625956998131,3326345.4,0.004198242789118066
2024-09-18 15:00:00,220.935,219.6115,5897925.0,218.6733,217.54665,-0.0059679536504775,67.92946459839735,4493083.4,0.00638505120009971
2024-09-18 16:00:00,219.61,221.285,4309593.0,219.6323,218.01515,0.0076202748945296,74.54471691309053,5340774.0,0.006296318576581507
2024-09-18 17:00:00,221.285,220.6816,4462351.0,220.34262000000004,218.39331,-0.0027268002801816,67.92913695322596,6204053.0,0.007086963279496157
2024-09-18 18:00:00,220.63,220.0501,8638352.0,220.51164,218.79832,-0.0028615888229921,65.46620488121648,6528897.8,0.006483472494236129
2024-09-18 19:00:00,220.048,220.69,10241246.0,220.46364,219.27932,0.0029079741386166,67.49730810644513,6709893.4,0.005421118631185534
2024-09-18 20:00:00,220.69,221.4,2082974.0,220.82134,219.74732,0.0032171824731524,69.34423058322855,5946903.2,0.004449489530586953
2024-09-18 21:00:00,221.3225,221.23,43728.0,220.81034,220.22132,-0.0007678410117435,67.63488857031136,5093730.2,0.0029584458691529684
2024-09-18 22:00:00,221.28,221.6,29520.0,220.99402,220.66832,0.0016724675676897,73.8362788163584,4207164.0,0.002593608779938848
2024-09-18 23:00:00,221.58,222.25,77765.0,221.43400000000003,220.97282,0.0029332129963899,75.94324253877227,2495046.6,0.0016541451122636162
2024-09-19 08:00:00,222.79,224.5,96566.0,222.196,221.32982,0.0101237345331833,78.42154484612905,466110.6,0.004056130996712881
2024-09-19 09:00:00,224.34,224.38,49020.0,222.792,221.80667,-0.0005345211581291,79.05692062930866,59319.8,0.004435905481701078
2024-09-19 10:00:00,224.23,224.84,38366.0,223.514,222.16217,0.0020500935912292,78.77552848441407,58247.4,0.004049677757997684
2024-09-19 11:00:00,224.5,224.7,109540.0,224.134,222.56401,-0.0006226650062267,73.97092952241334,74251.4,0.004388916638267363
2024-09-19 12:00:00,224.14,225.105,457219.0,224.705,223.0695,0.0018024032042723,70.58313119958959,150142.2,0.00440878052116963
2024-09-19 13:00:00,225.1,227.3,10318082.0,225.265,223.7305,0.0097510050865152,84.88968352649654,2194445.4,0.0042492620191787135
2024-09-19 14:00:00,227.29,227.94,11940023.0,225.977,224.3845,0.0028156621205454,83.325654995593,4572646.0,0.003903313656997699
2024-09-19 15:00:00,227.96,228.37,7368762.0,226.683,225.0985,0.0018864613494779,89.18095276922722,6038725.2,0.003915605132825029
2024-09-19 16:00:00,228.37,229.18,4487164.0,227.579,225.8565,0.0035468756841967,95.69565260913491,6914250.0,0.0033155205512742547
2024-09-19 17:00:00,229.18,229.38,4132629.0,228.43400000000003,226.5695,0.0008726764988218,95.49738219895255,7649332.0,0.0034883758946206303
2024-09-19 18:00:00,229.38,229.32,4305936.0,228.838,227.0515,-0.000261574679571,94.49438202247153,6446902.8,0.001516305085714794
2024-09-19 19:00:00,229.32,228.81,10192161.0,229.012,227.4945,-0.0022239665096807,91.01731601731592,6097330.4,0.002179212838267842
2024-09-19 20:00:00,228.87,228.58,1055859.0,229.054,227.86850000000004,-0.0010052008216423,88.35164835164835,4834749.8,0.0021905610448337835
2024-09-19 21:00:00,228.6275,228.6293,21786.0,228.94386,228.26143,0.0002156794120219,87.5283846905039,3941674.2,0.0011914977052666618
2024-09-19 22:00:00,228.63,228.5,30565.0,228.76786,228.60093,-0.0005655443112496,81.35484275546355,3121261.4,0.0009275212571879266
2024-09-19 23:00:00,228.59,228.546,28832.0,228.61306,228.72553,0.0002013129102844,83.03936808044921,2265840.6,0.0010101414543655812
2024-09-20 08:00:00,228.15,227.84,45760.0,228.41906,228.71553000000003,-0.0030890936616698,72.89866577107449,236560.4,0.0013564165998663968
2024-09-20 09:00:00,227.9,227.63,27386.0,228.22906000000003,228.64153,-0.0009216994382022,72.12790381536433,30865.8,0.001354518738886619
2024-09-20 10:00:00,227.5,227.2,21470.0,227.9432,228.44353,-0.0018890304441418,65.76230889611176,30802.6,0.001272119875339162
2024-09-20 11:00:00,227.47,227.9,82917.0,227.8232,228.29553,0.003080985915493,55.82456412845104,41273.0,0.0023517642044345428
2024-09-20 12:00:00,227.4573,229.442,472197.0,228.0024,228.30773,0.0067661254936375,62.407890823778324,129946.0,0.004065623495631966
2024-09-20 13:00:00,229.48,230.0,22001506.0,228.4344,228.42673,0.0024319871688705,63.18642203022363,4521095.2,0.003452370733226694
2024-09-20 14:00:00,230.0,230.305,9070357.0,228.9694,228.59923,0.0013260869565217,59.91084643033341,6329689.4,0.003124930983695617
2024-09-20 15:00:00,230.305,230.8,12681095.0,229.6894,228.8163,0.0021493237228892,61.891602184035264,8861614.4,0.0021168772218954548
2024-09-20 16:00:00,230.8,231.845,6354656.0,230.4784,229.15080000000003,0.0045277296360484,68.15084248662959,10115962.2,0.0022020916035654405
2024-09-20 17:00:00,231.845,230.665,6954081.0,230.723,229.3627,-0.0050896072807263,62.16297733948799,11412339.0,0.003639442998293965
2024-09-20 18:00:00,230.665,231.48,9721687.0,231.019,229.7267,0.0035332625235731,67.66009792219799,8956375.2,0.0037734018629602267
2024-09-20 19:00:00,231.478,228.53,30818447.0,230.664,229.8167,-0.0127440815621219,49.553157596320865,13305993.2,0.007319433486598597
2024-09-20 20:00:00,228.535,228.05,64142489.0,230.114,229.9017,-0.0021003806940007,48.036991798988005,23598272.0,0.007027047791040618
2024-09-20 21:00:00,228.05,227.8704,160203.0,229.31908,229.89874,-0.00078754659066,47.08682603746248,22359381.4,0.006056888433096731
2024-09-20 22:00:00,227.8732,227.85,60326.0,228.75608,229.73954000000003,-8.95245718618789e-05,50.04582951420711,20980630.4,0.006128307531066926
2024-09-20 23:00:00,227.86,227.76,45751.0,228.01208,229.51554,-0.0003949967083607,50.60240963855419,19045443.2,0.00537724306536007
2024-09-23 08:00:00,228.4,227.7,82385.0,227.84608,229.25504,-0.000263435194942,52.399232245681375,12898230.8,0.0008095266672122742
2024-09-23 09:00:00,227.71,227.98,34530.0,227.83208,228.97304000000003,0.0012296881862099,50.39999999999992,76639.0,0.000766011303793555
2024-09-23 10:00:00,227.87,228.2,34899.0,227.898,228.60854,0.0009649969295552,42.84397326572932,51578.2,0.0007513625136977376
2024-09-23 11:00:00,228.05,228.27,90778.0,227.982,228.36904,0.0003067484662577,39.43833943833953,57668.6,0.0007217229722855695
2024-09-23 12:00:00,228.125,227.1995,391125.0,227.8699,227.94099,-0.004689621938932,32.661492937301134,126743.4,0.00241853815118504
2024-09-23 13:00:00,227.18,226.935,7994072.0,227.7169,227.78149,-0.0011641750972163,27.85100286532952,1709080.8,0.0024309276095907154
2024-09-23 14:00:00,226.935,228.705,8577877.0,227.8619,227.84699,0.0077995901910239,33.38624338624355,3417750.2,0.00455895458316848
2024-09-23 15:00:00,228.7001,228.34,3633867.0,227.8899,227.89395000000005,-0.0015959423711768,36.5373480023163,4137543.8,0.0046566180564241765
2024-09-23 16:00:00,228.3389,226.7605,3576383.0,227.588,227.785,-0.0069173162827362,24.8949412202779,4834664.8,0.005611404474958078
2024-09-23 17:00:00,226.77,227.1,3255544.0,227.5681,227.719,0.0014971743315082,39.46825747532775,5407548.6,0.005357185748576902
2024-09-23 18:00:00,227.08,226.68,2528994.0,227.5171,227.617,-0.0018494055482165,39.82018130480015,4314533.0,0.005400567266286576
2024-09-23 19:00:00,226.68,226.45,6605419.0,227.0661,227.464,-0.0010146461972825,39.52414667964722,3920041.4,0.0030644827308137375
2024-09-23 20:00:00,226.47,226.29,1869718.0,226.6561,227.273,-0.0007065577390152,38.7266946090476,3567211.6,0.003117414990198848
2024-09-23 21:00:00,226.3,226.24,1487746.0,226.552,227.07,-0.0002209554111979,38.951882541067185,3149484.2,0.0012436376367771485
2024-09-23 22:00:00,226.26,226.22,17092.0,226.37600000000003,226.97205,-8.840169731263363e-05,39.1797046351807,2501793.8,0.0007061939583463146
2024-09-23 23:00:00,226.18,226.23,21045.0,226.286,226.90155,4.420475643175186e-05,36.67985994824177,2000204.0,0.0004467098324582636
2024-09-24 08:00:00,226.97,227.97,58673.0,226.59,226.82805,0.0076912876276356,48.57831623191996,690854.8,0.0035596058408893967
2024-09-24 09:00:00,227.99,228.15,28040.0,226.962,226.80905,0.0007895775759968,49.26820343944381,322519.2,0.0034036135504053847
2024-09-24 10:00:00,228.12,227.85,24556.0,227.284,226.918,-0.0013149243918475,54.3784074846873,29881.2,0.0035837928945404818
2024-09-24 11:00:00,227.8,227.76,106011.0,227.592,226.984,-0.0003949967083607,55.68651778329189,47665.0,0.0036186009015749454
2024-09-24 12:00:00,227.5,228.1,257832.0,227.966,227.126,0.0014927994380049,44.805975274725135,95022.4,0.003543830744188748
2024-09-24 13:00:00,228.08,227.41,4203926.0,227.854,227.222,-0.0030249890398947,42.4377947633761,924073.0,0.0017807657349487177
2024-09-24 14:00:00,227.43,227.185,5532891.0,227.661,227.3115,-0.0009894024009498,54.42694754406086,2025043.2,0.0016326231877127808
2024-09-24 15:00:00,227.1857,227.45,2852258.0,227.581,227.4325,0.0011664502497963,53.70762711864401,2590583.6,0.001820848540010947
2024-09-24 16:00:00,227.465,227.0,2551379.0,227.429,227.5105,-0.001978456803693,53.36842105263151,3079657.2,0.0019627944114467004
2024-09-24 17:00:00,227.0195,227.29,2051659.0,227.267,227.6165,0.0012775330396475,58.73180873180881,3438422.6,0.00190509681416098
2024-09-24 18:00:00,227.3,226.87,2032654.0,227.159,227.5065,-0.0018478595626731,55.71992110453666,3004168.2,0.0015949501885390968
2024-09-24 19:00:00,226.87,227.36,5556663.0,227.194,227.4275,0.0021598272138229,60.16333938294017,3008922.6,0.0019277919562977214
2024-09-24 20:00:00,227.37,227.56,6471074.0,227.216,227.3985,0.0008796622097114,61.7750439367312,3732685.8,0.0018941665487030056
2024-09-24 21:00:00,227.52,227.5701,462697.0,227.33002,227.37951000000004,4.438389875195212e-05,61.77571571677135,3314949.4,0.0015185289967240346
2024-09-24 22:00:00,227.64,227.54,17620.0,227.38002,227.32351,-0.0001322669366494,44.598261393899676,2908141.6,0.0014687628487336417
2024-09-24 23:00:00,227.54,227.5128,45027.0,227.50858,227.33379,-0.0001195394216401,41.67581125568252,2510616.2,0.0009833987855102841
2024-09-25 08:00:00,226.98,225.88,42581.0,227.21258,227.20329,-0.0071767390669887,30.91159257393106,1407799.8,0.0033110210325769532
2024-09-25 09:00:00,225.98,225.84,19454.0,226.86858,227.04229,-0.0001770851779705,31.214042503228725,117475.8,0.0031676571230550943
2024-09-25 10:00:00,225.97,225.0,85495.0,226.35456,226.84229,-0.0037194473963868,22.371751452710868,42035.4,0.003152441022710571
2024-09-25 11:00:00,225.0,225.22,112065.0,225.89056,226.63529000000003,0.0009777777777777,28.697326952258422,60924.4,0.0033716535180398372
2024-09-25 12:00:00,225.05,225.1,228893.0,225.408,226.45829,-0.0005328123612468,29.29575786463269,97697.6,0.003317340481609757
2024-09-25 13:00:00,225.17,226.89,5369311.0,225.61,226.41129,0.007952021323856,45.73183744398032,1163043.6,0.004309565293759566
2024-09-25 14:00:00,226.895,226.371,4792397.0,225.7162,226.29239,-0.0022874520692845,45.25583780848371,2117632.2,0.004538689348195142
2024-09-25 15:00:00,226.3799,225.51,3549748.0,225.8182,226.08638,-0.0038034907298197,37.639232243548726,2810482.8,0.004558234101583149
2024-09-25 16:00:00,225.53,225.7999,2585130.0,225.93418000000003,225.91237,0.0012855305751408,42.43221453727673,3305095.8,0.004569018303472923
2024-09-25 17:00:00,225.8,224.96,3104913.0,225.90618,225.65709,-0.0037196650662821,33.82749326145546,3880299.8,0.004958740774455058
2024-09-25 18:00:00,224.965,224.9355,4160270.0,225.51528,225.56264,-0.0001089082503556,31.88625854096206,3638491.6,0.002252231976838137
2024-09-25 19:00:00,224.93,226.31,5409157.0,225.50308,225.60964,0.0061106406058626,42.68141109781744,3761843.6,0.0041016977987468495
2024-09-25 20:00:00,226.37,226.03,1466481.0,225.60708,225.71264,-0.0012372409526755,41.47740100239318,3345190.2,0.003649826680602584
2024-09-25 21:00:00,226.03,226.11,377243.0,225.6691,225.80164,0.0003539353183206,42.12935948651209,2903612.8,0.0036212023686005286
2024-09-25 22:00:00,226.03,225.95,37720.0,225.8671,225.88664,-0.0007076201848658,50.47050599559064,2290174.2,0.002984020294479416
2024-09-25 23:00:00,225.94,226.15,24726.0,226.11,225.81264,0.0008851515822085,52.03979575722481,1463065.4,0.002934180786652125
2024-09-26 08:00:00,227.12,227.95,51168.0,226.438,225.97054,0.0079593190360379,67.23372435388117,391467.6,0.00373390653743448
2024-09-26 09:00:00,228.07,228.12,40086.0,226.856,226.23154,0.0007457775828033,67.04118089507318,106188.6,0.0034732410344320438
2024-09-26 10:00:00,228.0,228.1,34655.0,227.254,226.46155,-8.767315448014305e-05,67.83845495195489,37671.0,0.003525925543318143
2024-09-26 11:00:00,228.06,227.81,78458.0,227.62600000000003,226.74655,-0.0012713722051731,56.658175081056065,45818.6,0.0036319406268133458
2024-09-26 12:00:00,227.95,228.1,278317.0,228.016,227.063,0.0012729906501031,62.94200425162397,96536.8,0.003615727661722204
2024-09-26 13:00:00,228.13,226.52,5324688.0,227.73,227.084,-0.0069267864971503,56.825431150997524,1151240.8,0.003313831511568947
2024-09-26 14:00:00,226.51,227.17,5831300.0,227.54,227.198,0.0028695037965741,58.829215481575815,2309483.6,0.003742510965186842
2024-09-26 15:00:00,227.19,227.7,4106323.0,227.46,227.35700000000003,0.0023330545406523,68.39173043361502,3123817.2,0.004009394665613781
2024-09-26 16:00:00,227.69,227.2567,1685153.0,227.34934,227.48767,-0.0019468599033816,64.75126464831338,3445156.2,0.004059500004412919
2024-09-26 17:00:00,227.24,227.135,2241732.0,227.15634,227.58617,-0.0005355177647127,56.235827664399,3837839.2,0.003943206276197241
2024-09-26 18:00:00,227.15,227.78,2278264.0,227.40834,227.56917,0.0028397208708477,62.53581661891114,3228554.4,0.002215612324245758
2024-09-26 19:00:00,227.78,227.52,5142942.0,227.47834000000003,227.50917,-0.0011414522785143,59.846368715083784,3090882.8,0.0021451845938743577
2024-09-26 20:00:00,227.52,227.93,962817.0,227.52434,227.49217,0.0018020393811532,63.360323886639854,2462181.6,0.0020300295686311192
2024-09-26 21:00:00,227.52,227.89,44147.0,227.651,227.50017000000005,-0.0001754924757601,61.999999999999915,2133980.4,0.0016864025599162245
2024-09-26 22:00:00,227.95,228.2,54231.0,227.86400000000003,227.51017,0.001360305410505,52.17013888888889,1696480.2,0.0015894520041215333
2024-09-26 23:00:00,228.13,228.066,21892.0,227.9212,227.66477,-0.000587204206836,49.528301886792434,1245205.8,0.0012707955269406824
2024-09-27 08:00:00,226.4,227.24,29835.0,227.8652,227.67177,-0.0036217586137345,43.415007656967894,222584.4,0.0021384461513959054
2024-09-27 09:00:00,227.24,228.11,30052.0,227.9012,227.71277,0.0038285513113888,52.109704641350305,36031.4,0.0027327442923198195
2024-09-27 10:00:00,227.92,227.72,13846.0,227.8672,227.75910000000005,-0.001709701459822,47.364771151178935,29971.2,0.002862985131715521
2024-09-27 11:00:00,227.68,228.01,13531.0,227.8292,227.8466,0.0012734937642718,62.584459459459325,21831.2,0.002851808261650295
2024-09-27 12:00:00,227.69,228.0195,142416.0,227.8199,227.87055,4.166483926144787e-05,58.04526943839383,45936.0,0.0028422918562256336
2024-09-27 13:00:00,228.04,228.8,4233813.0,228.1319,227.99855,0.0034229528614878,59.94575045207972,886731.6,0.0023193441500050506
2024-09-27 14:00:00,228.81,228.64,4400190.0,228.2379,228.06955,-0.0006993006993008,63.182571902338374,1760759.2,0.001979095698572232
2024-09-27 15:00:00,228.64,227.51,4385304.0,228.1959,228.03155,-0.004942267319804,52.99760191846519,2635050.8,0.00308593217674395
2024-09-27 16:00:00,227.51,228.33,2075938.0,228.2599,228.04455,0.0036042371763879,54.27682737169522,3047532.2,0.0035077224109054386
2024-09-27 17:00:00,228.34,228.365,1910899.0,228.329,228.07445,0.0001532869092979,56.80902497985487,3401228.8,0.003506137774776145
2024-09-27 18:00:00,228.36,228.1066,2231623.0,228.19032,228.16111,-0.0011315219057212,51.458684375722534,3000790.8,0.003057395320601691
2024-09-27 19:00:00,228.12,227.82,4674239.0,228.02632,228.13211,-0.0012564301076776,49.4444444444445,3055600.6,0.0030718950556983707
2024-09-27 20:00:00,227.79,227.5985,790974.0,228.04402,228.11996,-0.0009722588008076,45.15817435402091,2336734.6,0.002048578564970655
2024-09-27 21:00:00,227.57,227.57,17026.0,227.89202,228.07596,-0.0001252205089225,45.93842122502454,1924952.2,0.0006369429699433204
2024-09-27 22:00:00,227.505,227.57,2348.0,227.73302,228.03101,0.0,53.124999999999794,1543242.0,0.0005895505679231815
2024-09-27 23:00:00,227.5,227.4982,27071.0,227.61134,227.90083,-0.00031550731643,43.17461734124675,1102331.6,0.0005509019182257311
2024-09-30 08:00:00,227.33,229.0,85848.0,227.84734,227.93683,0.0066013709119456,61.44164759725388,184653.4,0.0031326803154807835
2024-09-30 09:00:00,229.0,230.2,75170.0,228.36764,228.20583,0.005240174672489,66.8368288332614,41492.6,0.0033599488256031225
2024-09-30 10:00:00,230.12,229.9,33523.0,228.83364,228.36283,-0.0013032145960034,63.839213435186416,44792.0,0.003603269935054251
2024-09-30 11:00:00,229.85,229.42,168244.0,229.20364,228.46833,-0.0020878642888213,54.77393125538971,77971.2,0.003998721862063148
2024-09-30 12:00:00,229.4,230.35,1326733.0,229.774,228.69267,0.0040537006363874,61.77102263340494,337903.6,0.003945146473300032
2024-09-30 13:00:00,230.35,230.925,7208047.0,230.159,229.00317,0.0024962014326026,75.45240437647196,1762343.4,0.0032431409779841605
2024-09-30 14:00:00,230.925,231.61,5140798.0,230.441,229.40432,0.0029663310598679,74.94827796032607,2775469.0,0.002739373699745948
2024-09-30 15:00:00,231.6,232.25,4405794.0,230.911,229.87232000000003,0.0027632658348084,77.05959379266139,3649923.2,0.002381363175345226
2024-09-30 16:00:00,232.25,231.7878,3087886.0,231.38456,230.2941,-0.0019900968783638,74.93227134807125,4233851.6,0.0023390379968479757
2024-09-30 17:00:00,231.78,231.84,2550516.0,231.68256,230.72828,0.0002252059858197,78.11975377728045,4478608.2,0.0021405792421654852
2024-09-30 18:00:00,231.825,231.7516,3421941.0,231.84788,231.00344,-0.0003812974465148,79.60199004975115,3721387.0,0.0021226861354954494
2024-09-30 19:00:00,231.735,233.0,10554085.0,232.12588,231.28344,0.0053868020760158,82.96983533297714,4804044.4,0.0028982991461187955
2024-09-30 20:00:00,233.0,232.88,2485928.0,232.25188,231.58144,-0.0005150214592274,81.77813951261547,4420071.2,0.0028263803760634186
2024-09-30 21:00:00,232.88,232.88,128940.0,232.47032,231.92744,0.0,82.48702161052752,3828282.0,0.0025015717231880808
2024-09-30 22:00:00,232.9,232.782,39882.0,232.65872,232.17064,-0.0004208175884575,77.48866147226431,3326155.2,0.0025638312788451184
2024-09-30 23:00:00,232.782,233.15,40467.0,232.9384,232.39314,0.0015808782465998,74.39145389601812,2649860.4,0.0024840755498657992
2024-10-01 08:00:00,233.33,233.09,13482.0,232.9564,232.54114,-0.0002573450568303,77.46590439454457,541739.8,0.0008627971525076776
2024-10-01 09:00:00,233.23,233.42,7128.0,233.06440000000003,232.65814,0.0014157621519584,85.35317825072481,45979.8,0.0009580976730002455
2024-10-01 10:00:00,233.39,233.0,37477.0,233.0884,232.77936,-0.0017993316768057,75.74215107242793,27687.2,0.001408062887083759
2024-10-01 11:00:00,233.0,230.32,657259.0,232.596,232.62736,-0.0115021459227468,45.82885193458522,151162.6,0.005426665677042791
2024-10-01 12:00:00,230.3,230.0,571654.0,231.966,232.4522,-0.0013893713094824,38.31165059821099,257400.0,0.005072291758576966
2024-10-01 13:00:00,230.0,226.125,11906819.0,230.573,231.7647,-0.0168478260869565,19.744719527375366,2636067.4,0.007775650433120278
2024-10-01 14:00:00,226.13,225.32,8910712.0,228.953,231.0087,-0.0035599778883361,19.097945532728005,4416784.2,0.006848483545826
2024-10-01 15:00:00,225.29,225.22,6277009.0,227.397,230.2427,-0.0004438132433871,18.514572711361282,5664690.6,0.007127930021509161
2024-10-01 16:00:00,225.21,224.75,5193565.0,226.283,229.4395,-0.0020868484148832,17.866059626964216,6571951.8,0.0067940454718379865
2024-10-01 17:00:00,224.77,225.13,4461401.0,225.30900000000003,228.6375,0.001690767519466,10.75204468382185,7349901.2,0.007308220588809527
2024-10-01 18:00:00,225.12,225.604,3725807.0,225.20480000000003,227.8889,0.002105450184338,14.951830443159892,5713698.8,0.0024219873055100903
2024-10-01 19:00:00,225.61,226.26,7427226.0,225.3928,227.1729,0.0029077498625909,20.007249003261876,5417001.6,0.0020503191585794413
2024-10-01 20:00:00,226.21,225.67,1216511.0,225.4828,226.4399,-0.0026076195527269,19.15336571825101,4404902.0,0.0025540958702623038
2024-10-01 21:00:00,225.67,225.5665,191055.0,225.6461,225.96455,-0.000458634289006,16.33595241266019,3404400.0,0.0022422119358626487
2024-10-01 22:00:00,225.57,225.62,49785.0,225.7441,225.52655,0.0002371806097093,16.820644932042228,2522076.8,0.0021794567865549537
2024-10-01 23:00:00,225.68,225.72,46475.0,225.7673,225.48605000000003,0.0004432231185178,15.085698739457712,1786210.4,0.0019788418273702546
2024-10-02 08:00:00,225.6,225.75,12410.0,225.6653,225.52905,0.0001329080276448,15.920842342765809,303247.2,0.0012515232171823212
2024-10-02 09:00:00,225.65,224.8,22391.0,225.4913,225.48705,-0.0042081949058692,19.013135735938064,64423.2,0.0019506214627980527
2024-10-02 10:00:00,224.64,224.84,49512.0,225.346,225.49605000000005,0.0001779359430604,20.093891271589158,36114.6,0.0019963204663449637
2024-10-02 11:00:00,224.82,224.75,48684.0,225.172,225.45805,-0.00040028464686,35.801321767864465,35894.4,0.0019457392909224954
2024-10-02 12:00:00,224.66,225.2,142094.0,225.06800000000004,225.41765,0.0020022246941045,48.66280365500328,55018.2,0.0022843806274755307
2024-10-02 13:00:00,225.2,223.38,6119636.0,224.594,225.12965,-0.0080817051509768,35.178024810697494,1276463.4,0.004035205510915024
2024-10-02 14:00:00,223.375,226.08,5654209.0,224.85,225.17065,0.0120870265914585,57.881948559914754,2402827.0,0.007226985208773705
2024-10-02 15:00:00,226.085,226.84,4173536.0,225.25,225.298,0.0033616418966737,59.69717591017359,3227631.8,0.007259333511967037
2024-10-02 16:00:00,226.85,226.635,2802785.0,225.627,225.3995,-0.0009037206841827,56.03065044454832,3778452.0,0.007300746426414776
2024-10-02 17:00:00,226.63,227.116,2336732.0,226.0102,225.5391,0.0021223553290534,55.111668458139384,4217379.6,0.007302215603626819
2024-10-02 18:00:00,227.11,226.9,2026766.0,226.7142,225.65410000000003,-0.0009510558481128,57.688461057632296,3398805.6,0.005343743368747686
2024-10-02 19:00:00,226.9,226.81,4003728.0,226.8602,225.8551,-0.0003966505068312,57.785987101621735,3068709.4,0.0019744414594884668
2024-10-02 20:00:00,226.78,227.2,390435.0,226.9322,226.0911,0.0017195009038401,59.492910358086895,2312089.2,0.0014860797777041777
2024-10-02 21:00:00,227.299,227.0982,122054.0,227.02484,226.32592,-0.0004480633802816,58.278670799394455,1775943.0,0.001404135067703983
2024-10-02 22:00:00,227.06,227.0287,19408.0,227.00738,226.50879,-0.0003060350104052,57.644709624191314,1312478.2,0.0010348561716435353
2024-10-02 23:00:00,227.0,226.9715,23644.0,227.02168,226.86794,-0.0002519505243169,64.53383307676847,911853.8,0.0009289563544804321
2024-10-03 08:00:00,226.2,225.86,18489.0,226.83168,226.84594,-0.0048970906038862,55.97049871224544,114806.0,0.0024390321141670324
2024-10-03 09:00:00,225.86,225.74,922.0,226.53968,226.73594,-0.0005313025768175,55.77461502566501,36903.4,0.002021216655955227
2024-10-03 10:00:00,225.79,225.75,17410.0,226.27004,226.64744,4.429875077518785e-05,53.38170191834734,15974.6,0.002083339556046735
2024-10-03 11:00:00,225.8,225.53,57907.0,225.9703,226.48884,-0.0009745293466223,66.45744029393757,23674.4,0.002033407803835247
2024-10-03 12:00:00,225.5,225.21,190054.0,225.618,226.31984,-0.0014188799716223,39.52312138728315,56956.4,0.0019449136292422381
2024-10-03 13:00:00,225.15,226.305,3359407.0,225.707,226.26934,0.0048621286798987,44.038332961889935,725140.0,0.0025545072242912125
2024-10-03 14:00:00,226.31,224.34,5037911.0,225.427,225.98334,-0.0086829720951812,31.631182967824614,1732537.8,0.00485761061316025
2024-10-03 15:00:00,224.33,225.13,3074644.0,225.30300000000005,225.78652,0.0035214406704109,34.85356924954216,2343984.6,0.005313838644535946
2024-10-03 16:00:00,225.1472,223.82,3693908.0,224.961,225.46565,-0.0058188602140985,29.86928104575142,3071184.8,0.005829783314040539
2024-10-03 17:00:00,223.8,224.3,2621046.0,224.779,225.1985,0.0021445804664463,34.39054726368158,3557383.2,0.00605671472744944
2024-10-03 18:00:00,224.29,223.63,1942725.0,224.244,224.9755,-0.0029870708872047,28.545673076923094,3274046.8,0.005177339877176584
2024-10-03 19:00:00,223.62,225.67,7118667.0,224.51,224.9685,0.009122210794616,43.03873973991536,3690198.0,0.005827491775746337
2024-10-03 20:00:00,225.67,225.73,685379.0,224.63,224.9665,0.0002658749501484,43.66407446798131,3212345.0,0.005682854794292816
2024-10-03 21:00:00,225.71,225.65,144099.0,224.996,224.9785,-0.0003544057059317,43.567151827873296,2502383.2,0.004569292151562335
2024-10-03 22:00:00,225.5252,225.8,37162.0,225.296,225.0375,0.0006647462884999,49.677765843179365,1985606.4,0.004576216898799453
2024-10-03 23:00:00,225.8805,226.07,45876.0,225.784,225.014,0.0011957484499556,51.744186046511544,1606236.6,0.003922566629228318
2024-10-04 08:00:00,226.08,225.86,26124.0,225.822,225.166,-0.0009289158225327,50.5693581780539,187728.0,0.0008349750658617105
2024-10-04 09:00:00,225.83,225.87,6798.0,225.85,225.24,4.427521473475119e-05,51.798941798941826,52011.8,0.0008344025795607507
2024-10-04 10:00:00,225.95,226.18,12360.0,225.956,225.47600000000003,0.0013724708903351,55.137711864406796,25664.0,0.0009377229265094257
2024-10-04 11:00:00,226.01,226.5,27261.0,226.096,225.696,0.0014148023697939,51.12521638776685,23683.8,0.001031989371910905
2024-10-04 12:00:00,226.0,227.85,227745.0,226.452,226.118,0.0059602649006622,71.80124223602492,60057.6,0.002641491675676392
2024-10-04 13:00:00,227.9,225.1899,5011815.0,226.31798,226.06999,-0.0116747860434496,50.30191227911009,1057195.8,0.0065964077904307
2024-10-04 14:00:00,225.18,225.1088,5433717.0,226.16574,226.00787,-0.0003601404858743,57.41439617083956,2142579.6,0.006589367299848132
2024-10-04 15:00:00,225.1,225.53,3186677.0,226.03574,225.99587,0.0018710952215106,57.12432232055975,2777443.0,0.006631408412212964
2024-10-04 16:00:00,225.54,225.14,2870222.0,225.76374,225.92987,-0.0017292599654148,59.03931804032376,3346035.2,0.0065461198357976945
2024-10-04 17:00:00,225.15,224.88,2074577.0,225.16974,225.81087,-0.001154836990317,43.99001886677622,3715401.6,0.005248943459542925
2024-10-04 18:00:00,224.89,225.53,2476679.0,225.23776,225.77787,0.0028904304517965,48.60381994862065,3208374.4,0.0019905302359404546
2024-10-04 19:00:00,225.53,226.8,6603816.0,225.576,225.87087,0.0056311798873764,56.88424883865722,3442394.2,0.003025471877011088
2024-10-04 20:00:00,226.8,226.59,2642409.0,225.788,225.91187,-0.0009259259259259,54.69544957443771,3333540.6,0.0031939901052284894
2024-10-04 21:00:00,226.6,226.77,28558.0,226.114,225.93887,0.000794386336555,54.20551763914266,2765207.8,0.0028468004213499693
2024-10-04 22:00:00,226.74,226.56,22486.0,226.45,225.80987,-0.000926048419103,54.20551763914248,2354789.6,0.002795907875653086
2024-10-04 23:00:00,226.59,226.3745,17173.0,226.6189,225.92833,-0.0008187676553671,52.968380423398756,1862888.4,0.0028243043636470783
2024-10-07 08:00:00,224.88,224.0,82278.0,226.0589,225.81745,-0.0104892556361251,39.68037567219571,558580.8,0.004540351028709495
2024-10-07 09:00:00,224.0,223.7,61830.0,225.4809,225.63445,-0.0013392857142857,36.72029139474883,42465.0,0.0045087898988785645
2024-10-07 10:00:00,223.6,223.62,33960.0,224.8509,225.48245000000003,-0.0003576218149306,27.19037142487396,43545.4,0.00432028856151324
2024-10-07 11:00:00,223.65,224.17,117451.0,224.3729,225.41145,0.0024595295590733,42.880080421093744,62538.4,0.0049098022352899555
2024-10-07 12:00:00,223.85,224.65,247425.0,224.028,225.32345,0.0021412321006379,46.96609003861825,108588.8,0.00526954838547422
2024-10-07 13:00:00,224.64,225.065,4541362.0,224.241,225.14995,0.0018473180503004,46.922567835870275,1000405.6,0.0016921581418716364
2024-10-07 14:00:00,225.03,225.31,4282172.0,224.563,225.02195,0.0010885744118366,51.147098515519666,1844474.0,0.0011238250730857518
2024-10-07 15:00:00,225.31,224.89,2868946.0,224.817,224.83395,-0.0018640983533798,50.066050198150535,2411471.2,0.001751501047075075
2024-10-07 16:00:00,224.89,223.9575,2747354.0,224.7745,224.5737,-0.0041464716083417,39.987265202165,2937451.8,0.002723796915390484
2024-10-07 17:00:00,223.96,223.8598,2516203.0,224.61646,224.32223,-0.0004362434836966,27.99317385707016,3391207.4,0.0023974289794393634
2024-10-07 18:00:00,223.86,222.33,3812908.0,224.06946,224.15523,-0.0068337414756914,23.375000000000057,3245516.6,0.0031230808869573273
2024-10-07 19:00:00,222.32,221.72,6417367.0,223.35146,223.95723,-0.0027436693203796,20.047449584816093,3672555.6,0.0024357231592892627
2024-10-07 20:00:00,221.69,221.84,2813171.0,222.74146,223.77923,0.0005412231643514,21.702637889688276,3661400.6,0.0029499703094191814
2024-10-07 21:00:00,221.69,221.99,82310.0,222.34796,223.56123,0.0006761630003606,23.601661749653843,3128391.8,0.0031501311337601037
2024-10-07 22:00:00,222.0,221.47,64872.0,221.87000000000003,223.24323,-0.0023424478580116,30.387596899224846,2638125.6,0.00306416143925284
2024-10-07 23:00:00,221.38,221.8,30014.0,221.76400000000004,222.91673,0.0014900437982571,35.33950617283972,1881546.8,0.0019270120764242737
2024-10-08 08:00:00,222.1,221.97,24402.0,221.814,222.58273,0.000766456266907,37.44292237442922,602953.8,0.0014822985576567976
2024-10-08 09:00:00,222.07,222.8,16585.0,222.006,222.37373,0.0037392440419877,40.00000000000025,43636.6,0.0021785916682161596
2024-10-08 10:00:00,222.77,223.13,25350.0,222.234,222.29098000000005,0.0014811490125672,38.656716417910395,32244.6,0.002190775574492929
2024-10-08 11:00:00,223.08,223.18,48932.0,222.576,222.223,0.0002240846143504,35.12233622730875,29056.6,0.0013390889099525905
2024-10-08 12:00:00,223.2,223.4404,1156734.0,222.90408,222.33404,0.0011667712160588,35.27966742252471,254400.6,0.0013498764698545954
2024-10-08 13:00:00,223.45,225.07,4821072.0,223.52408,222.66904,0.0072932200264588,51.19047619047623,1213734.6,0.0028333515754566567
2024-10-08 14:00:00,225.08,225.04,5318511.0,223.97208,222.98904,-0.0001332918647531,58.12992865189619,2274119.8,0.003028459199654957
2024-10-08 15:00:00,225.045,225.3452,2553409.0,224.41512000000003,223.32456,0.0013562033416282,60.818645302257764,2779731.6,0.0030343863448072344
2024-10-08 16:00:00,225.34,224.7098,1690870.0,224.72108,223.64854,-0.0028196739934997,69.92932033631436,3108119.2,0.0037060507069805837
2024-10-08 17:00:00,224.692,224.9611,2002155.0,225.02522,223.96465,0.0011183312877319,78.87702917015608,3277203.4,0.0037067866679591907
2024-10-08 18:00:00,224.96,225.34,1914048.0,225.07922,224.30165,0.0016842911952333,79.8085439803773,2695798.6,0.0018442002129949655
2024-10-08 19:00:00,225.32,225.78,4943821.0,225.22722,224.59965,0.0019526049525161,80.75899233865714,2620860.6,0.00196995457999798
2024-10-08 20:00:00,225.65,225.51,1330362.0,225.26018,224.83765,-0.0011958543715121,84.17473100087955,2376251.2,0.002071917346599446
2024-10-08 21:00:00,225.5,225.4,37420.0,225.39822,225.05965,-0.0004877832468626,81.6299992971111,2045561.2,0.0013857520677343482
2024-10-08 22:00:00,225.49,225.53,22187.0,225.512,225.26861,0.0005767524401064,81.49996460678133,1649567.6,0.0013573830871147195
2024-10-08 23:00:00,225.53,225.2212,10351.0,225.48824,225.28373,-0.0013692191726155,73.60028072364324,1268828.2,0.0013814177925394735
2024-10-09 08:00:00,225.12,224.72,8412.0,225.27624,225.25173,-0.0022253677717728,64.99773619076367,281746.4,0.0010496306956768269
2024-10-09 09:00:00,224.83,225.13,6477.0,225.20024000000004,225.23021,0.0018244927020291,67.22371396269071,16969.4,0.0015938268466956856
2024-10-09 10:00:00,224.99,225.0,7011.0,225.12024,225.25923000000003,-0.0005774441433838,64.10024591349625,10887.6,0.0015964605401402746
2024-10-09 11:00:00,225.14,225.5,36260.0,225.11424,225.31312000000003,0.0022222222222222,54.88547536811495,13702.2,0.0019636935222657756
2024-10-09 12:00:00,225.3,225.65,81157.0,225.2,225.34412,0.0006651884700665,56.746593523270356,27863.4,0.001821146502111548
2024-10-09 13:00:00,225.59,226.15,3590377.0,225.486,225.38112,0.0022158209616662,58.53337857324625,744256.4,0.0012132202440797344
2024-10-09 14:00:00,226.15,227.65,5449263.0,225.99,225.59512,0.006632765863365,76.34493387333796,1832813.6,0.0027255720453215992
2024-10-09 15:00:00,227.66,228.4245,3989930.0,226.67490000000004,225.89757,0.0034021524269711,78.37271029262388,2629397.4,0.0022375274985572753
2024-10-09 16:00:00,228.425,228.65,2729177.0,227.3049,226.20957,0.0009871970826247,77.81512605042025,3167980.8,0.0024101734679476527
2024-10-09 17:00:00,228.64,228.5032,2006253.0,227.87554,226.53777,-0.0006420293024273,74.07014566539377,3553000.0,0.002744698142832574
2024-10-09 18:00:00,228.51,229.3,3241376.0,228.50554,226.99577,0.0034870408817032,80.64557862733693,3483199.8,0.0027683477007259256
2024-10-09 19:00:00,229.31,229.49,4916729.0,228.87354,227.43177,0.0008286088094199,82.64895587202237,3376693.0,0.0017892142685425497
2024-10-09 20:00:00,229.54,229.18,471186.0,229.02464,227.84977,-0.0013508213865528,78.32267676454146,2672944.2,0.0018618747257108871
2024-10-09 21:00:00,229.22,229.14,78468.0,229.12264,228.21377,-0.0001745352997644,81.73220185269108,2142802.4,0.0018835088198047502
2024-10-09 22:00:00,229.19,229.1503,19882.0,229.25206000000003,228.5638,4.495068517064181e-05,88.97236052710241,1745528.2,0.0018093871107872598
2024-10-09 23:00:00,229.14,229.3961,23923.0,229.27128,228.88841,0.0010726584254962,88.64431037918682,1102037.6,0.0009564211120818096
2024-10-10 08:00:00,229.4,228.83,11650.0,229.13928,229.00641,-0.0024677838899614,82.15353101178673,121021.8,0.0013641864550640959
2024-10-10 09:00:00,228.84,228.66,21237.0,229.03528,229.02996,-0.0007429095835336,78.08489459276872,31032.0,0.001303507903962265
2024-10-10 10:00:00,228.68,228.49,15180.0,228.90528,229.01396,-0.0007434619085103,75.15144000850177,18374.4,0.0012978853279716957
2024-10-10 11:00:00,228.57,229.0,29876.0,228.87522,229.06364,0.0022320451660903,75.19537465964126,20373.2,0.0018195378384290126
2024-10-10 12:00:00,228.6,227.8,381659.0,228.556,228.91364000000004,-0.005240174672489,51.400351021322734,91920.4,0.0027359359291868894
2024-10-10 13:00:00,227.82,228.44,4192295.0,228.478,228.80864000000005,0.0028094820017558,50.14843046750812,928049.4,0.0031965386668520155
2024-10-10 14:00:00,228.44,227.83,3429925.0,228.312,228.67364000000003,-0.002670285414113,42.686146491134224,1609787.0,0.003369270168169436
2024-10-10 15:00:00,227.85,228.655,2447459.0,228.345,228.62514,0.0036211210112802,51.207829408020444,2096242.8,0.0038879438500864414
2024-10-10 16:00:00,228.66,228.44,2242176.0,228.233,228.55411,-0.0009402812096827,42.45905089263774,2538702.8,0.003718476710254252
2024-10-10 17:00:00,228.44,228.62,1936392.0,228.397,228.47650000000004,0.000787953073017,42.357963529039644,2849649.4,0.0025998851847702825
2024-10-10 18:00:00,228.6499,228.485,1533269.0,228.406,228.442,-0.0005904995188522,43.701515261364456,2317844.2,0.0023498923693821114
2024-10-10 19:00:00,228.48,229.03,4179071.0,228.646,228.479,0.0023852769328401,49.0867124970942,2467673.4,0.0019438825497172978
2024-10-10 20:00:00,229.04,229.1915,847553.0,228.7533,228.54915,0.0007051477972317,50.33368970097519,2147692.2,0.0013170255822978828
2024-10-10 21:00:00,229.208,229.12,7311.0,228.8893,228.56115,-0.0003119661942087,47.69882148989023,1700719.2,0.0011707317735214753
2024-10-10 22:00:00,229.15,229.2284,25344.0,229.01098,228.70399,0.0004731145251396,53.59475944707103,1318509.6,0.0011662297077463192
2024-10-10 23:00:00,229.2464,229.36,28782.0,229.18598000000003,228.79599,0.0005740998933815,56.360167181537605,1017612.2,0.0009887334953491696
2024-10-11 08:00:00,228.5,229.09,10324.0,229.19798,228.92199,-0.0011771886989885,55.35427449580584,183862.8,0.0007937099561301878
2024-10-11 09:00:00,228.65,228.71,2513.0,229.10168000000004,228.92749000000003,-0.0016587367410187,47.35063036725748,14854.8,0.0009880995400169618
2024-10-11 10:00:00,228.73,228.75,816.0,229.02768,228.95849000000004,0.0001748939705303,61.01321585903088,13555.8,0.0010247335820400376
2024-10-11 11:00:00,228.8,229.12,21241.0,229.00600000000003,229.00849,0.0016174863387978,58.409596834034325,12735.2,0.001329430863900856
2024-10-11 12:00:00,228.85,228.96,90247.0,228.926,229.05599,-0.0006983240223463,65.72502087392162,25028.2,0.001290820047207006
2024-10-11 13:00:00,228.97,227.96,3903817.0,228.7,228.94899,-0.0043675751222921,40.77760084925692,803726.8,0.0022414391252123735
2024-10-11 14:00:00,227.965,228.09,4177446.0,228.576,228.83884000000003,0.0005702754869275,45.24843877273965,1638713.4,0.0022953174103512784
2024-10-11 15:00:00,228.08,228.0699,2857659.0,228.43998,228.73383000000004,-8.812310929902035e-05,42.19295506797964,2210082.0,0.002277765932500046
2024-10-11 16:00:00,228.065,227.87,2787142.0,228.18998,228.59799000000004,-0.0008764856739095,41.42976588628742,2763262.2,0.0019171429378911735
2024-10-11 17:00:00,227.87,227.8342,1966728.0,227.96482,228.44541,-0.000157107122482,30.58009614135375,3138558.4,0.00195973590491921
2024-10-11 18:00:00,227.83,228.585,2496964.0,228.08982,228.39491,0.0032953788325018,41.732777187099785,2857187.8,0.0016186083253758533
2024-10-11 19:00:00,228.57,227.51,5624766.0,227.97382,228.27491,-0.0047028457685325,32.768216456888325,3146651.8,0.0028503334133845063
2024-10-11 20:00:00,227.55,227.45,1045935.0,227.84984,228.14491,-0.000263724671443,30.766568610486303,2784307.0,0.0028449766574109533
2024-10-11 21:00:00,227.461,227.49,13248.0,227.77384,227.98191000000003,0.000175862826995,29.367110954188433,2229528.2,0.0028528640071778153
2024-10-11 22:00:00,227.45,227.3533,16123.0,227.67766,227.82124,-0.0006009055343092,30.25714480594776,1839407.2,0.0028530249827687874
2024-10-11 23:00:00,227.35,227.4,8518.0,227.44066000000004,227.76524,0.0002054071790469,33.886838868388864,1341718.0,0.0020761243857369133
2024-10-14 08:00:00,228.0,227.85,30522.0,227.50866,227.74124,0.0019788918205804,39.94413407821234,222869.2,0.0009965500336617235
2024-10-14 09:00:00,227.98,228.24,13285.0,227.66666,227.75825,0.0017116524028967,40.211345939933445,16339.2,0.001103464165263976
2024-10-14 10:00:00,228.04,229.0,48818.0,227.96866,227.87125,0.0033298282509638,50.39254170755635,23453.2,0.0015458825244976505
2024-10-14 11:00:00,229.0,228.8,60148.0,228.258,227.96783,-0.0008733624454147,59.77881257275896,32258.2,0.0016330826800865044
2024-10-14 12:00:00,229.0,228.79,115197.0,228.536,227.98833,-4.370629370637817e-05,58.38323353293386,53594.0,0.0016769117352197235
2024-10-14 13:00:00,228.75,230.555,5754087.0,229.077,228.29283,0.0077144980112767,70.98937482052051,1198307.0,0.0034008713680890564
2024-10-14 14:00:00,230.57,229.48,4460691.0,229.325,228.49583,-0.0046626618377394,61.84694628403209,2087788.2,0.0046672787082048936
2024-10-14 15:00:00,229.47,230.346,2780543.0,229.5942,228.78143,0.0037737493463483,66.47038766196266,2634133.2,0.00472434220817084
2024-10-14 16:00:00,230.34,230.33,2174250.0,229.9002,229.0791,-6.946072430166415e-05,62.66254499013102,3056953.6,0.004650013486852039
2024-10-14 17:00:00,230.355,230.19,1647856.0,230.1802,229.3581,-0.0006078235575045,72.50058770191723,3363485.4,0.0046986442660252314
2024-10-14 18:00:00,230.19,231.15,3114992.0,230.2992,229.6881,0.0041704678743646,76.98602561484344,2835666.4,0.0036191238756389985
2024-10-14 19:00:00,231.16,231.4,6259523.0,230.6832,230.0041,0.0010815487778498,77.6700540662945,3195432.8,0.00219309023146047
2024-10-14 20:00:00,231.3,231.19,1613376.0,230.852,230.2231,-0.0009075194468453,76.87253981817392,2961999.4,0.002065836739695434
2024-10-14 21:00:00,231.19,231.14,303433.0,231.01400000000004,230.4571,-0.0002162723301181,76.18314197703681,2587836.0,0.00208108863978731
2024-10-14 22:00:00,231.14,231.2235,17644.0,231.2207,230.70045,0.0003612529203081,74.89484170909861,2261793.6,0.0019705542884056438
2024-10-14 23:00:00,231.2235,231.3,16626.0,231.2507,230.77495,0.0003308487242862,73.67688022284086,1642120.4,0.0007408802745742088
2024-10-15 08:00:00,231.34,230.54,29653.0,231.0787,230.88095,-0.003285776048422,61.91581553698515,396146.4,0.0015118484627504902
2024-10-15 09:00:00,230.55,230.81,13294.0,231.0027,230.92735,0.0011711633555999,65.38579301898304,76130.0,0.0017260912436208448
2024-10-15 10:00:00,230.86,232.65,106753.0,231.3047,231.15935,0.0079719249599237,73.08060272662013,36794.0,0.004104282380818334
2024-10-15 11:00:00,232.54,233.99,173999.0,231.858,231.53935,0.005759724908661,71.63915837218059,68065.0,0.004484780703061972
2024-10-15 12:00:00,232.68,234.3185,330827.0,232.4617,231.8562,0.0014039061498354,83.64508726792256,130905.2,0.004386226336380795
2024-10-15 13:00:00,234.21,236.635,13524363.0,233.68070000000003,232.3797,0.0098861165464954,86.39046406665855,2829847.2,0.003892009902743916
2024-10-15 14:00:00,236.635,235.38,11580537.0,234.5947,232.7987,-0.0053035265281974,75.55668016194304,5143295.8,0.006058023779434191
2024-10-15 15:00:00,235.37,235.37,6140393.0,235.13870000000003,233.2217,-4.248449315995796e-05,76.56410256410244,6350023.8,0.005779584596567319
2024-10-15 16:00:00,235.38,234.48,4229715.0,235.2367,233.54735,-0.0037812805370268,67.2004132231403,7161167.0,0.005941339342281599
2024-10-15 17:00:00,234.4699,233.76,3699365.0,235.125,233.79335,-0.0030706243602865,61.625615763546655,7834874.6,0.006093488986873257
2024-10-15 18:00:00,233.77,233.78,2591881.0,234.554,234.11735,8.555783709792194e-05,63.00200803212845,5648378.2,0.0023728406769825227
2024-10-15 19:00:00,233.8,233.8,7961290.0,234.238,234.41635,8.555051758067513e-05,63.39375629405845,4924528.8,0.0019172088338994932
2024-10-15 20:00:00,233.85,233.8436,2440820.0,233.93272,234.53571,0.0001864841745081,63.24607435718545,4184614.2,0.001958380275674691
2024-10-15 21:00:00,233.85,233.6,1417540.0,233.75672,234.49671000000004,-0.0010417219030155,61.434594121624166,3622179.2,0.0013913751063535217
2024-10-15 22:00:00,233.56,233.83,21262.0,233.77072,234.44786,0.0009845890410959,67.26635317826856,2886558.6,0.0007221426941093446
2024-10-15 23:00:00,233.99,234.1,21671.0,233.83472,234.19436,0.001154685027584,67.26635317826846,2372516.6,0.0008739049179122103
2024-10-16 08:00:00,234.34,234.15,13438.0,233.90472,234.07136,0.0002135839384878,59.69342914749517,782946.2,0.0008688669003796492
2024-10-16 09:00:00,234.18,233.54,12721.0,233.844,233.88836,-0.0026051676275892,46.78901701107422,297326.4,0.001572061589591781
2024-10-16 10:00:00,233.46,233.55,6266.0,233.834,233.79536,4.281921726479116e-05,44.255236443554196,15071.6,0.001510652656879722
2024-10-16 11:00:00,233.69,233.95,32085.0,233.858,233.81436,0.0017126953543137,21.868320690667076,17236.2,0.0016618649425541386
2024-10-16 12:00:00,233.8,232.91,575748.0,233.62,233.72736,-0.0044453943150245,22.90002633195853,128051.6,0.0024680433455197786
2024-10-16 13:00:00,232.91,230.08,6816223.0,232.806,233.35536,-0.0121506161178136,14.146288564767389,1488608.6,0.005390983791832029
2024-10-16 14:00:00,230.085,230.3995,5217845.0,232.1779,233.01095,0.0013886474269818,20.02585687631307,2529633.4,0.0058324964195720025
2024-10-16 15:00:00,230.4,230.1988,3375293.0,231.50766,232.67083,-0.0008710956403984,21.67986767185171,3203438.8,0.005738999179612579
2024-10-16 16:00:00,230.1901,231.035,2968097.0,230.92466,232.39133,0.0036325124196998,30.678810743848075,3790641.2,0.0061705142195387095
2024-10-16 17:00:00,231.05,230.805,2159019.0,230.50366,232.06183,-0.0009955201592831,29.52444760446275,4107295.4,0.006089436871743757
2024-10-16 18:00:00,230.824206,231.2676,2261743.0,230.74118,231.77359,0.0020042893351529,33.34324806662673,3196399.4,0.001972803812093099
2024-10-16 19:00:00,231.27,231.75,4321708.0,231.01128,231.59459,0.002085895300509,38.39601575632881,3017172.0,0.0020282019062827566
2024-10-16 20:00:00,231.78,231.48,595870.0,231.26752,231.38759,-0.0011650485436893,35.3333999051349,2461287.4,0.0021050074559228237
2024-10-16 21:00:00,231.47,231.6,100200.0,231.38052,231.15259,0.0005184033177812,34.09952425776568,1887708.0,0.001564186353198651
2024-10-16 22:00:00,231.6,231.65,9010.0,231.54952,231.02659000000003,0.0002158894645941,34.09952425776568,1457706.2,0.0013566999830810086
2024-10-16 23:00:00,231.59,231.3605,12313.0,231.5681,231.15464,-0.001249730196417,35.54880717155771,1007820.2,0.0013740998682261777
2024-10-17 08:00:00,232.0,232.9,60732.0,231.7981,231.40469,0.0066541177080789,46.416916563767806,155625.0,0.0032620696593247743
2024-10-17 09:00:00,232.86,233.65,112451.0,232.2321,231.74981,0.0032202662086732,48.40771092522618,58941.2,0.0031227630723532937
2024-10-17 10:00:00,233.49,233.65,62801.0,232.64210000000003,232.01131,0.0,54.4150637201089,51461.4,0.0031868789587748076
2024-10-17 11:00:00,233.53,233.47,81299.0,233.0061,232.27781,-0.0007703830515728,79.57908697473127,65919.2,0.003334096541420103
2024-10-17 12:00:00,233.53,233.76,230330.0,233.486,232.52705,0.0012421296097999,79.47341647810002,109522.6,0.002973856493693013
2024-10-17 13:00:00,233.792,231.72,5046407.0,233.25,232.52405,-0.0087268993839835,60.08726558977211,1106657.6,0.004571521811093244
2024-10-17 14:00:00,231.76,231.3599,3822918.0,232.79198,232.51204,-0.0015540307267391,52.299656007134764,1848751.0,0.003920017346205209
2024-10-17 15:00:00,231.36,232.5462,2450623.0,232.57122,232.60666,0.0051275091318763,60.85482020846836,2326315.4,0.00506502456047469
2024-10-17 16:00:00,232.54,232.1761,1724641.0,232.31244,232.65927,-0.0015915117082111,55.72976450257949,2654983.8,0.005071606288908644
2024-10-17 17:00:00,232.18,232.43,2328719.0,232.04644,232.76622000000003,0.0010935664782034,54.4159285139102,3074661.6,0.005054857649073783
2024-10-17 18:00:00,232.43,232.1,3291829.0,232.12244,232.68622,-0.0014197823000473,53.99515426450501,2723746.0,0.0029112985996030656
2024-10-17 19:00:00,232.1,232.26,4578741.0,232.30246,232.54722,0.0006893580353295,54.23109469959224,2874910.6,0.0027143362612015364
2024-10-17 20:00:00,232.15,232.15,771054.0,232.22322,232.39722,-0.0004736071643846,53.18090439473752,2538996.8,0.001210862531064611
2024-10-17 21:00:00,232.1,232.1,4103.0,232.208,232.26022,-0.0002153779883696,54.85242588485408,2194889.2,0.0009920106630554378
2024-10-17 22:00:00,232.11,232.28,11307.0,232.178,232.11222000000004,0.0007755277897458,45.04823972909076,1731406.8,0.0009055681016619005
2024-10-17 23:00:00,232.229,232.16,4238.0,232.19,232.15622,-0.0005166178749784,36.76825802784876,1073888.6,0.0006326131899737056
2024-10-18 08:00:00,233.3,234.41,87917.0,232.62000000000003,232.46123000000003,0.0096915920055134,54.82209024922587,175723.8,0.00441335603140447
2024-10-18 09:00:00,234.5,235.02,65847.0,233.194,232.70861,0.0026022780598097,59.325664227955386,34682.4,0.004218152266695657
2024-10-18 10:00:00,234.95,235.75,98724.0,233.92400000000004,233.06600000000003,0.0031061186282018,61.37090875845679,53606.6,0.0039425529765246955
2024-10-18 11:00:00,235.76,236.35,295422.0,234.738,233.458,0.0025450689289501,81.66721383234834,110429.6,0.0037530303459266737
2024-10-18 12:00:00,235.69,236.3124,462037.0,235.56848,233.87924,-0.0001590861011212,85.43625409636635,201989.4,0.003659962680252043
2024-10-18 13:00:00,236.35,235.42,12692907.0,235.77048,234.19524,-0.0037763570595534,71.46549148491164,2722987.4,0.0028919853616650865
2024-10-18 14:00:00,235.43,234.69,5844843.0,235.70448,234.44924,-0.0031008410500381,67.81922057301632,3878786.6,0.0031481362138586775
2024-10-18 15:00:00,234.7,235.0275,4544675.0,235.55998,234.74199000000004,0.0014380672376326,68.19614711033267,4767976.8,0.0027650708346979983
2024-10-18 16:00:00,235.02,235.464,2943808.0,235.38278,235.06039,0.0018572294731467,73.21921590281616,5297654.0,0.002579715945959501
2024-10-18 17:00:00,235.465,235.648,2703128.0,235.2499,235.40919,0.0007814358033499,73.30764997248215,5745872.2,0.0026662495644254693
2024-10-18 18:00:00,235.64,235.56,2208247.0,235.2779,235.52419,-0.0003734383487234,73.53022357162567,3648940.2,0.0019880934382772845
2024-10-18 19:00:00,235.55,234.98,4773510.0,235.3359,235.52019,-0.0024622176940058,68.51851851851846,3434673.6,0.0017336304841307259
2024-10-18 20:00:00,235.0,235.02,2042864.0,235.3344,235.44719,0.0001702272533833,67.94133053954951,2934311.4,0.0016039599016434336
2024-10-18 21:00:00,235.02,234.898,44651.0,235.2212,235.30199,-0.000519104757042,67.92354019376792,2354480.0,0.0012202546252508219
2024-10-18 22:00:00,234.89,234.7856,14256.0,235.04872,235.14931,-0.0004785055641172,53.41429714202594,1816705.6,0.0010057106578707164
2024-10-18 23:00:00,234.86,234.89,5756.0,234.91472,235.09631,0.0004446610013561,48.69864659245592,1376207.4,0.0011367626810571147
2024-10-21 08:00:00,234.8,234.4,29810.0,234.79872,235.06731,-0.0020860828472901,35.80381929839331,427467.4,0.0009820743547407484
2024-10-21 09:00:00,234.42,234.03,15291.0,234.60072,234.96756,-0.0015784982935153,24.36350777934959,21952.8,0.0009977533012916655
2024-10-21 10:00:00,234.02,233.52,31085.0,234.32512000000003,234.77316,-0.0021792077938725,22.060353798127196,19239.6,0.0011302345986822179
2024-10-21 11:00:00,233.52,233.75,51044.0,234.118,234.58336000000003,0.0009849263446385,30.73728891759727,26597.2,0.001488549066594867
2024-10-21 12:00:00,233.79,233.85,1136443.0,233.91,234.41236,0.0004278074866309,38.66335564672854,252734.6,0.001484805913356235
2024-10-21 13:00:00,233.85,235.1703,3802348.0,234.06406,234.43139,0.0056459268762027,51.52316750575981,1007242.2,0.0030858926031270832
2024-10-21 14:00:00,235.175,235.88,4257321.0,234.43406,234.51739,0.0030178130486715,54.19287211740038,1855648.2,0.00293310286689885
2024-10-21 15:00:00,235.88,236.24,6060628.0,234.97806,234.65159000000003,0.0015261997625912,55.76234231428136,3061556.8,0.0020941384981060184
2024-10-21 16:00:00,236.23,236.51,2865143.0,235.53006,234.82403,0.0011429055198102,58.9305858464314,3624376.6,0.0020700020240920357
2024-10-21 17:00:00,236.51,236.67,2198330.0,236.09406,235.00203,0.0006765041647287,67.24912223401648,3836754.0,0.0020144458324700834
2024-10-21 18:00:00,236.69,235.985,2061476.0,236.257,235.16053,-0.002894325432036,58.70341642916422,3488579.6,0.002189210191092525
2024-10-21 19:00:00,235.99,236.58,4462263.0,236.397,235.41553000000005,0.0025213466957645,63.97752958383223,3529568.0,0.0020651984665875068
2024-10-21 20:00:00,236.48,236.55,1578867.0,236.459,235.71853,-0.0001268069997463,64.86586681046143,2633215.8,0.002010348124141604
2024-10-21 21:00:00,236.57,236.6,176313.0,236.477,236.00353,0.0002113718030014,64.5408163265309,2095449.8,0.0019508076532786427
2024-10-21 22:00:00,236.6,236.49,14638.0,236.44100000000003,236.26753,-0.0004649196956888,69.00000000000033,1658711.4,0.001929877906323913
2024-10-21 23:00:00,236.56,236.57,18611.0,236.558,236.40750000000003,0.0003382806884011,74.37619961612326,1250138.4,0.0011746460045966298
2024-10-22 08:00:00,235.61,235.61,14957.0,236.364,236.3805,-0.0040579955192965,68.46289752650218,360677.2,0.0018368829228660043
2024-10-22 09:00:00,235.6,234.91,30457.0,236.036,236.2475,-0.0029710114171725,59.461663947797824,50995.2,0.002001556269124802
2024-10-22 10:00:00,234.88,234.89,13702.0,235.694,236.0855,-8.513898940023937e-05,58.59504132231409,18473.0,0.0019459108394945328
2024-10-22 11:00:00,234.96,234.9,79645.0,235.37600000000003,235.9085,4.257311933253577e-05,47.14855370593081,31474.4,0.002021774398153556
2024-10-22 12:00:00,235.1,234.1801,1479234.0,234.89802,235.72801,-0.0030647083865474,32.105939072401455,323599.0,0.0018806179704501994
2024-10-22 13:00:00,234.2001,233.16,5760514.0,234.40802,235.38601,-0.0043560490408878,21.534195933456132,1472710.4,0.0019639566258313865
2024-10-22 14:00:00,233.164595,234.225,4732054.0,234.27102,235.15351,0.0045676788471435,31.587429492344782,2413029.8,0.00344831120090898
2024-10-22 15:00:00,234.23,234.4903,3050088.0,234.19108,234.94253999999995,0.0011326715764755,32.7290303155158,3020307.0,0.003533872622693546
2024-10-22 16:00:00,234.495,234.94,2830804.0,234.19908,234.78754,0.0019177765562157,41.39917695473237,3570538.8,0.0036804996829069994
2024-10-22 17:00:00,234.935,235.68,2749665.0,234.49906,234.69854,0.0031497403592406,42.765273311897054,3824625.0,0.0034094811434372822
2024-10-22 18:00:00,235.675,235.37,2742676.0,234.94106,234.67454000000004,-0.0013153428377461,40.92307692307686,3221057.4,0.002213902046848314
2024-10-22 19:00:00,235.37,235.86,3864708.0,235.26806,234.76954,0.0020818286102732,44.66858789625376,3047588.2,0.001676223674834113
2024-10-22 20:00:00,235.86,235.89,968661.0,235.548,234.86954,0.0001271940981937,45.62682215743424,2631302.8,0.00177284187869833
2024-10-22 21:00:00,235.9,235.7,275310.0,235.7,234.94954,-0.0008054601721141,43.75896700143471,2120204.0,0.0019074242340274491
2024-10-22 22:00:00,235.66,235.45,22302.0,235.654,235.07653,-0.0010606703436571,48.72204472843431,1574731.4,0.0013842842101007065
2024-10-22 23:00:00,235.45,235.6,9201.0,235.7,235.32053,0.0006370779358675,56.04203152364268,1028036.4,0.001258747033137745
2024-10-23 08:00:00,235.39,235.0,5825.0,235.528,235.39803,-0.0025466893039048,50.87440381558039,256259.8,0.001226690723409506
2024-10-23 09:00:00,234.94,234.77,6825.0,235.304,235.426,-0.0009787234042552,49.001536098310325,63892.6,0.001129401815201276
2024-10-23 10:00:00,234.72,234.4,13645.0,235.044,235.372,-0.0015760105635302,51.78487362218142,11559.6,0.0011568346285875809
2024-10-23 11:00:00,234.53,234.45,47116.0,234.844,235.249,0.0002133105802047,62.427745664739874,16522.4,0.0013004273922749522
2024-10-23 12:00:00,234.74,233.9979,137054.0,234.52358,235.11179,-0.0019283429302623,47.5191715278232,42093.0,0.0010486335895681781
2024-10-23 13:00:00,233.93,234.915,4053616.0,234.50658,235.01728999999995,0.0039192659421302,54.06108359310757,851651.2,0.0023739098593447876
2024-10-23 14:00:00,234.915,234.2925,3478545.0,234.41108,234.85754,-0.0026498946427431,44.006516467038054,1545995.2,0.002636900314589142
2024-10-23 15:00:00,234.29,231.56,8028186.0,233.84308,234.44354000000004,-0.0116627719623973,22.140326201617285,3148903.4,0.0057628988982018885
2024-10-23 16:00:00,231.58,229.64,10707602.0,232.88108000000005,233.86254,-0.0082915874935222,18.18151529286311,5281000.6,0.006039244218242865
2024-10-23 17:00:00,229.63,228.37,4937627.0,231.7555,233.13954,-0.0055303954014979,11.724004006459111,6241115.2,0.0059258242733984815
2024-10-23 18:00:00,228.36,229.26,4596687.0,230.6245,232.56554,0.0038971843937469,18.856278536667745,6349729.4,0.005917664048551986
2024-10-23 19:00:00,229.24,230.75,5985672.0,229.916,232.16354,0.0064991712466195,29.278645702516698,6851154.8,0.007862112648831228
2024-10-23 20:00:00,230.76,230.35,2864233.0,229.674,231.75854,-0.0017334777898158,28.915513221213445,5818364.2,0.006213787931431174
2024-10-23 21:00:00,230.51,230.49,222339.0,229.844,231.36254,0.0006077707835902,28.856688899554825,3721311.6,0.004706085903194016
2024-10-23 22:00:00,230.49,230.25,33285.0,230.22,230.98775,-0.0010412599245086,29.742754303065453,2740443.2,0.00347639389987883
2024-10-23 23:00:00,230.3,230.4178,35588.0,230.45156000000003,230.53803,0.000728773072747,31.3402503858686,1828223.4,0.003244464187749289
2024-10-24 08:00:00,230.66,231.2,30174.0,230.54156,230.22878,0.0033947030133956,36.748604462407364,637123.8,0.0019841929045100607
2024-10-24 09:00:00,231.28,231.34,9988.0,230.73956,230.20678,0.0006055363321799,37.216586376416124,66274.8,0.0015957048991537208
2024-10-24 10:00:00,231.36,231.4,5669.0,230.92156,230.38278,0.0002593585199273,38.965859957017116,22940.8,0.0016168909202223924
2024-10-24 11:00:00,231.4,231.33,31624.0,231.13756,230.67878,-0.0003025064822817,33.59267734553788,22608.6,0.0014308306035345007
2024-10-24 12:00:00,231.27,230.5,163284.0,231.154,230.80278,-0.0035879479531405,32.96653941163268,48147.8,0.00249477338412101
2024-10-24 13:00:00,230.442,229.82,5319812.0,230.878,230.70978,-0.0029501084598698,40.41850220264317,1106075.4,0.0019339234725189501
2024-10-24 14:00:00,229.83,229.25,3843117.0,230.46000000000004,230.59978,-0.0024802018971368,47.47736093143606,1872701.2,0.0016929908576696648
2024-10-24 15:00:00,229.25,229.58,3115136.0,230.096,230.50878000000003,0.0014394765539804,58.9101620029455,2494594.6,0.0020897711568361706
2024-10-24 16:00:00,229.59,230.308,2467514.0,229.8916,230.51458,0.0031710079275197,57.90585395292694,2981772.6,0.0029987331446357374
2024-10-24 17:00:00,230.31,230.255,2339177.0,229.8426,230.4983,-0.0002301266130572,45.232132537083395,3416951.2,0.002589131302859737
2024-10-24 18:00:00,230.26,230.46,1640595.0,229.9706,230.4243,0.0008903172569543,51.100880704563785,2681107.8,0.0020956538588796374
2024-10-24 19:00:00,230.45,230.57,3755673.0,230.2346,230.3473,0.000477306257051,50.80547724526767,2663619.0,0.001283839005711079
2024-10-24 20:00:00,230.57,230.48,1150939.0,230.4146,230.2553,-0.0003903369909355,52.38787375415272,2270779.6,0.001432715144520526
2024-10-24 21:00:00,230.43,230.39,23538.0,230.431,230.1613,-0.0003904894133981,49.70663965218846,1781984.4,0.000581559652770164
2024-10-24 22:00:00,230.42,230.2603,9659.0,230.43206,230.13733,-0.0005629584617387,38.50013461585546,1316080.8,0.0006407299748978968
2024-10-24 23:00:00,230.27,229.51,26477.0,230.24206,230.10633,-0.0032584861567539,30.515332197614853,993257.2,0.001419881474904381
2024-10-25 08:00:00,229.13,228.05,131904.0,229.73806,229.98633,-0.0063613785891681,22.52296587926503,268503.4,0.002629938887297278
2024-10-25 09:00:00,228.18,228.61,28310.0,229.36406,229.88933,0.0024556018417013,29.350136653507406,43977.6,0.0033318466555952546
2024-10-25 10:00:00,228.64,228.45,21983.0,228.97606,229.70353,-0.0006998818949303,32.674104124408274,43666.6,0.003305994291283645
2024-10-25 11:00:00,228.4,228.68,94942.0,228.66000000000005,229.54603000000003,0.001006784854454,39.57189901207478,60723.2,0.003507621107004986
2024-10-25 12:00:00,228.25,229.76,301247.0,228.71000000000004,229.47603,0.0047227566905719,54.26706827309229,115677.2,0.004184864889464023
2024-10-25 13:00:00,229.74,231.9,5207059.0,229.48,229.60903,0.0093140668523677,64.89853583354734,1130708.2,0.003877699586761362
2024-10-25 14:00:00,231.96,232.8446,4374106.0,230.32692000000003,229.84549,0.0040733074601121,65.84859920525837,1999867.4,0.003850783302381292
2024-10-25 15:00:00,232.86,232.05,4128242.0,231.04692,230.01149,-0.0034125764565723,60.26394638731965,2821119.2,0.004716517368898474
2024-10-25 16:00:00,232.03,232.775,2387575.0,231.86592,230.26296,0.0031243266537383,62.49433302389841,3279645.8,0.004569773270130389
2024-10-25 17:00:00,232.775,231.48,2785364.0,232.20992,230.45996,-0.0055633122113629,54.35440033686786,3776469.2,0.006007152392529573
2024-10-25 18:00:00,231.49,232.14,2320589.0,232.25792,230.86896,0.0028512182477967,57.53230724553502,3199175.2,0.004383165717146539
2024-10-25 19:00:00,232.12,231.41,4990664.0,231.971,231.14896,-0.0031446540880502,54.37422807739813,3322486.8,0.003963068034242087
2024-10-25 20:00:00,231.41,231.31,507527.0,231.823,231.43496,-0.0004321334428071,54.51309170643621,2598343.8,0.0037720688115033653
2024-10-25 21:00:00,231.31,231.49,74213.0,231.566,231.71596,0.0007781764731313,58.95182291666672,2135671.4,0.00330482456268646
2024-10-25 22:00:00,231.57,231.25,6281.0,231.52,231.86496,-0.001036761847164,66.26148467355054,1579854.8,0.002218769693754942
2024-10-25 23:00:00,231.3,230.86,15801.0,231.264,231.76096,-0.0016864864864864,61.63488189302108,1118897.2,0.0014579157073047273
2024-10-28 08:00:00,232.91,233.04,33821.0,231.59,231.7805,0.0094429524387073,69.63350785340316,127528.6,0.004579732633462831
2024-10-28 09:00:00,233.04,232.92,20943.0,231.912,231.8675,-0.0005149330587023,68.30869144673201,30211.8,0.004588214958532898
2024-10-28 10:00:00,233.0,232.2,49504.0,232.054,231.81,-0.0030911901081916,60.87421563034797,25270.0,0.0050241963945676735
2024-10-28 11:00:00,232.21,232.37,67660.0,232.278,231.899,0.0007321274763135,52.540760281970336,37545.8,0.004939699060649421
2024-10-28 12:00:00,232.14,232.634,1147682.0,232.6328,231.9484,0.0011361191203682,48.77109446117202,263922.0,0.004715482519557136
2024-10-28 13:00:00,232.69,233.18,4298619.0,232.6608,232.1254,0.0023470343973796,56.79086538461536,1116881.6,0.0020665034144639024
2024-10-28 14:00:00,233.18,233.93,3738873.0,232.8628,232.3874,0.003216399348143,56.92031156381067,1860467.6,0.002422192071096033
2024-10-28 15:00:00,233.935,233.57,3204392.0,233.1368,232.5954,-0.0015389218997136,64.10256410256414,2491445.2,0.0018099677295162812
2024-10-28 16:00:00,233.545,234.31,3283818.0,233.5248,232.9014,0.0031682150961168,64.48598130841131,3134676.8,0.0019796776282820323
2024-10-28 17:00:00,234.3053,234.395,1976586.0,233.877,233.2549,0.000362767274124,71.80423666910154,3300457.6,0.0020599856955399167
2024-10-28 18:00:00,234.395,233.76,1845840.0,233.993,233.3269,-0.002709102156616,66.59891598915969,2809901.8,0.0026913086557004856
2024-10-28 19:00:00,233.76,233.49,5090432.0,233.90500000000003,233.3839,-0.0011550308008212,63.38688085676032,3080213.6,0.002264391042335067
2024-10-28 20:00:00,233.4,232.9,1610116.0,233.771,233.45390000000003,-0.0025268748126258,60.54987212276215,2761358.4,0.002428562583989611
2024-10-28 21:00:00,232.89,232.9398,65353.0,233.49696,233.51088,0.0001708887934735,63.92139013092701,2117665.4,0.0014454684574680455
2024-10-28 22:00:00,232.95,232.65,33537.0,233.14796,233.51248,-0.0012440982605805,46.505125815470784,1729055.6,0.0011718044454479433
2024-10-28 23:00:00,232.6778,232.5,27832.0,232.89596,233.44448,-0.0006447453255964,46.256417569880334,1365454.0,0.0009849078617990312
2024-10-29 08:00:00,232.7,232.98,21481.0,232.79396000000003,233.34948,0.0020645161290322,57.26311084624552,351663.8,0.0017094772440222942
2024-10-29 09:00:00,233.11,232.68,12722.0,232.74996,233.26048,-0.0012876641771825,52.8183867917667,32185.0,0.001390669889424563
2024-10-29 10:00:00,232.69,232.6,10824.0,232.682,233.08948,-0.0003438198384047,49.680186620513275,21279.2,0.0013764190467967356
2024-10-29 11:00:00,232.58,232.27,72330.0,232.606,232.87698,-0.0014187446259672,41.07773158679112,29037.8,0.0014084896394473243
2024-10-29 12:00:00,232.35,232.25,133733.0,232.556,232.72598,-8.610668618422625e-05,30.77627242768206,50218.0,0.0013990183484931821
2024-10-29 13:00:00,232.36,233.605,3970319.0,232.681,232.73748,0.0058342303552206,50.326212578757,839985.6,0.0030157527298962377
2024-10-29 14:00:00,233.6,233.49,4078035.0,232.843,232.79648,-0.0004922839836475,41.349480968858096,1653048.2,0.0029145520994130186
2024-10-29 15:00:00,233.505,233.34,2540555.0,232.991,232.83650000000003,-0.0006424257998201,39.02093826749344,2158994.4,0.0029441623004715107
2024-10-29 16:00:00,233.35,233.9501,2586724.0,233.32702,232.96651000000003,0.0026146395817261,51.98861853254393,2661873.2,0.002787835243747499
2024-10-29 17:00:00,233.95,233.82,1798071.0,233.64102000000003,233.09851,-0.0005561014934381,53.556187766713975,2994740.8,0.002859397485023061
2024-10-29 18:00:00,233.815,234.09,3245341.0,233.73802,233.20951,0.0011547344110854,63.77378582341795,2849745.2,0.0014378778120473635
2024-10-29 19:00:00,234.095,233.75,4858579.0,233.79002,233.31651,-0.0014524328249818,58.768398268398464,3005854.0,0.0016394437070135378
2024-10-29 20:00:00,233.67,232.51,1934993.0,233.62402,233.30751,-0.0053048128342246,48.74331262791268,2884741.6,0.003009055156489668
2024-10-29 21:00:00,232.51,232.46,1544245.0,233.326,233.32651,-0.0002150445142143,49.63438265511323,2676245.8,0.002440020672487319
2024-10-29 22:00:00,232.4,232.83,40712.0,233.128,233.38451,0.0015916716854512,48.600798477668945,2324774.0,0.0027655042726637976
2024-10-29 23:00:00,232.8,232.93,44795.0,232.896,233.31701,0.000429497916935,52.42238672919656,1684664.8,0.0026510381312545264
2024-10-30 08:00:00,233.03,233.12,38378.0,232.77,233.28001,0.0008156957025715,54.933399111988294,720624.6,0.0027445783274611803
2024-10-30 09:00:00,233.03,233.13,6504.0,232.894,233.25901,4.2896362388430445e-05,58.6865177164558,334926.8,0.0007090817008406297
2024-10-30 10:00:00,233.15,233.02,17508.0,233.006,233.166,-0.0004718397460643,57.638585770406124,29579.4,0.0007823205772222807
2024-10-30 11:00:00,233.0,233.07,64761.0,233.054,233.09100000000004,0.0002145738563212,42.83840222745762,34389.2,0.0004763987462559353
2024-10-30 12:00:00,233.25,232.753,1304734.0,233.0186,232.95730000000003,-0.0013601064058008,40.64055674083066,286377.0,0.0008171006991664065
2024-10-30 13:00:00,232.89,232.58,4466065.0,232.9106,232.8403,-0.0007432772080272,40.40452502398863,1171914.4,0.0006321529288994536
2024-10-30 14:00:00,232.599,231.156,5129232.0,232.5158,232.7049,-0.0061226244732995,20.736892817494223,2196460.0,0.0025379306578671035
2024-10-30 15:00:00,231.16,231.3899,4817472.0,232.18978,232.59789,0.001011870771254,25.09071526681558,3156452.8,0.0027910583815458404
2024-10-30 16:00:00,231.385,230.92,2531099.0,231.75978,232.40689,-0.0020307714381657,18.78569459214586,3649720.4,0.0026430630148466024
2024-10-30 17:00:00,230.9183,230.2188,3353305.0,231.25294,232.13577,-0.0030365494543564,17.538150395292917,4059434.6,0.002671720143013946
2024-10-30 18:00:00,230.215,230.505,2829803.0,230.83794,231.87427,0.0012431651976294,27.648711317220943,3732182.2,0.0030591672332466262
2024-10-30 19:00:00,230.51,230.22,8621276.0,230.65074,231.58327,-0.0012364156959718,26.27219185627706,4430591.0,0.0018817768080281636
2024-10-30 20:00:00,230.1,229.68,1663834.0,230.30876,231.24927,-0.0023455824863174,17.7927283137701,3799863.4,0.0016545681350641818
2024-10-30 21:00:00,229.65,229.95,113113.0,230.11476,230.93727,0.0011755485893416,20.554523536618646,3316266.2,0.0019780525071163573
2024-10-30 22:00:00,229.66,230.61,114912.0,230.19300000000004,230.72297000000003,0.0028701891715591,27.30642653068604,2668587.6,0.0020984003589260445
2024-10-30 23:00:00,230.5,230.7,47308.0,230.232,230.53497,0.000390269285807,28.343018074221746,2112088.6,0.0020406387006977073
2024-10-31 08:00:00,230.13,229.67,29019.0,230.122,230.38637,-0.0044646727351538,24.3499433401731,393637.2,0.002918897884259946
2024-10-31 09:00:00,229.6,229.23,11706.0,230.032,230.17038,-0.0019157922236251,22.255137134764837,63211.6,0.0028556781000159378
2024-10-31 10:00:00,229.26,229.55,11254.0,229.952,230.03338,0.0013959778388519,26.867633464294173,42839.8,0.0028873931855915506
2024-10-31 11:00:00,229.56,229.73,61037.0,229.776,229.98450000000005,0.0007841428882595,29.437822862254933,32064.8,0.002419512996902811
2024-10-31 12:00:00,229.57,229.92,206451.0,229.62,229.926,0.0008270578505201,39.15066184473845,63893.4,0.002478679545552277
2024-10-31 13:00:00,229.88,229.2082,5921174.0,229.52764,229.82482,-0.0030958594293666,32.33183783871323,1242324.4,0.001981078107521725
2024-10-31 14:00:00,229.2,227.71,5400671.0,229.22364,229.62782,-0.0065364153638482,27.715761412862392,2320117.4,0.0034197350162650567
2024-10-31 15:00:00,227.68,227.055,5046033.0,228.72464,229.33832,-0.0028764656800316,27.894692714010233,3327073.2,0.0030875053250157426
2024-10-31 16:00:00,227.03,227.73,3499807.0,228.32464,229.05032,0.0029728479883727,31.610337972166803,4014827.2,0.0037059484594338015
2024-10-31 17:00:00,227.735,226.9,3778463.0,227.72064,228.67032,-0.0036446669301364,29.480840543881172,4729229.6,0.0034626261391689107
2024-10-31 18:00:00,226.9,227.07,3854152.0,227.293,228.41032,0.0007492287351255,33.095854922279514,4315825.2,0.0037500447268811153
2024-10-31 19:00:00,227.08,225.39,10023727.0,226.829,228.02632,-0.0073985995507993,25.02738225629774,5240436.4,0.004027954217973227
2024-10-31 20:00:00,225.91,223.5,5781253.0,226.118,227.42132,-0.0083854651936642,15.68532818532779,5387480.4,0.004959794999992001
2024-10-31 21:00:00,223.49,221.26,2412467.0,224.824,226.57432,-0.0100223713646532,12.27018385291747,5170012.4,0.004318236115980608
2024-10-31 22:00:00,221.395,222.4,363169.0,223.924,225.82232,0.0051523095001356,21.19651347068141,4486953.6,0.006583499726727011
2024-10-31 23:00:00,222.4,221.71,154202.0,222.852,225.0725,-0.0031025179856115,20.78477078477073,3746963.6,0.006099170192651839
2024-11-01 08:00:00,222.27,223.35,79001.0,222.444,224.6365,0.0073970502007125,28.153629316419824,1758018.4,0.00783569287424087
2024-11-01 09:00:00,223.36,223.23,29337.0,222.39,224.254,-0.0005372733378106,26.999292285916383,607635.2,0.00691695718905634
2024-11-01 10:00:00,223.2,223.31,48639.0,222.8,223.812,0.0003583747704162,26.426533523537785,134869.6,0.004304834601507713
2024-11-01 11:00:00,223.31,222.02,269009.0,222.724,223.324,-0.0057767229412027,25.37984135030341,116037.6,0.0049390725103433146
2024-11-01 12:00:00,222.74,221.88,1789161.0,222.758,222.805,-0.0006305738221782,27.98338368580052,443029.4,0.004710894313929757
2024-11-01 13:00:00,221.88,223.8499,11632050.0,222.85798,222.65099,0.0088782224625923,38.989618616410894,2753639.2,0.005290496262660612
2024-11-01 14:00:00,223.85,222.435,12722972.0,222.69898000000003,222.54449,-0.0063207533262243,32.69019536051471,5292366.2,0.006128484556906926
2024-11-01 15:00:00,222.4205,222.08,7929075.0,222.45298,222.62649,-0.0015959718569469,33.73797217236401,6868453.4,0.006106526994846386
2024-11-01 16:00:00,222.07,222.6,4887605.0,222.56898,222.64649,0.0023414985590777,35.266780049835845,7792172.6,0.005607444913575436
2024-11-01 17:00:00,222.5911,222.2,3776615.0,222.63298,222.69549,-0.0017969451931716,38.516753300983446,8189663.4,0.005691657770249876
2024-11-01 18:00:00,222.19,222.6,3509322.0,222.383,222.62049,0.0018001800180018,46.37090920821301,6565117.8,0.0034728196715192532
2024-11-01 19:00:00,222.59,222.85,7281311.0,222.466,222.58249,0.0011230907457322,57.63703433303236,5476785.6,0.001940358757536358
2024-11-01 20:00:00,222.91,222.87,977997.0,222.624,222.53849,8.974646623293799e-05,52.52965618204912,4086570.0,0.001634808946716721
2024-11-01 21:00:00,222.87,223.0,43209.0,222.704,222.63649,0.0005832996814286,57.388485417764414,3117690.8,0.0013630607266467611
2024-11-01 22:00:00,222.9646,222.93,21039.0,222.85,222.74149,-0.0003139013452914,47.06695717757488,2366575.6,0.0008357567725972488
2024-11-01 23:00:00,222.84,222.68,17087.0,222.866,222.6245,-0.0011214282510204,46.22760569562963,1668128.6,0.0008572812790061196
2024-11-04 09:00:00,221.51,221.71,46358.0,222.638,222.552,-0.0043560265852344,40.219809775300135,221138.0,0.001964686769817886
2024-11-04 10:00:00,221.7,222.01,21650.0,222.466,222.545,0.0013531189391546,49.93045703635693,29868.6,0.002209647237122677
2024-11-04 11:00:00,221.96,221.42,37294.0,222.15,222.427,-0.002657537948741,46.98944998560164,28685.6,0.002188294809201075
2024-11-04 12:00:00,221.45,221.51,99501.0,221.866,222.358,0.0004064673471231,29.688015416934178,44378.0,0.0023001120540881363
2024-11-04 13:00:00,221.7714,221.36,185227.0,221.602,222.234,-0.0006771703309104,38.04226918798663,78006.0,0.002316056837212724
2024-11-04 14:00:00,221.33,222.065,6790837.0,221.673,222.1555,0.0031848572461148,49.84520123838994,1426901.8,0.0021875945885367824
2024-11-04 15:00:00,222.06,221.61,4282342.0,221.593,222.0295,-0.0020489496318644,39.64435146443524,2279040.2,0.0023122122435895558
2024-11-04 16:00:00,221.62,221.08,5313156.0,221.525,221.8375,-0.0023915888272189,38.594704684317826,3334212.6,0.002248277841406739
2024-11-04 17:00:00,221.071,221.79,3051038.0,221.581,221.7235,0.0032115071467341,42.241379310344676,3924520.0,0.0027616368864754656
2024-11-04 18:00:00,221.77,222.4,2669384.0,221.78900000000004,221.6955,0.0027503494296407,45.96774193548392,4421351.4,0.0028943820678576323
2024-11-04 19:00:00,222.43,222.625,2411379.0,221.901,221.787,0.0010116906474819,47.88245462402759,3545459.8,0.00262375604509825
2024-11-04 20:00:00,222.625,222.12,5412247.0,222.003,221.798,-0.0022683885457607,42.85714285714278,3771440.8,0.0026784548123351738
2024-11-04 21:00:00,222.01,221.98,1471932.0,222.183,221.854,-0.0006302899333694,42.375601926163505,3003196.0,0.0022980240992068516
2024-11-04 22:00:00,221.91,221.6132,1450115.0,222.14764,221.86432,-0.0016524011172176,41.59576479485713,2683011.4,0.002045525893601072
2024-11-04 23:00:00,221.68,221.7,34050.0,222.00764,221.89832,0.0003916734201752,49.90848524782177,2155944.6,0.001366435588601281
2024-11-05 00:00:00,221.63,221.53,14916.0,221.78864,221.84482,-0.0007668019846639,45.50022498875058,1676652.0,0.0010199472326792767
2024-11-05 09:00:00,221.9,221.6,16455.0,221.68464,221.84382,0.0003159842910666,51.86970250955636,597493.6,0.0008473629298131054
2024-11-05 10:00:00,221.6,221.55,10425.0,221.59864,221.89082,-0.0002256317689529,50.41897100720653,305192.2,0.0008473558139538718
2024-11-05 11:00:00,221.72,221.97,11942.0,221.67,221.90882,0.0018957345971563,56.047267824569744,17557.6,0.000995856577138982
2024-11-05 12:00:00,221.98,221.52,20590.0,221.634,221.82082,-0.0020273009866197,44.309401495217806,14865.6,0.0014415202115149954
2024-11-05 13:00:00,221.93,221.8887,95348.0,221.70574,221.74719,0.0016644095341277,52.96344342130439,30952.0,0.001588853437492527
2024-11-05 14:00:00,221.81,223.545,4300886.0,222.09474,221.88969,0.007464553174632,71.14572967779591,887838.2,0.00356565951743966
2024-11-05 15:00:00,223.56,222.195,4186117.0,222.22374,221.91119,-0.006039052539757,53.13050737408409,1722976.6,0.005022782300223685
2024-11-05 16:00:00,222.19,223.23,2832608.0,222.47574,222.07287,0.0046580706136501,56.0200765927817,2287109.8,0.005343741770484799
2024-11-05 17:00:00,223.25,223.49,2086581.0,222.86974,222.25187,0.0011647180038526,56.242242300031904,2700308.0,0.005052893198717901
2024-11-05 18:00:00,223.495,222.85,2258618.0,223.062,222.38387000000003,-0.0028636628037049,55.16733676878644,3132962.0,0.005468077230150035
2024-11-05 19:00:00,222.86,222.9399,1979377.0,222.94098,222.51786,0.0004034103657168,56.84323091181306,2668660.2,0.0040759938070166245
2024-11-05 20:00:00,222.93,223.46,4192585.0,223.19398,222.70886,0.0023329157319977,62.8844114528103,2669953.8,0.002755556013042898
2024-11-05 21:00:00,223.45,223.1766,722161.0,223.1833,222.82952,-0.0012682359258927,60.026618138360185,2247864.4,0.002046957010384872
2024-11-05 22:00:00,223.29,223.06,47622.0,223.0973,222.98352,-0.0005224562073264,60.46511627906981,1840072.6,0.001933353066293077
2024-11-05 23:00:00,223.04,222.96,20840.0,223.1193,223.09065,-0.0004483098717833,59.264305177111844,1392517.0,0.0013818587191319674
2024-11-06 00:00:00,222.98,223.15,50993.0,223.16132,223.05115,0.0008521707929673,60.69518716577538,1006840.2,0.0014205668131628587
2024-11-06 09:00:00,226.9,224.49,130563.0,223.36732,223.28065,0.0060049294196728,65.00000000000006,194435.8,0.0029411889933321812
2024-11-06 10:00:00,224.31,223.31,96369.0,223.394,223.28865,-0.0052563588578556,59.80284775465491,69277.4,0.004025209600080183
2024-11-06 11:00:00,223.49,223.0,119093.0,223.382,223.23965,-0.0013882047378084,56.125362406711254,83571.6,0.004078347004849707
2024-11-06 12:00:00,223.0,224.0,265262.0,223.59,223.35465,0.0044843049327354,52.70350564468217,132456.0,0.004528761416033088
2024-11-06 13:00:00,224.05,223.95,465811.0,223.75,223.45566,-0.0002232142857143,62.33309908643696,215419.6,0.0045593701353549634
2024-11-06 14:00:00,223.81,224.45,10166814.0,223.742,223.55466,0.0022326412145568,59.27051671732513,2222669.8,0.0036978160086145496
2024-11-06 15:00:00,224.48,224.21,7410300.0,223.92200000000005,223.658,-0.0010692804633547,55.48780487804875,3685456.0,0.0024977849098090222
2024-11-06 16:00:00,224.205,224.67,4906249.0,224.256,223.819,0.0020516480085633,64.2633228840125,4642887.2,0.0021975958416163505
2024-11-06 17:00:00,224.665,224.35,3863227.0,224.326,223.958,-0.0014243112119997,60.66625315804603,5362480.2,0.0017265857453294526
2024-11-06 18:00:00,224.35,223.915,3149515.0,224.319,224.0345,-0.0019389347002451,53.48659003831407,5899221.0,0.0020075508961826037
2024-11-06 19:00:00,223.92,223.4101,3747991.0,224.11102,223.92651,-0.0022548735011052,51.73052693989471,4615456.4,0.0017267864582934743
2024-11-06 20:00:00,223.42,222.7,7545523.0,223.80902,223.86551,-0.0031784597025828,47.54768392370563,4642501.0,0.002005344808865595
2024-11-06 21:00:00,222.72,223.17,1158498.0,223.50902,223.88251,0.0021104625056129,51.36186770428003,3892950.8,0.0020302962659182223
2024-11-06 22:00:00,223.08,222.76,81588.0,223.19102,223.75851,-0.0018371644934354,47.540983606557276,3136623.0,0.002043078499315814
2024-11-06 23:00:00,222.81,222.65,43009.0,222.93802,223.62851,-0.0004938049919194,36.2686567164178,2515321.8,0.0020534694760668683
2024-11-07 00:00:00,222.65,222.4699,33017.0,222.74998,223.4305,-0.0008088928812037,42.63083103805185,1772327.0,0.001955042588187453
2024-11-07 09:00:00,223.14,223.32,21754.0,222.87398,223.3415,0.0038211910914689,52.56402038396202,267573.2,0.0023329197440865456
2024-11-07 10:00:00,223.34,223.15,11021.0,222.86998,223.1895,-0.0007612394769836,42.14446785701081,38077.8,0.0022052796983841835
2024-11-07 11:00:00,223.1,223.0,15363.0,222.91798,223.0545,-0.0006721935917544,41.37962324416537,24832.8,0.002018384941065731
2024-11-07 12:00:00,222.94,223.42,47318.0,223.07198,223.005,0.0018834080717488,40.516003093808564,25694.6,0.0020878755722592347
2024-11-07 13:00:00,223.08,223.78,191514.0,223.334,223.04199,0.0016113150120849,46.126265720154144,57394.0,0.0019271531051470207
2024-11-07 14:00:00,223.75,226.3,6415429.0,223.93,223.40199,0.011261059969613,60.7093111876168,1336129.0,0.004962090326042404
2024-11-07 15:00:00,226.3,226.23,5182589.0,224.546,223.70799,-0.0003093239063191,62.77139208173684,2370442.6,0.004887649763893229
2024-11-07 16:00:00,226.23,227.07,3501956.0,225.36,224.13899,0.0037130354064447,70.31499510637198,3067761.2,0.004496773798858523
2024-11-07 17:00:00,227.061977,227.2,2869995.0,226.116,224.59399,0.0005725106795261,75.64104298878243,3632296.6,0.004659475403224107
2024-11-07 18:00:00,227.205,227.0989,2309382.0,226.77978,225.05689,-0.0004449823943662,82.43404656924179,4055870.2,0.004936019050040758
2024-11-07 19:00:00,227.0999,227.505,3184074.0,227.02078,225.47539,0.0017882076927717,82.26694852174941,3409599.2,0.001728183546105636
2024-11-07 20:00:00,227.5,227.69,7141449.0,227.31278,225.92939,0.0008131689413419,87.9674696568294,3801371.2,0.0015709568092887327
2024-11-07 21:00:00,227.48,227.77,926409.0,227.45278,226.40639,0.0003513549123809,89.61376578360948,3286261.8,0.0008078611324768281
2024-11-07 22:00:00,227.71,227.6,394552.0,227.53278,226.82439,-0.0007463669491154,89.75404119461237,2791173.2,0.0010145146937218298
2024-11-07 23:00:00,227.5,227.4801,16768.0,227.60902,227.1944,-0.0005268014059754,86.35116478215996,2332650.4,0.0010311131843044987
2024-11-08 00:00:00,227.52,227.6,18945.0,227.62802,227.3244,0.0005270790719715,89.22778561353952,1699624.6,0.0006822888310343968
2024-11-08 09:00:00,227.75,227.79,17873.0,227.64802,227.4804,0.0008347978910368,91.92927170868286,274909.4,0.0006881137814942488
2024-11-08 10:00:00,227.82,227.06,29833.0,227.50602,227.4794,-0.0032047060889415,80.22251743606749,95594.2,0.0015919748951541096
2024-11-08 11:00:00,227.06,227.56,23161.0,227.49802,227.5154,0.0022020611292169,80.67185978578354,21316.0,0.0020227344129102676
2024-11-08 12:00:00,227.57,227.55,27352.0,227.512,227.56051,-4.3944454209838745e-05,67.11391018619913,23432.8,0.002004742132272091
2024-11-08 13:00:00,227.57,227.37,99927.0,227.46600000000004,227.54701,-0.0007910349373764,65.15151515151524,39629.2,0.0020151077550283896
2024-11-08 14:00:00,227.38,227.7699,4781711.0,227.46198,227.555,0.0017588072305053,60.534633793913244,992396.8,0.002170198272444201
2024-11-08 15:00:00,227.78,226.51,3974443.0,227.35198,227.429,-0.0055314596002369,42.25032571094849,1781318.8,0.0030826058284321146
2024-11-08 16:00:00,226.515,227.27,3465529.0,227.29398,227.396,0.0033552602534105,51.67393899074512,2469792.4,0.003363859392858318
2024-11-08 17:00:00,227.265,227.02,2250685.0,227.18798,227.34999,-0.0011000132001584,45.105558470916115,2914459.0,0.003380761954899761
2024-11-08 18:00:00,227.03,227.5,4583042.0,227.21398,227.33999,0.0021143511584881,48.190338311490436,3811082.0,0.0035551884811324225
2024-11-08 19:00:00,227.495,227.44,1800192.0,227.148,227.30499,-0.0002637362637362,46.84488297384111,3214778.2,0.0034350552260002444
2024-11-08 20:00:00,227.435,227.16,7945325.0,227.278,227.31499,-0.0012310939148786,45.87984118660577,4008954.6,0.0020536900950020973
2024-11-08 21:00:00,226.96,227.18,940514.0,227.26000000000005,227.27699,8.804366966019647e-05,47.136286428612465,3503951.6,0.001345604642973588
2024-11-08 22:00:00,227.15,226.85,409700.0,227.226,227.20699,-0.0014525926578044,43.1190135417814,3135754.6,0.0014197177216007358
2024-11-08 23:00:00,226.88,226.96,9723.0,227.118,227.16599,0.0004849019175667,42.27159298297911,2221090.8,0.0008382164979293696
2024-11-09 00:00:00,226.96,226.96,6757.0,227.022,227.085,0.0,48.92236734342005,1862403.8,0.0008627649901108502
2024-11-11 09:00:00,227.21,226.45,50088.0,226.88,227.079,-0.0022470919985901,38.064002752806644,283356.4,0.0011669436571366111
2024-11-11 10:00:00,226.43,226.21,12008.0,226.686,226.973,-0.0010598366085227,36.269929095454906,97655.2,0.001102651041026391
2024-11-11 11:00:00,226.18,226.22,7544.0,226.56,226.89300000000003,4.4206710578625634e-05,37.79141364813802,17224.0,0.001103007640805098
2024-11-11 12:00:00,226.3,226.22,70375.0,226.412,226.765,0.0,32.019304392213414,29354.4,0.0010056788112169956
2024-11-11 13:00:00,226.3104,225.9,258618.0,226.2,226.611,-0.0014145522058173,40.94955489614275,79726.6,0.0009747063221074698
2024-11-11 14:00:00,225.9,222.9,7615165.0,225.49,226.185,-0.0132802124833997,11.051693404634648,1592742.0,0.00570365912814722
2024-11-11 15:00:00,222.9,222.75,6165031.0,224.798,225.742,-0.0006729475100942,11.25226860254088,2823346.6,0.00574146867184656
2024-11-11 16:00:00,222.755,222.78,4531991.0,224.11,225.335,0.0001346801346801,3.35968379446669,3728236.0,0.0057538453546482045
2024-11-11 17:00:00,222.78,221.86,4115313.0,223.238,224.825,-0.0041296346171109,2.8716216216218697,4537223.6,0.005497892971458137
2024-11-11 18:00:00,221.86,222.9,3237401.0,222.638,224.419,0.0046876408545929,18.11377245508993,5132980.2,0.006721139550224017
2024-11-11 19:00:00,222.9085,223.045,2232583.0,222.667,224.0785,0.0006505159264243,19.61792799412173,4056463.8,0.0031556369648906117
2024-11-11 20:00:00,223.05,224.25,5464268.0,222.967,223.8825,0.0054024972539174,33.07291666666666,3916311.2,0.0038586024882639974
2024-11-11 21:00:00,224.23,224.25,583470.0,223.261,223.6855,0.0,32.100396301188766,3126607.0,0.0038696540818603086
2024-11-11 22:00:00,224.25,224.03,521381.0,223.695,223.4665,-0.0009810479375696,31.19383825417188,2407820.6,0.0028938122412928333
2024-11-11 23:00:00,224.05,224.11,23800.0,223.937,223.2875,0.0003570950319154,34.10326086956529,1765100.4,0.0024902399670263765
2024-11-12 00:00:00,224.0001,223.77,34422.0,224.082,223.3745,-0.0015171121324349,33.646112600536156,1325468.2,0.0027591298310745134
2024-11-12 09:00:00,223.2,223.2,38499.0,223.872,223.41950000000003,-0.0025472583456228,31.172069825436367,240314.4,0.0011709025353651085
2024-11-12 10:00:00,223.28,223.97,44930.0,223.816,223.53850000000003,0.0034498207885305,37.20136518771334,132606.4,0.002317035387983568
2024-11-12 11:00:00,223.99,224.19,16327.0,223.848,223.7715,0.0009822744117515,40.161104718066724,31595.6,0.0023280208827081423
2024-11-12 12:00:00,224.19,224.23,54298.0,223.872,223.9045,0.0001784200901021,61.60558464223369,37695.2,0.002325320391474377
2024-11-12 13:00:00,224.25,224.5,147055.0,224.018,224.05,0.0012041207688534,64.9572649572649,60221.8,0.002162246557527037
2024-11-12 14:00:00,224.521,224.25,4354019.0,224.228,224.05,-0.0011135857461024,62.1087314662273,923325.8,0.0016709253014488097
2024-11-12 15:00:00,224.25,224.6,4182169.0,224.354,224.085,0.0015607580824971,74.90909090909061,1750773.6,0.0010655031346759206
2024-11-12 16:00:00,224.59,224.97,4468771.0,224.51,224.179,0.0016473731077471,71.42857142857117,2641262.4,0.0011676463382403897
2024-11-12 17:00:00,224.9695,223.4199,3514111.0,224.34798,224.10999,-0.0068902520336044,53.00636717935576,3333225.0,0.0036309592166994782
2024-11-12 18:00:00,223.42,224.1498,2620847.0,224.27794,224.14797,0.0032669426492447,49.130208333333336,3827983.4,0.004002216282423637
2024-11-12 19:00:00,224.13,224.53,2181908.0,224.33394,224.28097,0.001696187103446,52.280056024233744,3393561.2,0.0040573126953991
2024-11-12 20:00:00,224.53,224.24,6780445.0,224.26194,224.30797,-0.0012915868703513,51.69076680300157,3913216.4,0.004028453594662468
2024-11-12 21:00:00,224.23,224.0,3120579.0,224.06794,224.28897,-0.0010702818408848,49.136604816175215,3643578.0,0.003878148693847961
2024-11-12 22:00:00,223.98,224.19,21368.0,224.22196,224.28497,0.0008482142857142,53.37609723160017,2945029.4,0.0019172477861427895
2024-11-12 23:00:00,224.2,224.2,50493.0,224.232,224.25497,4.460502252549581e-05,58.83361011978379,2430958.6,0.0012650977559080594
2024-11-13 00:00:00,224.19,224.09,11101.0,224.144,224.23897,-0.0004906333630686,51.199952001919975,1996797.2,0.0008671514765807364
2024-11-13 09:00:00,223.88,223.75,12415.0,224.046,224.15397,-0.0015172475344727,45.70329284012342,643191.2,0.0009293245258916408
2024-11-13 10:00:00,223.83,223.59,5441.0,223.964,224.01597,-0.0007150837988826,43.89336284874631,20163.6,0.0008811465075946358
2024-11-13 11:00:00,223.59,223.15,8499.0,223.756,223.98898,-0.0019678876515049,37.5235665964289,17589.8,0.0008079533700121049
2024-11-13 12:00:00,223.3,223.52,34381.0,223.62,223.926,0.0016580775263276,43.39987703880513,14367.4,0.0013996753450166248
2024-11-13 13:00:00,223.35,223.52,2862219.0,223.506,223.825,0.0,39.57569205822176,584591.0,0.0014267700562374448
2024-11-13 14:00:00,223.5,223.54,4563196.0,223.464,223.755,8.94774516820947e-05,35.197300318827104,1494747.2,0.001319673553447795
2024-11-13 15:00:00,223.55,224.05,4533692.0,223.55600000000004,223.76000000000005,0.0022814708776953,58.31244558191082,2400397.4,0.0016572009785344364
2024-11-13 16:00:00,224.05,224.55,3419438.0,223.836,223.796,0.0022316447221602,55.620470760069864,3082585.2,0.0011295326038316877
2024-11-13 17:00:00,224.555,226.521,4126317.0,224.4362,224.0281,0.0087775551102203,69.32634439914582,3900972.4,0.0035858455938909185
2024-11-13 18:00:00,226.53,226.025,3119837.0,224.9372,224.2216,-0.0021896424614052,66.66044427851423,3952496.0,0.004092306134745106
2024-11-13 19:00:00,226.03,225.43,2544391.0,225.3152,224.38960000000003,-0.0026324521623714,62.517507002801324,3548735.0,0.004599233728425356
2024-11-13 20:00:00,225.42,225.22,6803312.0,225.5492,224.5526,-0.0009315530319833,58.98464759246346,4002659.0,0.004719472313988572
2024-11-13 21:00:00,225.12,225.27,1924230.0,225.6932,224.76460000000003,0.0002220051505195,59.26888426888451,3703617.4,0.004679201315912074
2024-11-13 22:00:00,225.3,225.0503,9489.0,225.39906,224.91763,-0.0009752741155059,58.163456143631855,2880251.8,0.0011318770530317347
2024-11-13 23:00:00,225.14,224.9699,16748.0,225.18804,225.06262,-0.0003572534673359,60.849148894541166,2259634.0,0.0010671726265241344
2024-11-14 00:00:00,224.9,224.73,19007.0,225.04804,225.18162,-0.0010663648781459,59.99649245878628,1754557.2,0.0005478413911380311
2024-11-14 09:00:00,224.85,224.22,23467.0,224.84804,225.19862,-0.0022693899345881,59.26888426888422,398588.2,0.0009302505559960243
2024-11-14 10:00:00,224.23,224.42,8631.0,224.67804,225.18562000000003,0.0008919810900008,58.03284541235256,15468.4,0.0011521278492065308
2024-11-14 11:00:00,224.51,224.6,16637.0,224.58798,224.99352,0.0008020675519116,59.33932895191964,16898.0,0.0013280313874513307
2024-11-14 12:00:00,224.8,224.7,28331.0,224.534,224.86102,0.0004452359750667,59.89423404981233,19214.6,0.0013818587336378023
2024-11-14 13:00:00,225.0,224.75,903534.0,224.538,224.79302,0.0002225189141077,56.47908182154748,196120.0,0.0013072026415230347
2024-11-14 14:00:00,224.75,225.7215,4531985.0,224.8383,224.84317,0.0043225806451612,59.97275900229833,1097823.6,0.0016907984381764843
2024-11-14 15:00:00,225.72,226.53,5467311.0,225.2603,224.96917,0.0035818475422146,50.09552112078131,2189559.6,0.0019254922993225336
2024-11-14 16:00:00,226.52,226.7401,2949881.0,225.68832000000003,225.13815,0.0009274709751468,58.080043388849965,2776208.4,0.0019087693666057744
2024-11-14 17:00:00,226.75,227.925,3790294.0,226.33332,225.43366,0.0052258069922347,74.87537387836474,3528601.0,0.0021764733769944447
2024-11-14 18:00:00,227.925,228.06,3197755.0,226.99532,225.76666,0.0005923000987166,78.74493927125495,3987445.2,0.002068204483422132
2024-11-14 19:00:00,228.05,228.27,3177701.0,227.50502,226.17166,0.0009208103130755,79.41176470588222,3716588.4,0.0020550572812246
2024-11-14 20:00:00,228.275,228.19,8067712.0,227.83702,226.54866,-0.0003504621719893,81.64828740197159,4236668.6,0.002167154854275075
2024-11-14 21:00:00,228.22,227.81,1791878.0,228.051,226.86966,-0.0016652789342214,76.99766155250099,4005068.0,0.0025952874866956833
2024-11-14 22:00:00,227.81,227.8219,40732.0,228.03038,227.18185000000005,5.223651288353073e-05,80.72298734076597,3255155.6,0.0010070807281301055
2024-11-14 23:00:00,227.71,227.5,24111.0,227.91838,227.45685000000003,-0.0014129458142522,83.8577150171352,2620426.8,0.0010650094093437087
2024-11-15 00:00:00,227.47,227.42,22976.0,227.74838,227.6267,-0.0003516483516484,81.75409627841965,1989481.8,0.000748170214849079
2024-11-15 09:00:00,226.9,225.99,45263.0,227.30838,227.5727,-0.0062879254243249,61.63413572600365,384992.0,0.0025371905407980855
2024-11-15 10:00:00,226.05,225.95,14702.0,226.93638,227.49369,-0.0001769989822559,60.56850079475119,29556.8,0.0026607587026847394
2024-11-15 11:00:00,225.99,226.26,20616.0,226.624,227.32719000000003,0.0013719849524231,62.22909715248294,25533.6,0.00292260998332166
2024-11-15 12:00:00,226.41,226.72,37694.0,226.468,227.19319,0.0020330593122956,58.81708846228563,28250.2,0.003293211156659404
2024-11-15 13:00:00,226.4,226.0902,128416.0,226.20204,226.97521,-0.0027778757939307,45.98986067546877,49338.2,0.003409021953284512
2024-11-15 14:00:00,226.05,225.07,9089817.0,226.01804,226.66321,-0.0045123583419361,36.73197006530331,1858249.0,0.0027759997115050588
2024-11-15 15:00:00,225.065,224.62,4780606.0,225.75204,226.34421,-0.0019993779712977,20.27236094121038,2811429.8,0.002791304764047187
2024-11-15 16:00:00,224.63,225.1,3272556.0,225.52004,226.07202,0.0021369423915946,24.931400115180068,3461817.8,0.002980488836612849
2024-11-15 17:00:00,225.1,224.73,3895175.0,225.12204000000003,225.79502,-0.0016437139049311,20.810382928196745,4233314.0,0.002442771439937973
2024-11-15 18:00:00,224.735,224.665,3472351.0,224.837,225.51952,-0.0002892359720553,20.86198915487364,4902101.0,0.002436869885022325
2024-11-15 19:00:00,224.67,224.825,2727134.0,224.788,225.40302000000003,0.0007121714552778,24.394386494647165,3629564.4,0.0017045531359447298
2024-11-15 20:00:00,224.825,224.92,6183973.0,224.848,225.30002,0.0004225508729011,25.457128841827412,3910237.8,0.0013855758342315799
2024-11-15 21:00:00,225.0,225.01,1263353.0,224.83,225.17502,0.0004001422728081,28.080985915492903,3508397.2,0.0009486318743045643
2024-11-15 22:00:00,225.02,225.1,583623.0,224.904,225.01302,0.0003999822230123,29.613356766256643,2846086.8,0.00037009710598526554
2024-11-15 23:00:00,225.07,225.03,8651.0,224.977,224.907,-0.0003109729009328,38.91454965357961,2153346.8,0.00037919252386569977
2024-11-16 00:00:00,225.04,225.26,9151.0,225.064,224.926,0.0010220859440962,42.36725663716813,1609750.2,0.0004722565921308259
2024-11-18 09:00:00,226.0,225.21,13388.0,225.122,224.985,-0.0002219657284914,37.67605633802826,375633.2,0.000542744844241133
2024-11-18 10:00:00,225.26,225.38,12079.0,225.196,225.013,0.0007548510279294,33.12342569269492,125378.4,0.0005873423277617413
2024-11-18 11:00:00,225.35,225.55,4494.0,225.286,225.095,0.0007542816576449,42.305281750327566,9552.6,0.0006186171894641773
2024-11-18 12:00:00,225.62,225.7,40425.0,225.42,225.1985,0.0006650410108622,61.931818181818414,15907.4,0.0004758319152421244
2024-11-18 13:00:00,225.9,225.69,106170.0,225.506,225.285,-4.430660168361057e-05,74.31818181818241,35311.2,0.00047545630042370807
2024-11-18 14:00:00,225.629,226.82,5141429.0,225.828,225.475,0.005006867827551,80.17543859649187,1060919.4,0.002028861249988585
2024-11-18 15:00:00,226.85,228.43,5335692.0,226.438,225.817,0.0070981394938718,95.23227383863161,2125642.0,0.003167147259270967
2024-11-18 16:00:00,228.41,228.54,3982803.0,227.036,226.161,0.0004815479577988,96.85610640870692,2921303.8,0.0032109944172755913
2024-11-18 17:00:00,228.53,229.602,2366237.0,227.8164,226.6182,0.0046468889472302,97.41909866984379,3386466.2,0.0030897592001190672
2024-11-18 18:00:00,229.605,229.446,3079061.0,228.5676,227.0368,-0.0006794365902736,94.38995684582237,3981044.4,0.003276140082362421
2024-11-18 19:00:00,229.44,228.855,2705087.0,228.9746,227.4013,-0.0025757694620956,84.33648865868928,3493776.0,0.0039751784494897096
2024-11-18 20:00:00,228.85,227.99,5564926.0,228.8866,227.6623,-0.0037796858272704,72.67022278004427,3539622.8,0.0032588647779724523
2024-11-18 21:00:00,228.02,228.4,1291782.0,228.8586,227.9473,0.0017983244879161,75.09681263032495,3001418.6,0.0033963307801611335
2024-11-18 22:00:00,228.37,228.2412,63923.0,228.58644,228.20142,-0.0006952714535902,72.43933281146516,2540955.8,0.0021249869585242497
2024-11-18 23:00:00,228.2,227.85,25998.0,228.26724,228.41742,-0.001713976267212,68.90034364261163,1930343.2,0.002113623389717962
2024-11-19 00:00:00,227.85,228.06,12992.0,228.10824,228.54142,0.0009216589861751,69.07744874715266,1391924.2,0.002201354430747599
2024-11-19 09:00:00,228.08,227.05,38802.0,227.92024,228.40342,-0.0044286591247916,59.537131230925766,286699.4,0.0024354725596001476
2024-11-19 10:00:00,227.01,227.69,13080.0,227.77824,228.31842,0.0028187623871393,61.91046205410589,30959.0,0.0027345078219896714
2024-11-19 11:00:00,227.62,227.73,7112.0,227.676,228.13122,0.0001756774561903,62.166030534351115,19596.8,0.002756128740003555
2024-11-19 12:00:00,227.79,227.84,51649.0,227.674,227.97062,0.0004830281473675,56.92558392178171,24727.0,0.0026773075400369274
2024-11-19 13:00:00,227.99,225.87,135522.0,227.236,227.67212,-0.0086464185393258,33.4282755049197,49233.0,0.004586947597995863
2024-11-19 14:00:00,225.89,228.435,4075849.0,227.513,227.71662,0.0113560897861601,49.484232242852976,856642.4,0.007146236606678296
2024-11-19 15:00:00,228.43,229.05,3442648.0,227.785,227.78162000000003,0.0026922319259308,47.16399506781755,1542556.0,0.007139457691998693
2024-11-19 16:00:00,229.06,229.34,2550193.0,228.10700000000003,227.8915,0.0012660991049988,49.46280154064467,2051172.2,0.007116500499510274
2024-11-19 17:00:00,229.34,229.4,4855249.0,228.419,228.0465,0.0002616203017354,52.91912158543126,3011892.2,0.0071245519129033725
2024-11-19 18:00:00,229.39,229.935,2371402.0,229.23200000000003,228.234,0.0023321708805579,60.79955580233201,3459068.2,0.004449116477274948
2024-11-19 19:00:00,229.94,228.79,2581111.0,229.30300000000005,228.408,-0.0049796681670907,52.00205338809028,3160120.6,0.0031089048953761157
2024-11-19 20:00:00,228.78,228.3,5357426.0,229.153,228.469,-0.0021417019974648,50.29192151878634,3543076.2,0.0029311689410710675
2024-11-19 21:00:00,228.28,228.2,1551718.0,228.925,228.516,-0.0004380201489269,51.78936605316971,3343381.2,0.0027455361681833464
2024-11-19 22:00:00,228.18,228.05,18015.0,228.65500000000003,228.537,-0.0006573181419806,49.94855967078193,2375934.4,0.0026702703895367733
2024-11-19 23:00:00,228.05,228.0,13627.0,228.26800000000003,228.75,-0.0002192501644376,55.42237442922368,1904379.4,0.001988900598206845
2024-11-20 00:00:00,228.1,228.5,21533.0,228.21,228.7565,0.0021929824561403,54.69837587006961,1392463.8,0.0015611589849562027
2024-11-20 09:00:00,227.83,227.76,16207.0,228.102,228.6275,-0.0032385120350109,50.160944206008594,324220.0,0.0019271157367947251
2024-11-20 10:00:00,227.79,227.63,7613.0,227.988,228.4565,-0.0005707762557077,48.875802997858635,15399.0,0.0019274446338181477
2024-11-20 11:00:00,227.78,227.71,10419.0,227.92,228.2875,0.0003514475244915,62.34899328859059,13879.8,0.001959208270716173
2024-11-20 12:00:00,227.76,228.47,39864.0,228.014,228.141,0.0033375784989679,50.310008857395886,19127.2,0.0025508150457691676
2024-11-20 13:00:00,227.88,228.18,1012366.0,227.95,228.08,-0.001269313257758,41.82330827067664,217293.8,0.002413589829103336
2024-11-20 14:00:00,228.1,227.63,4236410.0,227.92400000000004,228.013,-0.0024103777719344,34.677419354838676,1061334.4,0.002176394094882216
2024-11-20 15:00:00,227.63,226.94,3851510.0,227.786,227.887,-0.0030312348987391,30.19323671497581,1830113.8,0.0025517656609294445
2024-11-20 16:00:00,226.95,227.48,3228987.0,227.74,227.83,0.0023794835639375,30.24939662107795,2473827.4,0.0028815482536418938
2024-11-20 17:00:00,227.47,226.89,2134858.0,227.424,227.719,-0.00259363460524,33.21554770318015,2892826.2,0.002202669201802893
2024-11-20 18:00:00,226.88,226.9163,1808834.0,227.17126,227.56063,0.0001159152011989,36.685718684448595,3052119.8,0.0023055715419776556
2024-11-20 19:00:00,226.91,227.4,1827591.0,227.12526,227.52463,0.0021316229816897,42.83154121863816,2570356.0,0.0025463395467082675
2024-11-20 20:00:00,227.4,229.0,5280951.0,227.53726,227.66163,0.0070360598065083,56.75675675675664,2856244.2,0.003535579845597492
2024-11-20 21:00:00,229.0,228.94,3495840.0,227.82926,227.78463,-0.0002620087336244,56.676136363636324,2909614.8,0.003626129455591279
2024-11-20 22:00:00,228.85,228.55,29470.0,228.16126000000003,227.79263,-0.0017035031012491,50.360750360750444,2488537.2,0.0034030532199096123
2024-11-20 23:00:00,228.3297,228.71,32258.0,228.52,227.84563,0.0007000656311529,57.48031496063006,2133222.0,0.0033549049468575127
2024-11-21 00:00:00,228.67,228.24,36584.0,228.688,227.90663,-0.0020550041537317,54.559043348281115,1775020.6,0.0036887901891206397
2024-11-21 09:00:00,228.2,228.6,29555.0,228.608,228.07263000000003,0.0015772870662459,56.38450502152073,724741.4,0.0015462710135691565
2024-11-21 10:00:00,228.52,228.88,15399.0,228.596,228.21263000000005,0.0012248468941382,53.15870570107857,28653.2,0.001702204633372201
2024-11-21 11:00:00,228.8,229.66,41991.0,228.818,228.48963,0.0034078993358965,60.60171919770768,31157.4,0.001974880198548526
2024-11-21 12:00:00,229.43,229.35,54983.0,228.946,228.733,-0.0013498214752242,62.75964391691397,35702.4,0.00224014979200572
2024-11-21 13:00:00,229.95,229.63,624204.0,229.224,228.956,0.0012208415086112,71.24802527646133,153226.4,0.001696945223887451
2024-11-21 14:00:00,229.6,227.0,5318058.0,228.904,228.756,-0.0114532073335365,47.149643705463234,1210927.0,0.005872467790234746
2024-11-21 15:00:00,227.0,228.34,6112767.0,228.796,228.696,0.0059030837004405,57.9062159214832,2430400.6,0.0067066558642424785
2024-11-21 16:00:00,228.34,228.8612,3766725.0,228.63624,228.72712,0.0022825610931067,60.06166644248775,3175347.4,0.006561966403972089
2024-11-21 17:00:00,228.86,229.783304,3985430.0,228.7229008,228.8344504,0.004029097112136,61.79467627619635,3961436.8,0.006858763647447671
2024-11-21 18:00:00,229.78,229.47,2429505.0,228.69090079999995,228.9574504,-0.0013634759120705,52.66542416312488,4322497.0,0.0068784566577397566
2024-11-21 19:00:00,229.47,229.38,2774377.0,229.1669008,229.0354504,-0.0003922081317819,52.48682885010843,3813760.8,0.0030176406913015597
2024-11-21 20:00:00,229.38,228.51,5891687.0,229.2009008,228.9984504,-0.0037928328537797,49.78555976620857,3769544.8,0.0030710627879387688
2024-11-21 21:00:00,228.52,228.36,1184235.0,229.1006608,228.8684504,-0.0006564264145988,48.1216339680708,3253046.8,0.002833554864373127
2024-11-21 22:00:00,228.37,228.35,17417.0,228.814,228.7684504,-4.379050621833652e-05,50.62100524263909,2459444.2,0.0015018283205471567
2024-11-21 23:00:00,228.32,228.2301,30586.0,228.56602,228.6284604,-0.0005250711626888,47.8535388117785,1979660.4,0.0015324481329173623
2024-11-22 00:00:00,228.25,228.56,10310.0,228.40202,228.7844604,0.0014454710399724,48.153791051609886,1426847.0,0.0019125058887788837
2024-11-22 09:00:00,228.5,228.76,24317.0,228.45202,228.8264604,0.0008750437521875,44.435106415605,253373.0,0.0009115504318291883
2024-11-22 10:00:00,228.67,228.45,7801.0,228.47002,228.7853404,-0.0013551320160867,44.435106415605,18086.2,0.0011110403247965685
2024-11-22 11:00:00,228.37,228.85,8325.0,228.57002,228.69201,0.001750930181659,45.24761625305491,16267.8,0.0013297197996873648
2024-11-22 12:00:00,228.94,228.92,24837.0,228.708,228.63701,0.0003058772121476,67.00195947582955,15118.0,0.0012271981871351926
2024-11-22 13:00:00,228.94,228.72,64358.0,228.74,228.57101,-0.0008736676568232,54.21621832732409,25927.6,0.001267462092040049
2024-11-22 14:00:00,228.75,229.98,4338514.0,228.984,228.71801,0.0055089192025183,60.6649726760121,888767.0,0.0027572916198805187
2024-11-22 15:00:00,229.95,229.5,3852455.0,229.194,228.83201,-0.0020871380120009,47.05082380060905,1657697.8,0.0029319741240261925
2024-11-22 16:00:00,229.5,229.5799,4097089.0,229.33998000000005,228.955,0.0003481481481481,51.20248593999617,2475450.6,0.0028996405095406902
2024-11-22 17:00:00,229.58,230.3901,3603689.0,229.634,229.171,0.0035290545905803,59.54743946010323,3191221.0,0.0031538122420259524
2024-11-22 18:00:00,230.39,229.875,2909013.0,229.86499999999995,229.3025,-0.0022357731517109,63.8297872340428,3760152.0,0.0034333376693724015
2024-11-22 19:00:00,229.87,229.49,2707219.0,229.767,229.3755,-0.0016748232735181,60.92843326885884,3433893.0,0.0024411043691354327
2024-11-22 20:00:00,229.48,229.74,5889268.0,229.815,229.5045,0.0010893720859296,62.846580406654624,3841255.6,0.002309916745543531
2024-11-22 21:00:00,229.87,229.99,2092001.0,229.89702,229.6185,0.0010881866457734,65.88328730528362,3440238.0,0.0023443382470039113
2024-11-22 22:00:00,229.99,229.9187,24056.0,229.80274,229.71837,-0.0003100134788469,62.86282306163036,2724311.4,0.0015358949377762205
2024-11-22 23:00:00,229.94,229.9899,11309.0,229.82572,229.84536000000003,0.0003096746806588,61.93451976633635,2144770.6,0.001152978859223787
2024-11-23 00:00:00,229.91,229.95,3520.0,229.91772,229.84236,-0.0001734858791625,65.36066849629306,1604030.8,0.00066895362333642
2024-11-25 09:00:00,229.88,230.12,26478.0,229.99372,229.90436,0.0007392911502501,63.64828268065185,431472.8,0.0005928515768449542
2024-11-25 10:00:00,230.25,230.7,16948.0,230.13572,230.01637,0.0025204241265426,67.23937550846485,16462.2,0.0011419992490499862
2024-11-25 11:00:00,230.6,230.5,9279.0,230.25198,230.02736,-0.00086692674469,67.23937550846485,13506.8,0.0012745098715279245
2024-11-25 12:00:00,230.5,231.33,84271.0,230.52,230.17286,0.0036008676789588,64.2627731056927,28099.2,0.0018622647513394468
2024-11-25 13:00:00,230.46,231.51,1155359.0,230.832,230.37486,0.0007781091946568,72.67292334070297,258467.0,0.0017357269213007682
2024-11-25 14:00:00,231.55,232.6,6170266.0,231.328,230.66086,0.0047082199473025,77.74450180976353,1487224.6,0.002223209076941603
2024-11-25 15:00:00,232.56,231.895,4510829.0,231.567,230.85136000000003,-0.0030309544282028,64.09742388758806,2386000.8,0.0031737786776918123
2024-11-25 16:00:00,231.89,230.9,3320587.0,231.647,230.94949000000005,-0.0042907350309407,58.8097775638602,3048262.4,0.003959568336164931
2024-11-25 17:00:00,230.89,230.11,3812122.0,231.403,230.9615,-0.0034213945430922,54.98200051427106,3793832.6,0.003759957683600273
2024-11-25 18:00:00,230.105,230.285,2118697.0,231.158,230.99500000000003,0.0007605058450305,54.43276832482017,3986500.2,0.0037578240305497722
2024-11-25 19:00:00,230.28,230.68,2197282.0,230.774,231.051,0.0017152658662093,55.482804653232456,3191903.4,0.0026997151747831754
2024-11-25 20:00:00,230.68,232.88,12836351.0,230.971,231.269,0.0095370209814461,67.5826198477634,4857007.8,0.00549755587524722
2024-11-25 21:00:00,232.87,232.2,3948440.0,231.231,231.439,-0.0029199587770525,62.23767705068711,4982578.4,0.005202747598638421
2024-11-25 22:00:00,232.2,232.25,63264.0,231.659,231.531,0.0002153316106804,62.72123893805321,4232806.8,0.004629238954780776
2024-11-25 23:00:00,232.21,231.3,93551.0,231.862,231.51000000000005,-0.0040904198062432,56.00814663951128,3827777.6,0.005367205275679845
2024-11-26 00:00:00,231.3,231.06,88114.0,231.938,231.356,-0.0010376134889753,51.89873417721526,3405944.0,0.005402649885710348
2024-11-26 09:00:00,231.93,232.7,58485.0,231.902,231.4365,0.0070977235350124,60.07326007326006,850370.8,0.004377509446829006
2024-11-26 10:00:00,232.67,232.6,15637.0,231.982,231.60649999999995,-0.0004297378599054,56.231599607458236,63810.2,0.004117058819004139
2024-11-26 11:00:00,232.6,232.95,45758.0,232.122,231.89050000000003,0.0015047291487532,56.94980694980697,60309.0,0.004146707206942859
2024-11-26 12:00:00,232.93,233.18,73993.0,232.498,232.18,0.00098733633827,53.05263157894744,56397.4,0.0032281279352483166
2024-11-26 13:00:00,233.33,233.37,1349329.0,232.96,232.449,0.0008148211681962,58.20812465219809,308640.4,0.002939630708037758
2024-11-26 14:00:00,233.3899,234.81,7418650.0,233.382,232.642,0.0061704589278827,70.7317073170732,1780673.4,0.0025392111618800645
2024-11-26 15:00:00,234.78,235.1699,7156474.0,233.89598,232.93899,0.001532728589072,78.1108678985322,3208840.8,0.0022406723346577494
2024-11-26 16:00:00,235.17,235.03,3441069.0,234.31198,233.21699,-0.0005948890568053,76.4646171693735,3887903.0,0.0025757151809137195
2024-11-26 17:00:00,235.02,235.0,3445150.0,234.67598,233.58699,-0.0001276432795813,75.11686318286463,4562134.4,0.002706660735134801
2024-11-26 18:00:00,235.005,235.08,2612935.0,235.01798,233.98899,0.0003404255319149,66.97583258742557,4814855.6,0.002747282797975637
2024-11-26 19:00:00,235.07,234.92,2752063.0,235.03998,234.21099,-0.000680619363621,72.8195577032784,3881538.2,0.0009019970246975447
2024-11-26 20:00:00,234.91,235.08,6769599.0,235.022,234.45899000000003,0.0006810829218458,73.3121354904608,3804163.2,0.0005882307562913518
2024-11-26 21:00:00,235.06,235.55,2344595.0,235.12600000000003,234.71899,0.0019993193806363,88.01567140148072,3584868.4,0.0010096395464339535
2024-11-26 22:00:00,235.55,235.41,32983.0,235.208,234.94199000000003,-0.0005943536404161,89.61892965135273,2902435.0,0.0010936108340339967
2024-11-26 23:00:00,235.41,235.4617,21641.0,235.28434,235.15116000000003,0.0002196168387069,85.39279764193181,2384176.2,0.001095185768088449
2024-11-27 00:00:00,235.5935,235.53,23610.0,235.40634,235.22316,0.0002900684060294,87.85725360483646,1838485.6,0.0009485795321326968
2024-11-27 09:00:00,235.5,234.4,41630.0,235.27034000000003,235.14617,-0.0047976903154587,65.59206847606329,492891.8,0.0025415720862529533
2024-11-27 10:00:00,234.34,234.38,21935.0,235.03634,235.08117,-8.532423208195492e-05,63.51412225775891,28359.8,0.002154945782882082
2024-11-27 11:00:00,234.26,234.19,30943.0,234.79234,235.00017000000005,-0.0008106493728133,59.2346502094686,27951.8,0.0021470857718913316
2024-11-27 12:00:00,234.29,234.17,71638.0,234.534,234.90917,-8.540074298650767e-05,39.40327173985049,37951.2,0.002106411758049015
2024-11-27 13:00:00,233.95,233.81,168492.0,234.19,234.79817000000003,-0.0015373446641328,27.484353786549747,66927.6,0.0019587635007241927
2024-11-27 14:00:00,233.8,234.32,4002687.0,234.174,234.72217,0.0021812582866429,39.52802359882016,859139.0,0.001393759869765326
2024-11-27 15:00:00,234.33,234.62,4965775.0,234.22200000000004,234.62917,0.0012803004438375,44.80874316939909,1847907.0,0.0015176879641889166
2024-11-27 16:00:00,234.62,234.3525,2950666.0,234.2545,234.52342,-0.001140141505413,40.545808966861536,2431851.6,0.0015787711228437023
2024-11-27 17:00:00,234.35,234.73,2755811.0,234.3665,234.45025,0.0016108213055119,47.662976629766355,2968686.2,0.001696175857644145
2024-11-27 18:00:00,234.73,234.93,1727100.0,234.5905,234.39025,0.0008520427725472,48.17295980511567,3280407.8,0.0012688412271587741
2024-11-27 19:00:00,234.925,235.06,2000757.0,234.7385,234.45625,0.0005533563189034,43.49269588313409,2880021.8,0.0010692837739920487
2024-11-27 20:00:00,235.065,234.99,3791331.0,234.8125,234.51725,-0.0002977963073257,44.31664411366732,2645133.0,0.0010627012150759797
2024-11-27 21:00:00,234.93,235.01,874790.0,234.944,234.59925,8.511000468097284e-05,43.83479376518416,2229957.8,0.000733295821984484
2024-11-27 22:00:00,235.03,235.0981,4665.0,235.01762,234.69206,0.0003748776647802,44.136732643696696,1679728.6,0.00044078672648606833
2024-11-27 23:00:00,235.07,235.15,6578.0,235.06162,234.82606,0.0002207589087279,64.3953934740882,1335624.2,0.00032251485335746307
2024-11-28 00:00:00,235.13,235.2,8430.0,235.08962,234.91406,0.0002126302360194,65.5597722960151,937158.8,0.00025468730932090214
2024-11-29 09:00:00,235.37,235.07,8569.0,235.10562,234.95906,-0.0005527210884353,67.08737864077668,180606.4,0.0003619442037096697
2024-11-29 10:00:00,234.94,234.8,5210.0,235.06362,235.00381,-0.001148594035819,61.15044247787669,6690.4,0.0006518706119375703
2024-11-29 11:00:00,234.63,234.42,5589.0,234.92800000000005,234.97281,-0.001618398637138,60.720562390157916,6875.2,0.0008172752235213764
2024-11-29 12:00:00,234.41,234.58,24064.0,234.814,234.93781,0.0006825356198277,55.210420841683685,10372.4,0.0009459602250824241
2024-11-29 13:00:00,234.56,234.31,83700.0,234.636,234.86281,-0.0011509932645579,43.711967545638984,25426.4,0.0008894625984778498
2024-11-29 14:00:00,234.39,235.64,3505466.0,234.75,234.92781,0.0056762408774699,68.24946846208353,724805.8,0.0030313916590780075
2024-11-29 15:00:00,235.63,235.81,3386842.0,234.952,235.00781,0.0007214394839586,66.26506024096395,1401132.2,0.002891081073541859
2024-11-29 16:00:00,235.82,237.06,4497316.0,235.48,235.204,0.0053008778253678,74.37070938215095,2299477.6,0.0030580671950577827
2024-11-29 17:00:00,237.06,237.34,6367294.0,236.032,235.423,0.0011811355774909,75.22123893805306,3568123.6,0.00300195248182529
2024-11-29 18:00:00,237.33,237.33,6198678.0,236.636,235.636,-4.213364793119956e-05,76.23318385650224,4791119.2,0.0027053538445108065
2024-11-29 21:00:00,237.4,237.4897,32972.0,237.00594,235.87797,0.0006729027093076,76.9550188055743,4096620.4,0.002132746380530854
2024-12-02 09:00:00,237.1,237.17,15376.0,237.27794,236.11497,-0.0013461636441496,71.44246890070983,3422327.2,0.0025055108414235943
2024-12-02 10:00:00,237.15,237.17,9549.0,237.29994,236.38997,0.0,71.13235971042367,2524773.8,0.0009511083238634612
2024-12-02 11:00:00,237.19,237.18,12969.0,237.26794,236.64997,4.21638487161923e-05,70.88872009115076,1253908.8,0.0007378786694283847
2024-12-02 12:00:00,237.25,237.42,111923.0,237.28594,236.96097,0.0010118897040221,74.22980162494308,36557.8,0.0009030022941131519
2024-12-02 13:00:00,237.75,237.244,787992.0,237.2368,237.12137,-0.0007413023334175,75.69710224166178,187561.8,0.000890757545806091
2024-12-02 14:00:00,237.28,239.305,5865715.0,237.6638,237.47087,0.0086872586872587,87.94823193089307,1357629.6,0.0039001171632534228
2024-12-02 15:00:00,239.28,240.09,7516759.0,238.2478,237.77387,0.0032803326299074,89.01492621859686,2859071.6,0.0037961464280328668
2024-12-02 16:00:00,240.09,239.9558,4359150.0,238.80296,238.03545,-0.0005589570577699,90.76036733279449,3728307.8,0.003899810412081373
2024-12-02 17:00:00,239.95,239.5101,2368102.0,239.22098,238.25346,-0.0018574254091795,82.0303577044676,4179543.6,0.004330650828335748
2024-12-02 18:00:00,239.51,239.1488,3716850.0,239.60194,238.41937,-0.0015084958838896,76.78496935468341,4765315.2,0.0044533701077174425
2024-12-02 19:00:00,239.1401,239.64,2319516.0,239.66894,238.66637,0.0020539513474455,73.56680916365224,4056075.4,0.002270464458613151
2024-12-02 20:00:00,239.64,239.6,5182548.0,239.57094,238.90937,-0.0001669170422299,71.59043142649702,3589233.2,0.0015373709491049116
2024-12-02 21:00:00,239.59,239.88,1614586.0,239.55578,239.17937,0.0011686143572621,73.16581271121761,3040320.4,0.0016821542820125751
2024-12-02 22:00:00,239.84,239.7245,15705.0,239.59866,239.40982,-0.0006482407870601,70.31784129754902,2569841.0,0.0014270953321933212
2024-12-02 23:00:00,239.704,239.75,12719.0,239.7189,239.66042,0.0001063721063136,74.78195719829435,1829014.8,0.0010931548536636541
2024-12-03 00:00:00,239.72,239.68,5622.0,239.72690000000003,239.69792,-0.0002919708029196,73.78966523865525,1366236.0,0.0006900477623756045
2024-12-03 09:00:00,240.0,239.98,35106.0,239.8029,239.68692,0.0012516688918557,75.1554245876309,336747.6,0.0008581596383268175
2024-12-03 10:00:00,239.97,239.81,11344.0,239.7889,239.67234,-0.0007083923660304,71.74545983913859,16099.2,0.0008013094728876924
2024-12-03 11:00:00,239.8,240.13,12941.0,239.87,239.73433,0.001334389725199,75.58782849239304,15546.4,0.0009182910963873797
2024-12-03 12:00:00,240.15,240.15,23241.0,239.95,239.83445,8.328821888148183e-05,61.741329479768964,17650.8,0.0009198061315883227
2024-12-03 13:00:00,240.04,240.1795,636456.0,240.0499,239.8884,0.0001228398917342,51.57409687291128,143817.6,0.0008664117779506546
2024-12-03 14:00:00,240.15,240.89,4637920.0,240.2319,240.0174,0.0029582041764596,63.661090313523545,1064380.4,0.0014302180282697835
2024-12-03 15:00:00,240.86,241.1905,5581530.0,240.508,240.14845,0.0012474573456764,75.66279780085576,2178417.6,0.0011732464405736335
2024-12-03 16:00:00,241.19,241.41,3391807.0,240.764,240.31699999999995,0.0009100690118392,86.09603473596921,2854190.8,0.0011718508933535965
2024-12-03 17:00:00,241.41,241.6686,2461185.0,241.06771999999995,240.50886,0.0010712066608674,84.98068699131012,3341779.6,0.0010410647623995495
2024-12-03 18:00:00,241.6601,241.725,2233080.0,241.37682,240.71336,0.0002333774433252,86.43689986282654,3661104.4,0.001011583920880447
2024-12-03 19:00:00,241.725,242.38,3736521.0,241.67482,240.95336,0.0027096907642982,87.98237617745436,3480824.6,0.0009097420156812186
2024-12-03 20:00:00,242.38,242.63,5328245.0,241.96272,241.23536,0.0010314382374783,92.91094373061632,3430167.6,0.0009140835706513711
2024-12-03 21:00:00,242.65,242.85,1728682.0,242.25072,241.50736,0.0009067304125623,93.29608938547531,3097542.6,0.0009143414146250555
2024-12-03 22:00:00,242.88,242.81,19702.0,242.479,241.77336,-0.000164710726786,94.08450704225402,2609246.0,0.001102374689345256
2024-12-03 23:00:00,242.8,242.8007,29906.0,242.69414,242.03548,-3.8301552654322674e-05,93.27156137821072,2168611.2,0.0011517065966259472
2024-12-04 00:00:00,242.8166,243.0,23303.0,242.81814,242.24648,0.0008208378311923,98.50088183421552,1425967.6,0.0005660775089252419
2024-12-04 09:00:00,242.76,243.24,28853.0,242.94014,242.45143,0.0009876543209876,98.46350433210783,366089.2,0.0005562716002280973
2024-12-04 10:00:00,243.2,243.35,7171.0,243.04014,242.64543000000003,0.0004522282519321,98.50542654459503,21787.0,0.0005088001282205095
2024-12-04 11:00:00,243.42,243.0,30318.0,243.07814,242.77857000000003,-0.0014382576535853,88.96687021635253,23910.2,0.0009747841459658406
2024-12-04 12:00:00,243.01,243.08,38132.0,243.134,242.91407,0.0003292181069959,86.63922907046833,25555.4,0.0009702373517954984
2024-12-04 13:00:00,242.99,243.28,304129.0,243.19,243.00407,0.0008227743952607,86.17430144385634,81720.6,0.0009705323492926245
2024-12-04 14:00:00,243.28,243.555,4499297.0,243.253,243.09657,0.0011303847418612,86.43497757847581,975809.4,0.0010000129819542475
2024-12-04 15:00:00,243.54,243.465,5308418.0,243.276,243.15807,-0.000369526390343,82.36756756756793,2036058.8,0.0010275211703684975
2024-12-04 16:00:00,243.47,242.5,6750454.0,243.176,243.12707,-0.0039636087322613,60.519600390922044,3380086.0,0.002065716237318276
2024-12-04 17:00:00,242.48,242.3687,3283298.0,243.03374,243.08387,-0.0005414432989691,49.821196873318684,4029119.2,0.0020240858445621794
2024-12-04 18:00:00,242.365,242.51,2182576.0,242.87974,243.03487,0.0005829960716874,48.03356056633448,4404808.6,0.0019848756133855703
2024-12-04 19:00:00,242.525,242.9101,3382379.0,242.75076,243.00188000000003,0.0016498288730362,50.92996626744662,4181425.0,0.0021098549846511367
2024-12-04 20:00:00,242.91,243.02,4966606.0,242.66176,242.96888,0.0004524307552465,53.18066157760825,4113062.6,0.002156822698392121
2024-12-04 21:00:00,243.01,243.0081,841953.0,242.76338,242.96969,-4.8967163196432944e-05,53.13880985531819,2931362.4,0.0008192064198348419
2024-12-04 22:00:00,242.9608,242.9,15011.0,242.86964,242.95169,-0.0004448411390402,48.44362821390785,2277705.0,0.0007915659165291372
2024-12-04 23:00:00,242.95,242.92,11219.0,242.95164,242.91569,8.233841086859534e-05,44.653478580498216,1843433.6,0.0008003024346550582
2024-12-05 00:00:00,242.91,242.75,19097.0,242.91962000000004,242.83518999999995,-0.0006998188704099,40.17231212736697,1170777.2,0.0004512987649756724
2024-12-05 09:00:00,242.53,242.95,27358.0,242.90562,242.78369000000004,0.0008238928939237,49.13870323158528,182927.6,0.0005828995863400251
2024-12-05 10:00:00,242.99,243.0,11414.0,242.904,242.83369,0.0002058036633052,48.60753324514356,16819.8,0.000594842725871113
2024-12-05 11:00:00,243.0,243.0,9032.0,242.924,242.89682,0.0,44.761655316919864,15624.0,0.0005439890374655097
2024-12-05 12:00:00,243.03,243.14,13427.0,242.968,242.95982,0.0005761316872427,41.822982345522924,16065.6,0.000587081387827185
2024-12-05 13:00:00,243.08,243.01,280214.0,243.02,242.96981,-0.0005346713827424,41.173960273122006,68289.0,0.0005266593900629413
2024-12-05 14:00:00,243.05,243.47,5256946.0,243.124,243.01481,0.0018929262170281,73.40055968348938,1114206.6,0.0009120366239979749
2024-12-05 15:00:00,243.455,242.35,4680045.0,242.994,242.949,-0.004600156076724,49.694574200503126,2047932.8,0.002446484280432615
2024-12-05 16:00:00,242.37,242.63,4021402.0,242.92,242.922,0.0011553538271095,51.87500000000008,2850406.8,0.002561297431643955
2024-12-05 17:00:00,242.625,242.89,3411363.0,242.87,242.919,0.0010715904875736,49.671557894048604,3529994.0,0.0026128337206320217
2024-12-05 18:00:00,242.89,243.215,2537899.0,242.911,242.9655,0.0013380542632468,52.97709923664114,3981531.0,0.002686586589373206
2024-12-05 19:00:00,243.2299,243.115,2809476.0,242.84,242.982,-0.0004111588512221,51.58930748416635,3492037.0,0.0025092657882614367
2024-12-05 20:00:00,243.12,243.08,6115986.0,242.986,242.99,-0.0001439647903255,52.73556231003053,3779225.2,0.0008141630496285974
2024-12-05 21:00:00,243.04,242.9,464964.0,243.04,242.98,-0.0007404969557347,49.7101449275365,3067937.6,0.0009258237716700187
2024-12-05 22:00:00,242.8247,242.86,23945.0,243.034,242.952,-0.0001646768217373,51.65662650602431,2390454.0,0.0007988479505549055
2024-12-05 23:00:00,242.86,242.95,17983.0,242.981,242.946,0.0003705838754837,50.0,1886470.8,0.00040775879703331905
2024-12-06 00:00:00,242.92,242.93,1915.0,242.944,242.892,-8.232146532200787e-05,48.899371069182486,1324958.6,0.0003951274430130436
2024-12-06 09:00:00,242.97,242.89,6341.0,242.906,242.946,-0.0001646564854074,48.29192546583828,103029.6,0.00039512831017048415
2024-12-06 10:00:00,242.73,242.72,2544.0,242.87,242.955,-0.000699905306929,43.53846153846167,10545.6,0.0003802623232504542
2024-12-06 11:00:00,242.69,242.53,4205.0,242.804,242.919,-0.000782794990112,42.749244712991036,6597.6,0.0004755073404424957
2024-12-06 12:00:00,242.62,242.85,18747.0,242.784,242.8825,0.0013194244011049,40.22082018927425,6750.4,0.0008431700782666535
2024-12-06 13:00:00,242.79,242.87,141199.0,242.772,242.85800000000003,8.23553633930831e-05,62.56038647343041,34607.2,0.0008463670502735951
2024-12-06 14:00:00,242.86,243.64,4835330.0,242.922,242.914,0.0031704203895087,69.72656250000024,1000405.0,0.001657774273257061
2024-12-06 15:00:00,243.67,243.5986,4387352.0,243.09772,242.98386,-0.0001699228369725,65.13197232425125,1877366.6,0.001566902988892986
2024-12-06 16:00:00,243.6,243.65,2787672.0,243.32172,243.06286,0.0002110028546962,60.51842537963099,2434060.0,0.0013798689964048066
2024-12-06 17:00:00,243.66,243.06,2814121.0,243.36372,243.07386,-0.002421506258978,48.92485729924137,2993134.8,0.0019901782367087962
2024-12-06 18:00:00,243.05,243.63,1886387.0,243.51572,243.14386,0.0023450999753147,58.8916192446973,3342172.4,0.0022092071454022544
2024-12-06 19:00:00,243.62,242.9601,3673564.0,243.37974000000003,243.15087000000003,-0.0027496613717521,50.838752895860765,3109819.2,0.0020884197891340686
2024-12-06 20:00:00,242.95,242.86,5812992.0,243.23202,243.16487,-0.0004120018060578,50.0,3394947.2,0.0020799919086563474
2024-12-06 21:00:00,242.84,242.55,888681.0,243.01202,243.16687,-0.0012764555711109,44.82240861551227,3015149.0,0.0020400196797482634
2024-12-06 22:00:00,242.58,242.37,18195.0,242.87402000000003,243.11887,-0.0007421150278293,43.03967385900358,2455963.8,0.0018575759639149778
2024-12-06 23:00:00,242.37,242.41,6883.0,242.63002,243.07287,0.0001650369270123,44.03400616486032,2080063.0,0.0011076161322858718
2024-12-07 00:00:00,242.4,242.3025,8662.0,242.4985,242.93912,-0.0004434635534837,44.72893467666594,1347082.6,0.0005258281534365383
2024-12-09 09:00:00,242.69,242.83,43223.0,242.4925,242.86226,0.0021770307776436,53.49015775513071,193128.8,0.0013360908714586826
2024-12-09 10:00:00,242.85,242.76,9682.0,242.53450000000004,242.77326,-0.0002882675122514,48.88828499431785,17329.0,0.0011668795179136078
2024-12-09 11:00:00,242.79,242.75,20249.0,242.6105,242.74226000000004,-4.119294776730477e-05,48.514042300262446,17739.8,0.0010672057850078327
2024-12-09 12:00:00,242.67,242.46,30310.0,242.6205,242.62526000000005,-0.0011946446961894,33.41671819663847,22425.2,0.0012687906669529654
2024-12-09 13:00:00,242.6314,242.57,70283.0,242.674,242.58625,0.0004536830817453,35.817891021398324,34749.4,0.0012462288863579933
2024-12-09 14:00:00,242.5779,243.93,4200794.0,242.894,242.69325000000003,0.0056066290143052,52.83687943262413,866263.6,0.0026942834636592113
2024-12-09 15:00:00,243.92,246.04,6438273.0,243.55,243.04225,0.008650022547452,73.08288148721928,2151981.8,0.004230232447663463
2024-12-09 16:00:00,246.03,246.88,5884099.0,244.37600000000003,243.49325,0.0034140790115428,74.16356877323432,3324751.8,0.0039440684375805415
2024-12-09 17:00:00,246.87,246.219,3569839.0,245.12780000000004,243.87415,-0.0026774141283214,74.26184839415725,4032657.6,0.004403564759090189
2024-12-09 18:00:00,246.205,246.735,2419604.0,245.9608,244.3174,0.0020956952956515,77.1662927650028,4502521.8,0.004215054424470727
2024-12-09 19:00:00,246.73,246.4266,2203846.0,246.46012,244.67706,-0.0012499240075384,77.18360821272293,4103132.2,0.004434551231340038
2024-12-09 20:00:00,246.425,246.82,6684749.0,246.61612,245.08306,0.0015964185684499,80.29766605844384,4152427.4,0.0025152663607849583
2024-12-09 21:00:00,246.75,247.27,1550787.0,246.69412,245.53506,0.001823190989385,81.33947225876348,3285765.0,0.002150060765511945
2024-12-09 22:00:00,247.26,247.25,41647.0,246.90032,246.01406,-8.08832450358322e-05,82.26784759271075,2580126.6,0.0014432051561730315
2024-12-09 23:00:00,247.2,247.0345,15476.0,246.96022,246.46051000000003,-0.0008715874620828,78.5853174333382,2099301.0,0.0014057713240939389
2024-12-10 00:00:00,247.02,247.24,36209.0,247.1229,246.79151,0.0008318676136329,79.90734064995071,1665773.6,0.0011351320880294816
2024-12-10 09:00:00,246.6,247.04,25988.0,247.16690000000003,246.89151,-0.0008089305937551,77.93041485455335,334021.4,0.0011485730216823926
2024-12-10 10:00:00,247.04,247.08,13682.0,247.1289,246.91151,0.0001619170984456,81.09101187111341,26600.4,0.0007108004883223745
2024-12-10 11:00:00,247.09,247.15,16756.0,247.1089,247.00461,0.0002833090497004,80.9886600449266,21622.2,0.0007382357462869227
2024-12-10 12:00:00,247.22,247.8,48459.0,247.262,247.11111,0.0026299817924337,78.96793317165164,28218.8,0.0012698383150879645
2024-12-10 13:00:00,247.2,247.33,705327.0,247.28000000000003,247.20145,-0.0018966908797417,62.798126909798036,162042.4,0.0016768848768190189
2024-12-10 14:00:00,247.38,247.655,5031732.0,247.403,247.28495000000004,0.0013140338818582,58.56391442715696,1163191.2,0.0016661966186887031
2024-12-10 15:00:00,247.64,245.8885,4216636.0,247.1647,247.14680000000004,-0.0071329066645131,47.06498765607519,2003782.0,0.0038271132142499373
2024-12-10 16:00:00,245.885,246.4,3086316.0,247.0147,247.0618,0.0020802111526159,47.02264566817159,2617694.0,0.004050929240892772
2024-12-10 17:00:00,246.41,246.85,2245035.0,246.8247,247.04335,0.0018262987012986,53.670631480389645,3057009.2,0.0039039513964465385
2024-12-10 18:00:00,246.8513,247.6117,2354013.0,246.88104000000004,247.08052000000004,0.0030856795624874,56.45158661603412,3386746.4,0.004168745971239475
2024-12-10 19:00:00,247.62,248.03,3079114.0,246.95604,247.17952,0.0016893385894123,56.225425950196474,2996222.8,0.004196326979954209
2024-12-10 20:00:00,248.03,247.8,5880820.0,247.33834,247.25152,-0.0009273071805829,54.35540069686418,3329059.6,0.0014893152036865814
2024-12-10 21:00:00,247.77,247.895,2166490.0,247.63734,247.32602000000003,0.0003833736884584,56.94679906353433,3145094.4,0.0015312695332590938
2024-12-10 22:00:00,247.9,247.82,17022.0,247.83134,247.32802,-0.000302547449525,54.78311067128468,2699491.8,0.0016114443258252772
2024-12-10 23:00:00,247.82,247.77,19657.0,247.863,247.37202,-0.0002017593414574,56.172839506172984,2232620.6,0.0009887845120709379
2024-12-11 00:00:00,247.77,247.7,15153.0,247.79700000000005,247.37652,-0.0002825200791057,55.21622076392373,1619828.4,0.00046495933962233105
2024-12-11 09:00:00,247.72,247.53,16728.0,247.743,247.54067,-0.0006863140896244,53.14413370842293,447010.0,0.0003848841577969966
2024-12-11 10:00:00,247.54,247.48,10700.0,247.66,247.64867000000004,-0.0002019957176908,47.06044460775289,15852.0,0.0002016631524092949
2024-12-11 11:00:00,247.49,247.45,6805.0,247.586,247.70867,-0.0001212219169225,51.19928043174071,13808.6,0.00022402797393240598
2024-12-11 12:00:00,247.49,247.47,17888.0,247.526,247.6945,8.082440897155075e-05,48.031077054065555,13454.8,0.00028260390687681445
2024-12-11 13:00:00,247.4892,248.06,230953.0,247.598,247.69750000000005,0.002384127368974,80.83203180462856,56614.8,0.0012034814542349066
2024-12-11 14:00:00,248.0,249.305,5595906.0,247.953,247.848,0.0050189470289446,84.13631022326656,1172450.4,0.0022738101959503543
2024-12-11 15:00:00,249.305,250.1405,5765968.0,248.4851,248.07255,0.0033513166603156,85.45415364723614,2323504.0,0.0021890929472998836
2024-12-11 16:00:00,250.15,249.51,4809189.0,248.8971,248.24155,-0.0025205834321112,71.04872153105767,3283980.8,0.002942722727172135
2024-12-11 17:00:00,249.52,249.22,2252533.0,249.2471,248.38655,-0.0011622780650073,63.581374115498626,3730909.8,0.0031546846522446047
2024-12-11 18:00:00,249.225,248.3711,2606927.0,249.30932,248.45366,-0.0034062274295802,55.71111422228443,4206104.6,0.0037215415933207767
2024-12-11 19:00:00,248.375,247.815,2931402.0,249.01132,248.48216,-0.0022389883525096,49.267533418787664,3673203.8,0.0026648956425122795
2024-12-11 20:00:00,247.815,246.43,7238644.0,248.26922,248.37716,-0.0055888465185722,39.735637276621,3967739.0,0.0016622249827958709
2024-12-11 21:00:00,246.49,246.49,1370530.0,247.66522,248.28116,0.0002434768494095,40.561864031853744,3280007.2,0.0022204961439100785
2024-12-11 22:00:00,246.66,246.79,535922.0,247.17922,248.21316,0.0012170879143169,43.51019825987735,2936685.0,0.0027516809725751123
2024-12-11 23:00:00,246.79,246.42,31389.0,246.789,248.04916,-0.0014992503748126,42.303425322424,2421577.4,0.002629647362542282
2024-12-12 00:00:00,246.5648,246.41,29505.0,246.508,247.75966,-4.058112166216584e-05,42.53939478454892,1841198.0,0.0026739337278333278
2024-12-12 09:00:00,247.5,247.0,31814.0,246.622,247.44561,0.0023943833448317,47.08963911525036,399832.0,0.0014535388795694044
2024-12-12 10:00:00,247.01,247.78,43521.0,246.88,247.27261000000004,0.0031578947368421,51.82546225415147,134430.2,0.0018685867694356263
2024-12-12 11:00:00,247.64,247.19,21080.0,246.96,247.06961,-0.0023811445637258,44.87692851254266,31461.8,0.0024027270684108698
2024-12-12 12:00:00,247.2,246.64,50334.0,247.004,246.8965,-0.00222500910231,32.90790148794238,35250.8,0.002557514946470667
2024-12-12 13:00:00,247.05,246.65,1064289.0,247.052,246.78000000000003,4.054492377562166e-05,24.96234129545951,242207.6,0.0025560138068620236
2024-12-12 14:00:00,246.7,246.56,4007439.0,246.964,246.793,-0.0003648895195621,27.06065318818051,1037332.6,0.0022416053236837554
2024-12-12 15:00:00,246.58,248.04,5455818.0,247.016,246.948,0.0060025957170667,42.257217847768985,2119792.0,0.0034116191149836726
2024-12-12 16:00:00,248.05,248.1903,2698095.0,247.21606000000003,247.08803,0.0006059506531205,48.69390585719649,2655195.0,0.0030898372232377137
2024-12-12 17:00:00,248.19,248.55,2227209.0,247.59806,247.30103,0.0014492911286218,55.464684014869974,3090570.0,0.0025822558968938312
2024-12-12 18:00:00,248.54,248.5236,1830942.0,247.97278,247.51239,-0.0001062160531081,69.50655933214034,3243900.6,0.002604395431749322
2024-12-12 19:00:00,248.5209,247.93,1965068.0,248.24678000000003,247.60539,-0.0023885055584257,62.203389830508385,2835426.4,0.0030832355282064978
2024-12-12 20:00:00,247.92,247.94,3792327.0,248.22678,247.62139,4.033396523208529e-05,60.249554367201405,2502728.2,0.0014277276496757853
2024-12-12 21:00:00,247.96,248.05,2355610.0,248.19872,247.70739,0.0004436557231588,65.23364485981315,2434231.2,0.00140997336006375
2024-12-12 22:00:00,248.12,247.58,85191.0,248.00472,247.80139,-0.0018947792783712,60.068846815834796,2005827.6,0.0012702640322705564
2024-12-12 23:00:00,247.45,246.8552,65551.0,247.67104,247.82191,-0.0029275385733904,48.78212891939172,1652749.4,0.0015011685665143402
2024-12-13 00:00:00,246.7801,247.15,18482.0,247.51504,247.88091,0.0011942223619352,44.230346545534594,1263432.2,0.0017181541427862203
2024-12-13 09:00:00,247.12,246.8,42860.0,247.28704,247.75691,-0.0014161440420796,46.26408153881542,513538.8,0.0016997101028206807
2024-12-13 10:00:00,246.77,247.39,16024.0,247.15504,247.67688000000004,0.0023905996758507,57.129819758156465,45621.6,0.002230409576913003
2024-12-13 11:00:00,247.21,248.25,73708.0,247.28904,247.64688,0.0034762924936335,63.09414691632829,43325.0,0.0026610525250478204
2024-12-13 12:00:00,248.25,249.5,125485.0,247.818,247.74452,0.0050352467270896,70.22119511389889,55311.8,0.002437801722544938
2024-12-13 13:00:00,248.49,248.88,226495.0,248.164,247.83952,-0.0024849699398797,56.55267099350972,96914.4,0.0032222257638604554
2024-12-13 14:00:00,248.71,248.37,3884045.0,248.478,247.88252000000003,-0.0020491803278688,51.3273159706321,865151.4,0.0033696159164284677
2024-12-13 15:00:00,248.37,247.22,3995570.0,248.444,247.79952,-0.0046301888311793,41.203238266574886,1661060.6,0.004158303554286451
2024-12-13 16:00:00,247.24,246.715,3526395.0,248.137,247.71302,-0.0020427149906965,38.7499688985097,2351598.0,0.0036647311341501693
2024-12-13 17:00:00,246.71,246.58,2304811.0,247.553,247.6855,-0.0005471900776198,41.09451686104811,2787463.2,0.001470757845145372
2024-12-13 18:00:00,246.585,247.85,2260559.0,247.347,247.7555,0.0051504582691215,49.4909271912756,3194276.0,0.0036484305374073485
2024-12-13 19:00:00,247.845,247.87,2291274.0,247.247,247.8625,8.069396812592388e-05,48.97138154887077,2875721.8,0.003593511661241801
2024-12-13 20:00:00,247.87,248.11,3660099.0,247.425,247.9345,0.0009682494856174,53.11047467017231,2808627.6,0.0027082119220654542
2024-12-13 21:00:00,248.13,247.65,1982368.0,247.612,247.8745,-0.0018540163637096,54.814168726074584,2499822.2,0.0026609573062837937
2024-12-13 22:00:00,247.67,247.79,905160.0,247.854,247.7035,0.0005653139511406,53.95061728395056,2219892.0,0.0025692996108802025
2024-12-13 23:00:00,247.8,247.8,4701.0,247.844,247.5955,4.035675370281015e-05,56.44329896907217,1768720.4,0.0010833572290374204
2024-12-14 00:00:00,247.77,248.0,15510.0,247.87,247.5585,0.0008071025020177,54.138398914518405,1313567.6,0.0011502129790685433
2024-12-16 09:00:00,248.23,248.5,10006.0,247.948,247.6865,0.002016129032258,51.78316690442225,583549.0,0.0014123316560908906
2024-12-16 10:00:00,248.57,248.72,13328.0,248.162,247.887,0.0008853118712273,43.478260869565204,189741.0,0.0007243424062122085
2024-12-16 11:00:00,248.69,248.74,8162.0,248.352,248.103,8.041170794471789e-05,48.69888475836444,10341.4,0.0008023927760099803
2024-12-16 12:00:00,248.7,248.73,30908.0,248.538,248.19100000000003,-4.0202621210980645e-05,53.68852459016376,15582.8,0.0008211913718379777
2024-12-16 13:00:00,248.7,248.19,199311.0,248.576,248.223,-0.0021710288264382,61.35831381733017,52343.0,0.001537142677761556
2024-12-16 14:00:00,248.21,248.605,4776495.0,248.597,248.27250000000004,0.0016721060477859,72.60765550239215,1005640.8,0.0014374253895253102
2024-12-16 15:00:00,248.615,249.31,4312778.0,248.715,248.43850000000003,0.0028358238973472,78.73684210526288,1865530.8,0.0018992862925849743
2024-12-16 16:00:00,249.3,250.275,4426099.0,249.022,248.68700000000004,0.0038706830853154,77.27784026996608,2749118.2,0.0023941432004559024
2024-12-16 17:00:00,250.275,251.2859,3601868.0,249.53318,249.03559,0.0040391569273798,81.41982008499028,3463310.2,0.0025420974334804196
2024-12-16 18:00:00,251.2863,250.86,2863675.0,250.06718,249.32159,-0.0016948822038959,74.45835853285422,3996183.0,0.0023458140043035153
2024-12-16 19:00:00,250.86,250.81,3269318.0,250.50818,249.55259,-0.0001993143586064,80.31582178901714,3694747.6,0.002577863963896441
2024-12-16 20:00:00,250.81,251.04,5338054.0,250.85418,249.78459000000004,0.0009170288266017,80.64996793541808,3899802.8,0.002521799011564115
2024-12-16 21:00:00,251.04,251.2,1059542.0,251.03918,250.03059,0.0006373486297004,81.18236178876685,3226491.4,0.0021057822575104137
2024-12-16 22:00:00,251.17,251.07,45057.0,250.996,250.26459,-0.0005175159235668,78.52205581775608,2515129.2,0.0010344473287360431
2024-12-16 23:00:00,251.08,250.87,33412.0,250.998,250.53259,-0.000796590592265,73.3185091896573,1949076.6,0.000739750831809624
2024-12-17 00:00:00,250.81,251.0,12540.0,251.036,250.77209,0.000518196675569,72.83745342361482,1297721.0,0.0007587831734230332
2024-12-17 09:00:00,250.29,250.47,15400.0,250.92200000000005,250.88809,-0.0021115537848605,65.72212730379147,233190.2,0.0011186035201365227
2024-12-17 10:00:00,250.46,250.46,11331.0,250.774,250.90659,-3.992494111067555e-05,65.72212730379181,23548.0,0.000986628173706341
2024-12-17 11:00:00,250.42,250.14,8681.0,250.588,250.792,-0.0012776491256089,68.45961603998634,16272.8,0.0010303617701144592
2024-12-17 12:00:00,250.16,250.16,17735.0,250.446,250.722,7.99552250739995e-05,65.91020708848336,13137.4,0.0010914069292748342
2024-12-17 13:00:00,250.28,250.4999,116229.0,250.34598,250.69099,0.0013587304125359,63.15766194130525,33875.2,0.0013372368718725196
2024-12-17 14:00:00,250.5,252.04,5448135.0,250.65998,250.79099,0.0061481062467489,67.31478574792021,1120422.2,0.0028907228539487074
2024-12-17 15:00:00,252.04,252.36,4378981.0,251.03998,250.90699,0.0012696397397239,62.18933702535254,1993952.2,0.002802165908645282
2024-12-17 16:00:00,252.365,253.075,4549917.0,251.62698,251.10749,0.0028332540814708,73.5889243876462,2902199.4,0.002343145053832947
2024-12-17 17:00:00,253.08,252.915,3209647.0,252.17798,251.31199,-0.0006322236491158,71.90426638917793,3540581.8,0.0025289942670006648
2024-12-17 18:00:00,252.9,253.335,3215747.0,252.745,251.54549000000003,0.001660636972896,72.97297297297311,4160485.4,0.002507534286213043
2024-12-17 19:00:00,253.3301,253.24,2790910.0,252.985,251.82249,-0.0003749975329109,70.68965517241398,3629040.4,0.0014502467532828288
2024-12-17 20:00:00,253.24,253.48,8123823.0,253.209,252.12449,0.000947717580161,73.90873015873017,4378008.8,0.00143968607116901
2024-12-17 21:00:00,253.48,253.36,803419.0,253.266,252.44649,-0.0004734101309767,75.1008064516131,3628709.2,0.0010205364852078032
2024-12-17 22:00:00,253.36,253.36,137830.0,253.355,252.76649000000003,0.0,74.4306418219464,3014345.8,0.0009221091934732922
2024-12-17 23:00:00,253.3,253.1,31566.0,253.308,253.02650000000003,-0.0010262077676034,78.83771929824556,2377509.6,0.0007321515161617273
2024-12-18 00:00:00,253.22,253.39,15725.0,253.338,253.1615,0.0011457921770051,80.26859504132207,1822472.6,0.0009243492780179933
2024-12-18 09:00:00,253.6,253.3,13215.0,253.302,253.25550000000004,-0.0003551837089071,84.27331887201794,200351.0,0.0008086525582493371
2024-12-18 10:00:00,253.36,253.42,8178.0,253.314,253.29,0.000473746545598,84.60721868365228,41302.8,0.0008223731710035358
2024-12-18 11:00:00,253.45,253.16,7544.0,253.274,253.3145,-0.0010259648015152,78.72616142200006,15245.6,0.0009545949174298594
2024-12-18 12:00:00,253.21,253.35,31083.0,253.324,253.316,0.0007505135092431,69.96951219512249,15149.0,0.0008780260754777842
2024-12-18 13:00:00,253.28,252.421,181132.0,253.1302,253.2341,-0.0036668640221038,50.784263306762405,48230.4,0.0017669281757132726
2024-12-18 14:00:00,252.4207,252.02,4675560.0,252.87420000000003,253.0881,-0.001588615844165,35.244755244755154,980699.4,0.0017814936784914493
2024-12-18 15:00:00,252.035,253.4701,4282622.0,252.88422,253.09911,0.0057539084199666,55.704918706707176,1835588.2,0.003559599159033607
2024-12-18 16:00:00,253.52,253.4309,3474868.0,252.9384,253.1062,-0.0001546533496455,51.06928617621483,2529053.0,0.0035151368675626605
2024-12-18 17:00:00,253.43,253.8535,3638959.0,253.0391,253.18155,0.0016675156817893,56.37482075687363,3250628.2,0.003573252095933234
2024-12-18 18:00:00,253.85,254.09,2638366.0,253.3729,253.25155,0.0009316397055782,56.343066300640835,3742075.0,0.0027643156561650228
2024-12-18 19:00:00,254.08,251.05,6000221.0,253.17890000000003,253.02655,-0.0119642646306426,35.05512137052929,4007007.2,0.006653706438437001
2024-12-18 20:00:00,251.02,247.86,13794805.0,252.05688,252.47055,-0.012706632144991,24.813159437279964,5909443.8,0.007236575204467349
2024-12-18 21:00:00,248.05,246.95,2043360.0,250.7607,251.84955,-0.0036714274187042,23.418968915320818,5623142.2,0.006877280002954698
2024-12-18 22:00:00,246.97,246.6095,221482.0,249.3119,251.1755,-0.0013788216238104,20.821248138808144,4939646.8,0.006226625833489774
2024-12-18 23:00:00,246.65,246.77,104793.0,247.84790000000004,250.61040000000003,0.0006508265091166,22.06871182438779,4432932.2,0.006152022821406346
2024-12-19 00:00:00,246.89,247.19,59766.0,247.0759,250.1274,0.0017019897070145,24.01871653293739,3244841.2,0.005759824854292472
2024-12-19 09:00:00,247.89,247.62,74683.0,247.0279,249.54239,0.0017395525708969,27.219270687698383,500816.8,0.0023207438839190895
2024-12-19 10:00:00,247.62,247.73,40150.0,247.1839,248.9723,0.0004442290606573,26.737255161680125,100174.8,0.0012698981895478002
2024-12-19 11:00:00,247.84,247.59,19358.0,247.38,248.34595000000004,-0.0005651313930488,28.60571813221847,59750.0,0.0009628851235145547
2024-12-19 12:00:00,247.59,247.99,73438.0,247.624,247.73595,0.0016155741346581,32.15139865714737,53479.0,0.0010218075840075027
2024-12-19 13:00:00,247.8,247.37,228082.0,247.66,247.36795,-0.0025001008105165,20.83887067012131,87142.2,0.001753250728142288
2024-12-19 14:00:00,247.35,248.69,6653963.0,247.874,247.45095,0.0053361361523224,29.808945409323528,1402998.2,0.002919787704595852
2024-12-19 15:00:00,248.69,250.46,9306137.0,248.42,247.80195,0.0071172946238289,37.03533906399241,3256195.6,0.004002923505973281
2024-12-19 16:00:00,250.46,251.13,4995726.0,249.128,248.254,0.0026750778567435,39.05406404851708,4251469.2,0.003693529910092311
2024-12-19 17:00:00,251.13,250.655,3663181.0,249.661,248.6425,-0.0018914506430931,48.19733479372029,4969417.8,0.004273696088931163
2024-12-19 18:00:00,250.645,251.32,2441173.0,250.451,249.0555,0.0026530490115896,70.51951132724462,5412036.0,0.0034060030764872
2024-12-19 19:00:00,251.33,250.06,2319744.0,250.725,249.2995,-0.0050135285691548,67.70868921535151,4545192.2,0.004675049397532919
2024-12-19 20:00:00,250.06,249.85,5955875.0,250.603,249.5115,-0.0008397984483724,68.73013120628872,3875139.8,0.0032574908315310806
2024-12-19 21:00:00,249.79,250.0686,1706534.0,250.39072,249.75936,0.000874924954973,68.93875020095084,3217301.4,0.002901128734594524
2024-12-19 22:00:00,249.79,249.82,982241.0,250.22372,249.94236,-0.0009941272114932,65.40317668556435,2681113.4,0.0028473405114425795
2024-12-19 23:00:00,249.93,249.3501,18601.0,249.82974,250.14037,-0.0018809542870866,60.08557671007682,2196599.0,0.002167778872382419
2024-12-20 00:00:00,249.45,248.79,44553.0,249.57574,250.15037,-0.002246239323746,55.87114498404823,1741560.8,0.0012112751163071023
2024-12-20 09:00:00,248.01,247.52,58093.0,249.10974,249.85637000000003,-0.005104706780819,49.655416847162634,562004.4,0.0021740957827292226
2024-12-20 10:00:00,247.37,247.64,49060.0,248.62402000000003,249.50737,0.0004848093083386,48.22824282185222,230509.6,0.002054669903686292
2024-12-20 11:00:00,247.6,247.45,44037.0,248.15002,249.18687,-0.0007672427717654,50.423405876873495,42868.8,0.0020833148611580023
2024-12-20 12:00:00,247.48,246.99,135951.0,247.678,248.75387,-0.0018589614063446,40.10154648779578,66338.8,0.0020833959075042268
2024-12-20 13:00:00,246.95,247.68,286407.0,247.456,248.51587,0.002793635369853,31.484441602727856,114709.6,0.0029230539572579132
2024-12-20 14:00:00,247.69,246.8313,18068235.0,247.31826,248.21400000000003,-0.0034265988372093,22.03515528435169,3716738.0,0.0023604027400452184
2024-12-20 15:00:00,246.85,249.95,5254204.0,247.78026,248.20214,0.0126349454060323,46.587476765799174,4757766.8,0.006435277399659431
2024-12-20 16:00:00,249.985,253.115,7194679.0,248.91326,248.53164,0.0126625325065013,56.99554156014225,6187895.2,0.00772924059483446
2024-12-20 17:00:00,253.115,253.3559,4323827.0,250.18644,248.93222,0.00095174130336,63.95326192794547,7025470.4,0.007231784925868902
2024-12-20 18:00:00,253.3608,252.865,3752747.0,251.22344,249.33972,-0.0019375905593672,62.46753891195407,7718738.4,0.00789218488532002
2024-12-20 19:00:00,252.84,253.6028,3348461.0,252.57774,249.948,0.0029177624424099,64.01281461627528,4774783.6,0.006798290838925166
2024-12-20 20:00:00,253.61,254.6,11582497.0,253.50774,250.644,0.003932133241431,67.89029283190624,6040442.2,0.005484705604203899
2024-12-20 21:00:00,254.585,254.95,4542389.0,253.87474000000003,251.394,0.001374705420267,71.14877674801551,5509984.2,0.002238581443224987
2024-12-20 22:00:00,254.95,255.0018,19875404.0,254.20392,252.19518,0.0002031770935478,74.39635535307539,8620299.6,0.002304118892454549
2024-12-20 23:00:00,255.0013,255.31,274524.0,254.69292,252.95818,0.0012086189195527,83.0948577643342,7924655.0,0.0014828043730669416
2024-12-21 00:00:00,255.31,255.35,63230.0,255.04236,253.81005,0.0001566722807566,82.97916025048782,7267608.8,0.0015349352186536354
2024-12-23 09:00:00,255.55,255.38,51024.0,255.19836,254.35305,0.0001174858037987,84.39093779273516,4961314.2,0.0006238343925416738
2024-12-23 10:00:00,255.55,255.1,29644.0,255.22836,254.55155000000005,-0.0010964053567233,85.72939061784095,4058765.2,0.0008174626756547895
2024-12-23 11:00:00,255.09,254.78,25337.0,255.18400000000003,254.69396,-0.0012544100352802,82.33386767706216,88751.8,0.0010153890787081199
2024-12-23 12:00:00,254.79,255.41,51791.0,255.204,254.94846,0.0024727215637019,89.86199526044346,44205.2,0.001491390032242588
2024-12-23 13:00:00,254.93,254.88,213498.0,255.11,255.07618,-0.0020750949453819,80.16471279277533,74258.8,0.0017703009660909254
2024-12-23 14:00:00,254.88,254.9686,5281478.0,255.02772,255.11304,0.0003476145637163,68.18895474349429,1120349.6,0.0017889439889897136
2024-12-23 15:00:00,254.98,253.62,4526531.0,254.73172,254.98004,-0.0052892787582471,52.12877432251628,2019727.0,0.0028882010935556176
2024-12-23 16:00:00,253.6,254.905,2617309.0,254.75672,254.97036000000003,0.0050666351234129,64.57725947521863,2538121.4,0.004004180517466268
2024-12-23 17:00:00,254.9,254.21,3556841.0,254.51672,254.86036000000004,-0.0027265059531982,54.36558150235827,3239131.4,0.003909404600179786
2024-12-23 18:00:00,254.2131,254.2238,2772609.0,254.38548,254.74774,5.428582667874342e-05,46.84977390721837,3750953.6,0.003869986534536613
2024-12-23 19:00:00,254.22,253.93,2317675.0,254.17776000000003,254.60274,-0.0011556746457255,41.37756137147512,3158193.0,0.0038450700425795917
2024-12-23 20:00:00,253.915,255.31,5697115.0,254.51576,254.62374,0.0054345685818926,52.1275714482949,3392309.8,0.0037104946527536454
2024-12-23 21:00:00,255.27,255.12,4003731.0,254.55876000000004,254.65774,-0.0007441933335944,48.66662923871549,3669594.2,0.0031109464164992186
2024-12-23 22:00:00,255.0704,255.12,17843.0,254.74076,254.62874,0.0,48.37680668473358,2961794.6,0.002685643568538854
2024-12-23 23:00:00,255.04,254.7685,13955.0,254.84970000000004,254.61759,-0.0013777830040765,45.87175782779522,2410063.8,0.002845688430626675
2024-12-24 00:00:00,254.77,254.95,17299.0,255.0537,254.61573,0.0007124114637406,48.97369933495713,1949988.6,0.002704350408102874
2024-12-24 09:00:00,255.05,255.53,10761.0,255.0977,254.80673,0.0022749558737007,54.955204947276606,812717.8,0.0014129122167124617
2024-12-24 10:00:00,255.54,255.52,6457.0,255.1777,254.86823,-3.913434821739485e-05,50.79161749042872,13263.0,0.0013313066131917315
2024-12-24 11:00:00,255.57,255.47,5518.0,255.2477,254.99423,-0.0001956793988729,54.56105630971891,10798.0,0.001345647002249123
2024-12-24 12:00:00,255.41,255.3,18625.0,255.354,255.10185,-0.0006654401691,52.53008000977219,11732.0,0.0011504758121448988
2024-12-24 13:00:00,255.0,255.35,49197.0,255.43400000000003,255.24385,0.0001958480219349,66.47430769816776,18111.6,0.0011405138940840157
2024-12-24 14:00:00,255.38,256.765,3640326.0,255.681,255.38935,0.005541413745839,67.28431773408161,744024.6,0.002576282510809598
2024-12-24 15:00:00,256.79,257.55,4851234.0,256.087,255.63235,0.0030572702665862,80.52681607136321,1712980.0,0.002645081218348783
2024-12-24 16:00:00,257.54,257.08,3504100.0,256.409,255.82835,-0.0018248883711901,74.09563339407397,2412696.4,0.0029965378389169494
2024-12-24 17:00:00,257.11,258.21,4387262.0,256.991,256.1725,0.0043955189046211,81.64276208783048,3286423.8,0.0030376777397766648
2024-12-24 18:00:00,258.178,258.2,3538077.0,257.561,256.4975,-3.8728166995820864e-05,76.79399221212657,3984199.8,0.0030793051585208016
2024-12-24 21:00:00,257.82,258.1,12600.0,257.828,256.7545,-0.0003872966692485,78.09730341316255,3258654.6,0.002585406223573377
2024-12-26 09:00:00,258.06,257.85,13387.0,257.88800000000003,256.9875,-0.0009686168151879,74.58130740140481,2291085.2,0.0024219791056932774
2024-12-26 10:00:00,257.75,257.7,11887.0,258.01200000000006,257.2105,-0.0005817335660268,77.3895169578622,1592642.6,0.0022123667339800563
2024-12-26 11:00:00,257.61,257.73,5123.0,257.91600000000005,257.4535,0.0001164144353901,76.73076923076928,716214.8,0.00043295281383554584
2024-12-26 12:00:00,257.8,257.63,24006.0,257.802,257.6815,-0.0003880029488224,72.24576271186409,13400.6,0.00039197749942415335
2024-12-26 13:00:00,257.95,257.93,114330.0,257.768,257.798,0.0011644606606373,74.05189620758443,33746.6,0.0008231409645523852
2024-12-26 14:00:00,257.88,258.7899,5555770.0,257.95598,257.92199,0.0033338502694528,78.521967731404,1142223.2,0.0016059148526585275
2024-12-26 15:00:00,258.76,258.355,3739106.0,258.08698,258.04949,-0.0016805138067597,75.1035366815671,1887667.0,0.0018816293375719486
2024-12-26 16:00:00,258.37,258.89,2475292.0,258.31898,258.11749,0.0020707940624333,76.9414594051568,2381700.8,0.0019800459808810337
2024-12-26 17:00:00,258.8904,258.85,1925581.0,258.56298000000004,258.18249000000003,-0.0001545057746531,70.06814506814547,2762015.8,0.0019445050817290018
2024-12-26 18:00:00,258.844,258.65,1645351.0,258.70698000000004,258.23749000000004,-0.0007726482518835,61.931103301661295,3068220.0,0.002078648248962037
2024-12-26 19:00:00,258.62,259.09,1691646.0,258.767,258.36149,0.0017011405374057,71.9441897026071,2295395.2,0.0016090329212390142
2024-12-26 20:00:00,259.1,259.1,4052836.0,258.916,258.50149,3.859662665501466e-05,62.86201514538463,2358141.2,0.0012391167637364993
2024-12-26 21:00:00,259.02,258.97,940840.0,258.932,258.62549,-0.0005017367811655,60.75479077043454,2051250.8,0.0009680703602077675
2024-12-26 22:00:00,259.01,259.02,18705.0,258.966,258.76449,0.0001930725566666,63.03189982435199,1669875.6,0.0009610757442276898
2024-12-26 23:00:00,259.02,259.12,10697.0,259.06,258.88349000000005,0.0003860705737009,68.78809397005688,1342944.8,0.0008174707969739082
2024-12-27 00:00:00,259.12,259.06,14398.0,259.054,258.9105,-0.0002315529484408,70.66994954100565,1007495.2,0.0003501797416588616
2024-12-27 09:00:00,258.37,258.78,11370.0,258.99,258.953,-0.0010808306955918,64.83134640375093,199202.0,0.0005819891052031814
2024-12-27 10:00:00,258.81,258.9,3148.0,258.976,258.954,0.0004637143519592,67.83808079105543,11663.6,0.0006341611369202709
2024-12-27 11:00:00,258.93,258.95,4407.0,258.962,258.964,0.000193124758594,65.40878602936708,8804.0,0.0006341662199166117
2024-12-27 12:00:00,258.95,259.28,24693.0,258.994,259.027,0.0012743772929136,58.81506529011807,11603.2,0.000869135579314195
2024-12-27 13:00:00,258.9996,258.57,189366.0,258.896,258.975,-0.0027383523603825,53.51882160392757,46596.8,0.001567661529415217
2024-12-27 14:00:00,258.55,256.6197,3753693.0,258.46394,258.72697,-0.0075426383571178,24.60684965214908,795061.4,0.003616717658115662
2024-12-27 15:00:00,256.64,254.95,5916214.0,257.67394,258.32497,-0.0065065152831214,18.03278688524604,1977674.6,0.003919360235493367
2024-12-27 16:00:00,254.95,253.635,4906981.0,256.61094,257.78647,-0.0051578740929593,15.246015246015489,2958189.4,0.0035176106752965062
2024-12-27 17:00:00,253.62,254.5,4562234.0,255.65494,257.32447,0.0034104126007846,19.96073298429353,3865697.6,0.004366070413998507
2024-12-27 18:00:00,254.48,255.3,2488135.0,255.00094,256.94847,0.0031434184675835,27.461447212336836,4325451.4,0.005369383490605175
2024-12-27 19:00:00,255.29,255.465,2244977.0,254.77000000000004,256.61697,0.0006462984723853,29.29710572947417,4023708.2,0.0046605305115991905
2024-12-27 20:00:00,255.4501,255.73,6743683.0,254.926,256.29997,0.0010373240952771,31.04838709677432,4189202.0,0.003453716834454614
2024-12-27 21:00:00,255.59,255.11,839392.0,255.221,255.91597,-0.002424432018144,28.20652173913045,3375684.2,0.0023518802748322015
2024-12-27 22:00:00,255.07,254.95,115370.0,255.311,255.48297,-0.0006271804319706,27.903225806451573,2486311.4,0.002062499650245946
2024-12-27 23:00:00,254.84,254.77,17936.0,255.205,255.10297,-0.0007060207883897,28.20652173913055,1992271.6,0.0013604346915581007
2024-12-28 00:00:00,254.83,254.77,14673.0,255.066,254.91800000000003,0.0,27.257709251101403,1546210.8,0.0012615185462548392
2024-12-30 09:00:00,255.02,254.4,24850.0,254.8,254.863,-0.0014522903010558,25.797872340425485,202444.2,0.0009287327009708777
2024-12-30 10:00:00,254.5,254.49,8893.0,254.676,254.9485,0.0003537735849056,23.85371179039312,36344.4,0.0006970425186545066
2024-12-30 11:00:00,254.43,254.53,7479.0,254.592,254.9515,0.0001571770992966,26.20730270906948,14766.2,0.0007440956929626096
2024-12-30 12:00:00,254.61,252.9,61471.0,254.218,254.7115,-0.0064039602404431,27.2347821829442,23473.2,0.0028495187431789187
2024-12-30 13:00:00,252.87,252.29,204301.0,253.72200000000004,254.394,-0.0024120205614868,31.293952180028114,61398.8,0.002740734258720905
2024-12-30 14:00:00,252.23,251.27,4782782.0,253.096,253.948,-0.0040429664275238,32.648569332355166,1012985.2,0.0028648465987685477
2024-12-30 15:00:00,251.2613,251.69,4680602.0,252.536,253.606,0.0016715087356229,27.943485086342022,1947327.0,0.003227206233406374
2024-12-30 16:00:00,251.685,252.54,3040898.0,252.138,253.365,0.0033771703285787,28.504672897195874,2554010.8,0.004036498810948575
2024-12-30 17:00:00,252.5,253.41,2539682.0,252.24,253.22900000000004,0.0034449988120693,35.578947368420884,3049653.0,0.0034423613375490574
2024-12-30 18:00:00,253.4,253.14,1971416.0,252.41,253.06600000000003,-0.0010654670297147,31.83730715287507,3403076.0,0.0032115439926469055
2024-12-30 19:00:00,253.1201,253.34,2474711.0,252.824,252.96000000000004,0.0007900766374338,36.81073025335314,2941461.8,0.0018919982126825875
2024-12-30 20:00:00,253.348,252.06,5421290.0,252.898,252.717,-0.0050524986184574,31.545338441890223,3089599.4,0.0035395587647332393
2024-12-30 21:00:00,252.2,251.83,1797173.0,252.756,252.44700000000003,-0.0009124811552804,31.345177664974628,2840854.4,0.0030993951767458424
2024-12-30 22:00:00,251.83,252.22,38631.0,252.51800000000003,252.379,0.0015486637811221,34.582829504232066,2340644.2,0.0025551782217304525
2024-12-30 23:00:00,252.24,251.8679,85537.0,252.26358,252.33679,-0.0013960034890175,34.65784466984151,1963468.4,0.002563551533144782
2024-12-31 00:00:00,251.865,251.87,21619.0,251.96958,252.39679,8.337704010764648e-06,33.95433722838732,1472850.0,0.0024479776356654643
2024-12-31 09:00:00,252.14,253.25,15765.0,252.20758,252.55279,0.0054790169531901,43.26613497190715,391745.0,0.0027717137407643816
2024-12-31 10:00:00,253.2,253.08,5751.0,252.45758,252.60679,-0.0006712734452121,51.11881852763486,33460.6,0.0027331214366683016
2024-12-31 11:00:00,253.1,253.2,9127.0,252.65358,252.58579,0.0004741583688951,56.02313944560643,27559.8,0.0027207968171657987
2024-12-31 12:00:00,253.09,252.8,40693.0,252.84,252.55179,-0.0015797788309635,61.032274811802466,18591.0,0.002758501760336059
2024-12-31 13:00:00,253.15,252.31,82844.0,252.92800000000005,252.44879,-0.0019382911392405,54.42591587904405,30836.0,0.0030135325643919036
2024-12-31 14:00:00,252.3,252.269,3374167.0,252.7318,252.46969,-0.000162498513733,47.81282283057861,702516.4,0.0009933815606964378
2024-12-31 15:00:00,252.25,251.8185,2770592.0,252.4795,252.46854,-0.0017857921504426,36.2224492269335,1255484.6,0.0010849588164595675
2024-12-31 16:00:00,251.83,251.315,2029159.0,252.1025,252.37804,-0.0019994559573661,34.8149504093723,1659491.0,0.0007612939175987813
2024-12-31 17:00:00,251.32,250.67,2828776.0,251.6765,252.25825,-0.0025665002089012,29.31579436645879,2217107.6,0.0009038943154415624
2024-12-31 18:00:00,250.66,249.88,3270596.0,251.1905,252.05925,-0.0031515538357202,31.72428825324414,2854658.0,0.0011232717720038735
2024-12-31 19:00:00,249.8899,250.42,2472924.0,250.8207,251.77625,0.0021610372979029,38.76350769819231,2674409.4,0.0020972842079627413
2024-12-31 20:00:00,250.41,250.38,9262852.0,250.533,251.50625,-0.0001597316508265,34.4704770264338,3972861.4,0.0021608815900551488
2024-12-31 21:00:00,250.42,250.43,329136.0,250.356,251.22925,0.0001996964613787,37.21207378026009,3632856.8,0.002166838660196007
2024-12-31 22:00:00,250.43,250.433,395180.0,250.3086,250.99255,1.1979395439787176e-05,37.222123421660775,3146137.6,0.0019034000210695252
2024-12-31 23:00:00,250.4406,250.4219,2007.0,250.41698,250.80374,-4.43232321618916e-05,16.760301826472713,2492419.8,0.00097429043344359
2025-01-01 00:00:00,250.4216,250.41,7042.0,250.41498,250.61784,-4.751980557609832e-05,17.40722656249939,1999243.4,0.00013175799819139294
2025-01-02 09:00:00,251.36,251.3,35494.0,250.59898,250.56599,0.0035541711592988,30.47677764077288,153771.8,0.00157929703083292
2025-01-02 10:00:00,251.26,250.55,50220.0,250.62298,250.48949,-0.0029844807003581,28.4317484662577,97988.6,0.0023181694181553325
2025-01-02 11:00:00,250.6,250.345,46108.0,250.60538000000005,250.45699,-0.0008181999600878,30.075035489758676,28174.2,0.0023553005947102826
2025-01-02 12:00:00,250.35,250.5,100144.0,250.621,250.51899,0.0006191455791008,32.467789890981166,47801.6,0.0023755750572246334
2025-01-02 13:00:00,250.345,249.1,456760.0,250.359,250.38699000000005,-0.0055888223552894,27.325047960630584,137745.2,0.003477825894765007
2025-01-02 14:00:00,249.1,246.8526,9027309.0,249.46952,250.03425,-0.0090220794861501,21.167166339294965,1936108.2,0.0038491678960268275
2025-01-02 15:00:00,246.885,245.415,7567405.0,248.44252,249.53275,-0.0058237182837045,19.20056265385071,3439545.2,0.0039513173726985805
2025-01-02 16:00:00,245.4175,244.64,4879934.0,247.30152,248.95345,-0.0031579161827924,19.23438233912637,4406310.4,0.003582910401163247
2025-01-02 17:00:00,244.68,242.985,5730354.0,245.79852,248.20976,-0.0067650425114452,11.400685287093907,5532352.4,0.0021195674479450185
2025-01-02 18:00:00,242.98,242.23,5797575.0,244.42452000000003,247.39176000000003,-0.0031071876864828,10.612797216315585,6600515.4,0.002514597908384078
2025-01-02 19:00:00,242.24,241.96,4782451.0,243.446,246.45776,-0.00111464310779,9.918606852167358,5751543.8,0.0022804995885839017
2025-01-02 20:00:00,241.97,243.82,7695469.0,243.127,245.78476,0.007687221028269,23.384045721645336,5777156.6,0.005417301183008302
2025-01-02 21:00:00,243.85,243.64,1728109.0,242.927,245.11426,-0.0007382495283406,23.07038651831732,5146791.6,0.00531602045856077
2025-01-02 22:00:00,243.6,243.5504,19490.0,243.04008,244.4193,-0.0003677557051386,22.928900675633017,4004618.8,0.00417005182290504
2025-01-02 23:00:00,243.55,243.24,40849.0,243.24208,243.8333,-0.0012744795327783,16.666666666666586,2853273.6,0.003844659350862368
2025-01-03 00:00:00,243.24,243.99,135465.0,243.64808,243.54704,0.0030833744449926,22.870140612076028,1923876.4,0.003769161984929825
2025-01-03 09:00:00,243.8,243.65,25095.0,243.61408,243.37054,-0.0013934997335956,22.61758691206539,389801.6,0.0018478504897726932
2025-01-03 10:00:00,243.4,243.51,14445.0,243.58808,243.25754,-0.0005745947055202,21.37592137592128,47068.8,0.0018359741641693552
2025-01-03 11:00:00,243.5,244.35,15458.0,243.748,243.39404,0.0034495503264753,29.613733905579366,46262.4,0.0024050786062349877
2025-01-03 12:00:00,244.26,242.46,132622.0,243.592,243.41704,-0.0077348066298341,30.550980287976202,64617.0,0.004513758956281988
2025-01-03 13:00:00,243.005,242.57,332248.0,243.308,243.47804,0.0004536830817453,35.72503763171092,103973.6,0.004107226283717203
2025-01-03 14:00:00,242.59,243.095,5945042.0,243.197,243.40554000000003,0.0021643237003751,42.04837879567681,1287963.0,0.004357227973226661
2025-01-03 15:00:00,243.11,243.0075,5684369.0,243.0965,243.34229,-0.0003599415866225,50.13807916538803,2421947.8,0.004356730817444895
2025-01-03 16:00:00,243.03,243.3201,3699184.0,242.89052,243.31926000000004,0.0012863800499984,57.07388612737027,3158693.0,0.003968307727865006
2025-01-03 17:00:00,243.34,242.528,3467092.0,242.90412,243.24806,-0.0032553825187479,53.451964216258176,3825587.0,0.0020769726098848248
2025-01-03 18:00:00,242.515,242.72,3510446.0,242.93412,243.12106000000003,0.0007916611690196,41.614831076960655,4461226.6,0.0020984658308051906
2025-01-03 19:00:00,242.71,243.26,3160809.0,242.96712,243.08206,0.002224785761371,47.25401780552668,3904380.0,0.002113274353466661
2025-01-03 20:00:00,243.25,243.3,5602891.0,243.02562,243.06106,0.0001644331168298,48.17747758239211,3888084.4,0.0020953518119758213
2025-01-03 21:00:00,243.36,243.1,2109423.0,242.9816,242.93606,-0.0008220304151254,48.96437448218714,3570132.2,0.0020442561265548945
2025-01-03 22:00:00,243.15,243.16,18775.0,243.108,243.00606,0.0002468120115179,43.16219600606336,2880468.8,0.001116041329057738
2025-01-03 23:00:00,243.18,243.22,13517.0,243.208,243.07106000000005,0.00024675111038,46.28618807434531,2181083.0,0.0011096065516440102
2025-01-04 00:00:00,243.21,243.3908,23210.0,243.23416000000003,243.10064,0.0007022448811775,48.97594501718233,1553563.2,0.0005612014463167877
2025-01-06 09:00:00,243.89,245.0,86392.0,243.57416,243.29988999999995,0.0066115892630287,54.932313482668626,450263.4,0.0029683634687515783
2025-01-06 10:00:00,245.0,245.01,15117.0,243.95616,243.46888,4.0816326530575125e-05,77.07466236303367,31402.2,0.002828906033656079
2025-01-06 11:00:00,245.0,245.06,47093.0,244.33616,243.72208,0.0002040733031305,76.77880065387566,37065.8,0.002833962368241871
2025-01-06 12:00:00,245.05,244.11,121977.0,244.51416,243.86108,-0.0038766016485758,60.001576603208434,58757.8,0.0037605188476565977
2025-01-06 13:00:00,244.965,245.05,1411475.0,244.846,244.04008,0.0038507230346974,67.23134290583296,336410.8,0.004008775145429826
2025-01-06 14:00:00,245.03,244.4256,5956743.0,244.73112,244.15264,-0.0025480514180779,58.860302957441675,1510481.0,0.002970988905537649
2025-01-06 15:00:00,244.45,246.34,5172651.0,244.99712,244.47664,0.0078322401581503,75.89392457341587,2541987.8,0.004789748937132685
2025-01-06 16:00:00,246.35,246.25,4996159.0,245.23512,244.78564,-0.0003653487050418,74.31531382597663,3531801.0,0.004822808454062189
2025-01-06 17:00:00,246.25,244.95,2854228.0,245.40312,244.95864,-0.0052791878172589,60.53773631964874,4078251.2,0.005201715573241584
2025-01-06 18:00:00,244.98,244.87,2409045.0,245.36712000000003,245.10656000000003,-0.0003265972647478,59.74090435300534,4277765.2,0.004895205375775988
2025-01-06 19:00:00,244.87,244.59,2091379.0,245.4,245.06556,-0.0011434638787928,59.15368358971844,3504692.4,0.0047607368874786355
2025-01-06 20:00:00,244.585,245.0,4971043.0,245.132,245.06456,0.0016762745819534,60.837809819998135,3464370.8,0.002564776012772067
2025-01-06 21:00:00,245.0,244.69,3180511.0,244.82,245.02756,-0.0012653061224489,58.410765780198645,3101241.2,0.0025327917176667537
2025-01-06 22:00:00,244.67,244.554,18904.0,244.7408,245.07196,-0.0005558053046711,56.68198529411761,2534176.4,0.0011845264778556062
2025-01-06 23:00:00,244.6,244.7006,12695.0,244.70692,245.03702000000004,0.0005994586062792,47.93272019222808,2054906.4,0.001254170559018345
2025-01-07 00:00:00,244.72,244.99,24375.0,244.78692,245.09346,0.0011826697605155,49.86703542176377,1641505.6,0.001218783130013949
2025-01-07 09:00:00,244.58,244.18,28352.0,244.62292,244.87746,-0.0033062573982611,44.68650371944742,652967.4,0.0017579241125320296
2025-01-07 10:00:00,244.31,244.59,9096.0,244.60292,244.71146,0.0016790891964943,53.100454733360834,18684.4,0.001986549840044341
2025-01-07 11:00:00,244.57,242.53,163450.0,244.19812,244.46946000000003,-0.0084222576556686,35.780065005417086,47593.6,0.0042653698361083845
2025-01-07 12:00:00,242.7,242.31,150741.0,243.72,244.21346,-0.0009071042757596,37.49113097772101,75202.8,0.004117067498366286
2025-01-07 13:00:00,242.43,243.48,324251.0,243.418,244.10246,0.0048285254426147,31.45746887966793,135178.0,0.005032695856877501
2025-01-07 14:00:00,243.48,244.92,4672667.0,243.566,244.09446000000003,0.0059142434696894,42.66166409181187,1064041.0,0.005721818547513545
2025-01-07 15:00:00,244.85,244.67,5333999.0,243.582,244.09246,-0.0010207414666013,48.25262106839739,2129021.6,0.005724099751374128
2025-01-07 16:00:00,244.67,243.08,4448341.0,243.692,243.94506,-0.0064985490660889,40.600714135685784,2985999.8,0.00503278519420511
2025-01-07 17:00:00,243.06,242.26,3488343.0,243.682,243.701,-0.0033733750205694,38.42178493341276,3653520.2,0.005313688740026752
2025-01-07 18:00:00,242.27,242.33,3077575.0,243.452,243.435,0.0002889457607529,36.26825756017288,4204185.0,0.0046183395276432745
2025-01-07 19:00:00,242.3101,242.2102,2154906.0,242.91004,243.23801999999995,-0.0004943671852433,36.99196374242009,3700632.8,0.0027544098183078626
2025-01-07 20:00:00,242.23,242.19,6381092.0,242.41404000000003,242.99802,-8.339863473952975e-05,37.44689889549704,3910051.4,0.0028851992380466754
2025-01-07 21:00:00,242.25,242.2499,1670955.0,242.24802,242.97001,0.0002473264792105,36.865574051643705,3354574.2,0.0015365064109561135
2025-01-07 22:00:00,242.09,242.1,28391.0,242.21602,242.94901,-0.0006187825051733,34.27604518052618,2662583.8,0.0004158464780017526
2025-01-07 23:00:00,242.07,242.15,12791.0,242.18002,242.81601,0.0002065262288311,37.959382191748354,2049627.0,0.00039615342652917786
2025-01-08 00:00:00,242.19,242.84,39148.0,242.30598,242.60801,0.0028494734668593,39.95384509403204,1626475.4,0.0013472173665764321
2025-01-08 09:00:00,242.0,242.69,12828.0,242.40598,242.41001,-0.0006176906605172,51.176505191329134,352822.6,0.0014259540470599424
2025-01-08 10:00:00,242.82,242.89,4344.0,242.534,242.39101,0.0008240965841196,54.27741231304745,19500.4,0.0014324779412246175
2025-01-08 11:00:00,242.91,241.88,32090.0,242.49,242.35301,-0.0041582609411667,37.91504275053636,20240.2,0.0025667806566231945
2025-01-08 12:00:00,241.68,240.79,90701.0,242.218,242.19901,-0.0045063667934513,17.06434017034057,35822.2,0.00318147136183544
2025-01-08 13:00:00,241.56,242.0,171155.0,242.05,242.17799,0.0050251256281407,31.534758914492983,62223.6,0.003922811821972175
2025-01-08 14:00:00,242.1,240.9286,4183885.0,241.69772,242.05185,-0.0044272727272727,33.971569912981295,896435.0,0.004261424780710713
2025-01-08 15:00:00,240.945,243.47,5148291.0,241.81372,242.17386,0.0105483533295756,57.17453691625358,1925224.4,0.0069369881561016315
2025-01-08 16:00:00,243.48,243.275,2916335.0,242.09272,242.29136,-0.0008009200312153,55.52140787136574,2502073.4,0.006524005823761646
2025-01-08 17:00:00,243.28,241.4,3175083.0,242.21472000000003,242.21636,-0.007707327098962,46.07187184857663,3118949.8,0.007327567597942603
2025-01-08 18:00:00,241.39,241.422,2417470.0,242.09912,242.07456,9.1135045567487e-05,46.27712174975277,3568212.8,0.006889608464147186
2025-01-08 19:00:00,241.425,241.87,2572572.0,242.2874,241.99256,0.0018556718111854,48.22521419828646,3245950.2,0.0065495200243272916
2025-01-08 20:00:00,241.89,242.72,4977452.0,242.1374,241.97556,0.0035142845330135,52.71863051180413,3211782.4,0.004300853157568391
2025-01-08 21:00:00,242.7,242.48,826094.0,241.9784,242.03556000000003,-0.0009887936717205,51.42329721896342,2793734.2,0.004303764054954753
2025-01-08 22:00:00,242.43,242.4,9063.0,242.1784,242.19656,-0.0003299241174529,47.99686782969736,2160530.2,0.001834170813028698
2025-01-08 23:00:00,242.43,242.16,11763.0,242.326,242.21256,-0.000990099009901,47.60674806733617,1679388.8,0.0019991534136212965
2025-01-09 00:00:00,242.31,242.4,36991.0,242.432,242.3597,0.0009910802775025,47.79533510906351,1172272.6,0.0018996269475894782
2025-01-10 09:00:00,243.44,242.53,18704.0,242.394,242.2657,0.000536303630363,53.17606129309673,180523.0,0.0008964643224378959
2025-01-10 10:00:00,242.55,242.44,7888.0,242.386,242.1822,-0.0003710881128108,58.935534182479856,16881.8,0.0007892009776785887
2025-01-10 11:00:00,242.42,242.47,14649.0,242.4,242.2892,0.0001237419567728,52.91823961851777,17999.0,0.0007723929236985889
2025-01-10 12:00:00,242.44,242.2,34338.0,242.408,242.367,-0.0011135398193591,58.76658300466114,22514.0,0.0008150623866798035
2025-01-10 13:00:00,242.41,241.05,214917.0,242.138,242.285,-0.0047481420313789,29.35153583617752,58099.2,0.0021221694281809275
2025-01-10 14:00:00,240.85,237.95,8014151.0,241.22200000000004,241.808,-0.0128604024061399,19.6235025670279,1657188.6,0.005416639505923703
2025-01-10 15:00:00,237.88,235.91,8226935.0,239.916,241.151,-0.0085732296700987,19.26091825307948,3300998.0,0.005362636667466472
2025-01-10 16:00:00,235.92,234.89,9637807.0,238.4,240.4,-0.0043236827603747,17.103142626913808,5225629.6,0.004511570763408395
2025-01-10 17:00:00,234.9,235.715,4321084.0,237.103,239.7555,0.0035122823449274,20.135856380397954,6082978.8,0.0060567965024956785
2025-01-10 18:00:00,235.715,237.44,3897855.0,236.381,239.2595,0.0073181596419404,26.386404293381105,6819566.4,0.00835035524449988
2025-01-10 19:00:00,237.43,236.3599,2930714.0,236.06298,238.64249,-0.0045489386792452,24.542225106280426,5802879.0,0.006519704804265009
2025-01-10 20:00:00,236.35,236.93,7188474.0,236.26698,238.09149,0.00241199966661,28.13783952294932,5595186.8,0.005178738750572917
2025-01-10 21:00:00,236.85,237.2,933969.0,236.72898,237.56449000000003,0.0011395770902797,30.223600899507147,3854419.2,0.004311696781672425
2025-01-10 22:00:00,237.2,237.05,18785.0,236.99598,237.04949,-0.0006323777403034,28.514401375078265,2993959.4,0.0043385757808053795
2025-01-10 23:00:00,237.05,237.01,8700.0,236.90998,236.64549,-0.0001687407719891,27.67026423520649,2216128.4,0.002626342043781897
2025-01-11 00:00:00,236.96,237.02,18283.0,237.042,236.55249,4.2192312560733e-05,27.93195550561073,1633642.2,0.0012233922260803552
2025-01-13 09:00:00,235.0,234.2,82090.0,236.496,236.38149,-0.0118977301493545,22.561744369683225,212365.4,0.005402688010764188
2025-01-13 10:00:00,234.23,234.1,63674.0,235.87600000000003,236.30249000000003,-0.0004269854824935,22.8191567898418,38306.4,0.005194519175041708
2025-01-13 11:00:00,234.21,234.35,27553.0,235.336,236.16599,0.0010679196924391,26.071770403279956,40060.0,0.005408162799821136
2025-01-13 12:00:00,234.25,234.55,133758.0,234.844,235.87699,0.0008534243652657,34.68496063134012,65071.6,0.0055258044206014266
2025-01-13 13:00:00,234.22,234.19,193323.0,234.278,235.66,-0.0015348539756982,40.87068215112211,100079.6,0.005418916307638977
2025-01-13 14:00:00,234.33,230.32,8823936.0,233.502,234.999,-0.0165250437678808,31.377646656126316,1848448.8,0.007459901689840356
2025-01-13 15:00:00,230.325,231.115,7284049.0,232.90500000000003,234.3905,0.0034517193469955,31.209457361807907,3292523.8,0.008015997243260025
2025-01-13 16:00:00,231.14,230.6495,4097606.0,232.1649,233.75045,-0.0020141488003808,19.079840083054975,4106534.4,0.007784611164690653
2025-01-13 17:00:00,230.67,233.1501,3694384.0,231.88492,233.36446,0.0108415582951622,37.058510466729125,4818659.6,0.01002820944318798
2025-01-13 18:00:00,233.15,233.88,2801759.0,231.82292,233.05046,0.0031306012736,37.85924687524883,5340346.8,0.010199748759943108
2025-01-13 19:00:00,233.86,233.93,2592863.0,232.54492,233.02346000000003,0.00021378484693,36.751478810469365,4094132.2,0.004861534542905437
2025-01-13 20:00:00,233.93,234.4,6483523.0,233.20192000000003,233.05346,0.0020091480357371,39.534791880578254,3934027.0,0.004880045932549644
2025-01-13 21:00:00,234.4,234.56,1620994.0,233.98402,233.07446,0.0006825938566552,40.41546044910427,3438704.6,0.004327733406249373
2025-01-13 22:00:00,234.56,234.8583,24997.0,234.32566000000003,233.10529,0.0012717428376535,41.72985546280223,2704827.2,0.0011494904380932854
2025-01-13 23:00:00,234.86,235.43,40242.0,234.63566,233.22929000000005,0.0024342337486049,55.68339340171892,2152523.8,0.0009149785115726584
2025-01-14 00:00:00,235.33,235.45,22889.0,234.93966,233.74229,8.495094083159245e-05,56.2843310678707,1638529.0,0.0009549411097686751
2025-01-14 09:00:00,235.69,235.6,30208.0,235.17966,234.19079,0.0006370779358675,55.87350812893521,347866.0,0.0008941753237901563
2025-01-14 10:00:00,235.58,235.64,17119.0,235.39566,234.68984,0.0001697792869269,55.19988550710795,27091.0,0.0009691244543011706
2025-01-14 11:00:00,235.59,234.98,22111.0,235.42,234.87283,-0.0028008827024274,53.66385307485386,26513.8,0.0018813020345931895
2025-01-14 12:00:00,235.07,234.76,51092.0,235.286,234.96083,-0.0009362498936079,81.13167858645338,28683.8,0.0013733393167646992
2025-01-14 13:00:00,234.71,234.81,257917.0,235.158,235.04883,0.0002129834724825,78.93047290948934,75689.4,0.0013896787383633924
2025-01-14 14:00:00,234.94,234.925,4254195.0,235.023,235.10133,0.0004897576764192,85.4196006958828,920486.8,0.0013596283276859197
2025-01-14 15:00:00,234.937,234.77,4303693.0,234.849,235.12233,-0.000659785037778,71.95045936204238,1777801.6,0.0012954401407375435
2025-01-14 16:00:00,234.78,233.1742,3398271.0,234.48784,234.95392,-0.0067972909656259,42.25383028227774,2453033.6,0.0029988018615074003
2025-01-14 17:00:00,233.165,233.03,2477005.0,234.14184,234.71392,-0.0006184217636428,40.322580645161246,2938216.2,0.0030180557796485393
2025-01-14 18:00:00,233.02,234.695,2329479.0,234.11884,234.63842,0.0071450027893403,52.5235243798117,3352528.6,0.004956637060869512
2025-01-14 19:00:00,234.71,233.15,3109715.0,233.76384,234.39342,-0.0065830119942904,40.24896265560166,3123632.6,0.005703452476750394
2025-01-14 20:00:00,233.135,233.28,6611120.0,233.46584,234.15742,0.0005575809564657,38.824928841496956,3585118.0,0.00577397913068706
2025-01-14 21:00:00,233.28,233.85,713451.0,233.60100000000003,234.04442,0.00244341563786,38.810198300283155,3048154.0,0.00498288672387545
2025-01-14 22:00:00,233.98,233.4368,38663.0,233.68236,233.9121,-0.0017669446226212,36.494391670691854,2560485.6,0.00507802194890902
2025-01-14 23:00:00,233.7,233.35,19678.0,233.41336,233.7661,-0.000371835117685,34.77672530446547,2098525.4,0.0034033835614753704
2025-01-15 00:00:00,233.4,233.78,29864.0,233.53936,233.6516,0.0018427255196057,38.04627249357336,1482555.2,0.0016936518125178924
2025-01-15 09:00:00,233.79,233.78,3299.0,233.63936,233.5526,0.0,41.57303370786526,160991.0,0.001710558371038018
2025-01-15 10:00:00,233.67,233.91,6183.0,233.65136,233.62618,0.000556078364274,43.954480796586104,19537.4,0.0013183031357507148
2025-01-15 11:00:00,233.94,234.51,10411.0,233.866,233.77418000000003,0.0025650891368474,48.02110817941945,13887.0,0.0012455325131799143
2025-01-15 12:00:00,234.42,233.75,26572.0,233.946,233.67968,-0.0032407999658862,42.857142857142755,15265.8,0.0022468598783384015
2025-01-15 13:00:00,234.3172,235.2,310808.0,234.23,233.88468,0.0062032085561496,52.25840336134444,71454.6,0.003481002248822287
2025-01-15 14:00:00,235.2499,237.35,5235962.0,234.944,234.29168,0.009141156462585,70.7252188759405,1117987.2,0.004823736400411895
2025-01-15 15:00:00,237.37,237.975,4834821.0,235.757,234.70418,0.002633242047609,73.42491710090013,2083714.8,0.00464181660461199
2025-01-15 16:00:00,237.965,236.775,3549854.0,236.21,235.03799999999995,-0.0050425464859753,60.30723488602589,2791603.4,0.0060437741365732805
2025-01-15 17:00:00,236.78,237.19,2505596.0,236.898,235.422,0.0017527188258895,72.54464285714293,3287408.2,0.005346204894930361
2025-01-15 18:00:00,237.2,237.58,1984062.0,237.374,235.802,0.0016442514439901,73.31887201735371,3622059.0,0.005029387589423264
2025-01-15 19:00:00,237.58,237.81,2061611.0,237.466,236.205,0.0009680949574879,72.29729729729743,2987188.8,0.0030947145519481596
2025-01-15 20:00:00,237.83,237.88,6282038.0,237.44700000000003,236.602,0.000294352634456,76.0238028301003,3276632.2,0.0028371356580406946
2025-01-15 21:00:00,237.87,237.95,622235.0,237.682,236.946,0.0002942660164788,76.99530516431936,2691108.4,0.0007032483752264983
2025-01-15 22:00:00,238.0,238.2548,18398.0,237.89496,237.39648,0.0012809413742382,76.65221327488455,2193668.8,0.0005994414859729733
2025-01-15 23:00:00,238.06,238.2735,16877.0,238.03366,237.70383,7.848740088352437e-05,76.70410649551333,1800231.8,0.0005139643967937307
2025-01-16 00:00:00,238.41,238.5993,29796.0,238.19152,237.82876,0.0013673362753306,77.23392145702917,1393868.8,0.0006106270773851621
2025-01-16 09:00:00,240.4,239.5,59182.0,238.51552,237.98126,0.0037749482081464,78.00224466891149,149297.6,0.0014676800713497025
2025-01-16 10:00:00,239.28,239.55,11503.0,238.83552,238.25876,0.0002087682672234,85.36585365853671,27151.2,0.0014836007943572686
2025-01-16 11:00:00,239.55,239.6,9221.0,239.10456,238.49976,0.000208724692131,82.35294117647071,25315.8,0.001569645408447852
2025-01-16 12:00:00,239.58,238.7,33401.0,239.18986,238.61176,-0.0037562604340567,62.16216216216214,28620.6,0.0027233228957835023
2025-01-16 13:00:00,239.16,238.7,149205.0,239.21,238.70076000000003,0.0,57.36040609137052,52502.4,0.0026649965235766254
2025-01-16 14:00:00,238.77,234.845,5740070.0,238.279,238.39726,-0.0161499790532048,37.26912928759887,1188680.0,0.007054364213168183
2025-01-16 15:00:00,234.845,231.9601,10631406.0,236.76102,237.79827,-0.0122842726053353,23.980338112817066,3312660.6,0.007438267443447223
2025-01-16 16:00:00,231.965,230.6854,9552234.0,234.9781,237.04133,-0.0054953416557417,18.473469537065682,5221263.2,0.006557223777535337
2025-01-16 17:00:00,230.68,230.46,6145792.0,233.3301,236.25998,-0.0009770882769346,16.376944190301884,6443741.4,0.0070566170069885645
2025-01-16 18:00:00,230.48,229.0,7065608.0,231.3901,235.30005,-0.0063351557754057,13.961038961038952,7827022.0,0.005975680444498958
2025-01-16 19:00:00,228.98,229.86,5301225.0,230.3931,234.33605000000003,0.0037554585152839,19.145690312738495,7739253.0,0.00602590472348255
2025-01-16 20:00:00,229.855,228.24,13160039.0,229.64908,233.20505,-0.0070477682067345,15.287136400188672,8244979.6,0.004561273371921558
2025-01-16 21:00:00,228.26,228.3,1657298.0,229.172,232.07505,0.0002628811777076,15.528980748626125,6665992.4,0.004570078603706608
2025-01-16 22:00:00,228.33,228.24,95330.0,228.728,231.02905,-0.0002628120893561,13.525389593470805,5455900.0,0.004623568117716634
2025-01-16 23:00:00,228.2091,228.47,71201.0,228.622,230.00605,0.0010077111812127,9.238728750923869,4057018.6,0.003996384270582105
2025-01-17 00:00:00,228.45,228.4,71637.0,228.33,229.36155,-0.0003063859587691,8.856088560885539,3011101.0,0.0032735025301203584
2025-01-17 09:00:00,229.02,229.75,67028.0,228.632,229.14054,0.0059106830122591,16.835016835016845,392498.8,0.0026191502083009045
2025-01-17 10:00:00,229.81,229.36,46287.0,228.844,229.008,-0.0016974972796517,17.43375174337521,70296.6,0.00294399535466646
2025-01-17 11:00:00,229.36,229.87,145720.0,229.17,228.949,0.0022235786536448,20.269360269360263,80374.6,0.0029017607690370985
2025-01-17 12:00:00,229.87,230.06,141711.0,229.488,229.055,0.0008265541392961,28.609745194456835,94476.6,0.0029094352831756333
2025-01-17 13:00:00,230.0,231.1707,917024.0,230.04214,229.18607,0.0048278709901765,45.805882602966804,263554.0,0.0030624389780334366
2025-01-17 14:00:00,231.21,230.79,20093354.0,230.25014,229.44107,-0.0016468350011485,50.61408040578623,4268819.2,0.0027576511358928077
2025-01-17 15:00:00,230.77,231.33,7545052.0,230.64414,229.74407,0.0023397894189523,54.92560635912767,5768572.2,0.002368029097243986
2025-01-17 16:00:00,231.3376,229.6611,6089891.0,230.60236,229.88618,-0.007214369083128,53.65640520779179,6957406.4,0.004584620954494428
2025-01-17 17:00:00,229.66,230.16,4920397.0,230.62236,230.05518,0.0021723313177546,51.7282698866254,7913143.6,0.004696150429984652
2025-01-17 18:00:00,230.15,229.28,3700481.0,230.24422,230.14318000000003,-0.0038234271810913,56.54977831519543,8469835.0,0.0040685818908013935
2025-01-17 19:00:00,229.285,229.2057,4234590.0,229.92736,230.08875000000003,-0.0003240579204465,55.693719746023746,5298082.2,0.004110370981736982
2025-01-17 20:00:00,229.2,229.96,7962868.0,229.65336,230.14875,0.0032909303738955,59.9447258262217,5381645.4,0.00434054425195429
2025-01-17 21:00:00,229.98,229.9235,1959516.0,229.70584,230.15410000000003,-0.0001587232562185,58.59621730953473,4555570.4,0.0027399951465925236
2025-01-17 22:00:00,229.93,229.96,40405.0,229.66584000000003,230.1441,0.0001587484532899,59.26277788333647,3579572.0,0.0025227711572234322
2025-01-17 23:00:00,229.9012,229.8226,20879.0,229.77436000000003,230.00929,-0.0005974952165594,50.5035931300463,2843651.6,0.001598422453554856
2025-01-18 00:00:00,229.8,229.499,219275.0,229.83302,229.88019000000003,-0.0014080425510806,50.97314402531561,2040588.6,0.001795114302972995
2025-01-21 09:00:00,227.33,227.03,156615.0,229.24702,229.45019,-0.0107582168114022,34.39697609001418,479338.0,0.004624571599533493
2025-01-21 10:00:00,227.14,226.8,57588.0,228.62232000000003,229.16408,-0.0010130819715455,32.167862769123246,98952.4,0.004528793569703116
2025-01-21 11:00:00,226.96,225.45,193506.0,227.72032,228.69308,-0.005952380952381,19.5061886333836,129572.6,0.004378572334335902
2025-01-21 12:00:00,225.49,225.87,402989.0,226.92980000000003,228.35208,0.0018629407850965,23.883686859035905,205994.6,0.004949933644274542
2025-01-21 13:00:00,225.25,226.0517,840963.0,226.24034,228.03668,0.0008044450347545,20.873845338866346,330332.2,0.00526724989755893
2025-01-21 14:00:00,226.06,221.86,17616525.0,225.20634,227.22668,-0.0185431031927651,16.32783432177439,3822314.2,0.008367759957315802
2025-01-21 15:00:00,221.867,221.31,12202849.0,224.10834,226.36533,-0.0024790408365636,11.968199398367275,6251366.4,0.008236708016936642
2025-01-21 16:00:00,221.3,220.17,12523569.0,223.05234,225.38633,-0.0051511454520808,11.7065994115177,8717379.0,0.008217949831752398
2025-01-21 17:00:00,220.1757,220.235,7613825.0,221.92534,224.42757,0.0002952264159514,12.262634931052034,10159546.2,0.007929748501309257
2025-01-21 18:00:00,220.23,221.21,6170132.0,220.957,223.59867,0.0044270892455785,13.86208947333678,11225380.0,0.00872043635972613
2025-01-21 19:00:00,221.21,221.1203,6815931.0,220.80906,223.00770000000003,-0.0004054970390128,13.801440836869986,9065261.2,0.0035473570285950618
2025-01-21 20:00:00,221.125,222.66,11108249.0,221.07906000000003,222.5937,0.0069631779624033,23.285124571830266,8846341.2,0.004673282819296457
2025-01-21 21:00:00,222.64,221.8988,1110668.0,221.42482,222.23858,-0.0034186652294979,22.268419358000003,6563761.0,0.0041128979693509
2025-01-21 22:00:00,221.8995,222.64,184781.0,221.90582,221.91558,0.0033402614164654,26.676731818120118,5077952.2,0.0041019582895485416
2025-01-21 23:00:00,221.89,221.921,185523.0,222.04802,221.50251,-0.0032294286740926,30.28052677895984,3881030.4,0.0044668725092552215
2025-01-22 00:00:00,221.92,222.0501,103483.0,222.23398,221.52152,0.0005817385465998,31.52264399025937,2538540.8,0.00443022343436989
2025-01-22 09:00:00,222.7,222.2,125264.0,222.14198,221.61052,0.0006750728776974,36.055332440874714,341943.8,0.0028821274039120127
2025-01-22 10:00:00,222.09,222.78,43860.0,222.31822000000005,221.87152,0.0026102610261026,36.92140994819363,128582.2,0.0025509515723563764
2025-01-22 11:00:00,222.66,222.46,76935.0,222.28222,222.09402,-0.0014363946494299,34.97385265447859,107013.0,0.0022345270366281055
2025-01-22 12:00:00,222.47,222.0,113966.0,222.29802,222.17302,-0.0020677874674099,50.85160222876459,92701.6,0.0018654920578521953
2025-01-22 13:00:00,222.43,221.15,465365.0,222.118,222.17599,-0.0038288288288288,49.06101082185031,165078.0,0.002499567608972262
2025-01-22 14:00:00,221.21,222.95,11177900.0,222.268,222.20499,0.0081392719873388,65.14194209024157,2375605.2,0.00478867391090965
2025-01-22 15:00:00,222.96,222.935,8006779.0,222.29900000000004,222.30861,-6.727965911633263e-05,64.78674231637052,3968189.0,0.004667492933562166
2025-01-22 16:00:00,222.94,221.935,5673272.0,222.194,222.23811,-0.0044856123982326,53.95967142919558,5087456.4,0.005104929735580176
2025-01-22 17:00:00,221.945,222.7299,4295156.0,222.33998000000005,222.319,0.0035816793205217,58.162271805273875,5923694.4,0.00528278474427284
2025-01-22 18:00:00,222.73,222.43,3862945.0,222.59598,222.35699,-0.0013464739130219,48.665924224495996,6603210.4,0.0048537676399048185
2025-01-22 19:00:00,222.4299,223.3889,4331929.0,222.68376,222.47588,0.0043110191970507,58.4492906474332,5234016.2,0.003624806045907791
2025-01-22 20:00:00,223.38,223.77,7903513.0,222.85076,222.57488,0.0017059934490926,56.680224171770625,5213363.0,0.003654448449276829
2025-01-22 21:00:00,223.83,223.5002,2505117.0,223.1638,222.6789,-0.0012057022835947,59.85940114377061,4579732.0,0.0026296273508018496
2025-01-22 22:00:00,223.51,223.35,78540.0,223.28782,222.8139,-0.0006720351928097,58.09432481910915,3736408.8,0.00243175315817965
2025-01-22 23:00:00,223.3999,223.3607,57424.0,223.47396,223.03497,4.790687262150948e-05,57.35504720866881,2975304.6,0.0022302716112613708
2025-01-23 00:00:00,223.4,223.18,51214.0,223.43218,223.05797,-0.0008090053442705,52.669799231097876,2119161.6,0.0011509244800715448
2025-01-23 09:00:00,223.52,222.82,42395.0,223.24218,223.04647,-0.0016130477641366,52.39005736137658,546938.0,0.000622164383729747
2025-01-23 10:00:00,222.83,222.62,22527.0,223.06614,223.11497,-0.0008975854950183,54.263395313015785,50420.0,0.0005927350412639313
2025-01-23 11:00:00,222.68,223.2,63693.0,223.03614,223.16198,0.0026053364477584,64.64034736902242,47450.6,0.0016403756427352872
2025-01-23 12:00:00,223.23,224.14,112785.0,223.192,223.33298,0.0042114695340501,59.688660196704255,58522.8,0.0025563787945584392
2025-01-23 13:00:00,223.04,224.7495,441592.0,223.50590000000005,223.46904,0.0027192825912377,63.469275650637705,136598.4,0.002522643939897734
2025-01-23 14:00:00,224.75,225.18,7899589.0,223.9779,223.61004000000003,0.0019154658853523,76.31280204988488,1708037.2,0.0018785744965313183
2025-01-23 15:00:00,225.19,225.3242,9193087.0,224.51874,223.79244,0.0006403765876187,73.51826670292813,3542149.2,0.0012995079742777716
2025-01-23 16:00:00,225.3337,224.04,5977487.0,224.68674,223.86144,-0.0056993434349262,62.38499646142943,4724908.0,0.0038348378874979287
2025-01-23 17:00:00,224.06,223.695,5584684.0,224.59774,223.89487,-0.0015399035886448,52.60028202993582,5819287.8,0.0033747538125110084
2025-01-23 18:00:00,223.69,223.0743,3532803.0,224.2627,223.8843,-0.002774760276269,44.321279895518614,6437530.0,0.0029794026438735616
2025-01-23 19:00:00,223.075,222.75,4524096.0,223.7767,223.8773,-0.0014537757150868,43.930420711974065,5762431.4,0.0023254092789032547
2025-01-23 20:00:00,222.74,223.65,9035364.0,223.44186,223.9803,0.004040404040404,52.16456463390005,5730886.8,0.003534057519182662
2025-01-23 21:00:00,223.66,223.3584,3753300.0,223.30554,223.99614000000005,-0.0013038229376258,49.98405147905183,5286049.4,0.002663195795471316
2025-01-23 22:00:00,223.32,223.45,33051.0,223.25654,223.92714,0.0004101032242351,51.895641428892255,4175722.8,0.002634942197313073
2025-01-23 23:00:00,223.49,223.255,27549.0,223.29268,223.77769,-0.0008726784515551,53.1265273265676,3474672.0,0.00228765599049026
2025-01-24 00:00:00,223.2601,223.24,29574.0,223.39068,223.58369,-6.718774495525904e-05,54.57794317443445,2575767.6,0.0021204407759693026
2025-01-24 09:00:00,223.2,223.72,68152.0,223.40468,223.42327,0.0021501523024547,53.89711613406088,782325.2,0.0013451145720398607
2025-01-24 10:00:00,223.65,224.06,28298.0,223.545,223.42527,0.0015197568389057,49.341195072139264,37324.8,0.0012139788618332915
2025-01-24 11:00:00,224.18,225.25,134257.0,223.90500000000003,223.58077,0.0053110773899848,53.76196990424071,57566.0,0.0023965870232779476
2025-01-24 12:00:00,225.15,225.09,192588.0,224.272,223.78234000000003,-0.0007103218645948,49.294847687100386,90573.8,0.002355314386587469
2025-01-24 13:00:00,225.125,225.76,463602.0,224.776,224.08334,0.0029765871429205,53.15458783333818,177379.4,0.002191167059596727
2025-01-24 14:00:00,225.76,224.51,9108358.0,224.93400000000003,224.16934,-0.005536853295535,53.41907699470408,1985420.6,0.004123211911278745
2025-01-24 15:00:00,224.525,223.065,8271889.0,224.735,224.14,-0.0064362389203153,46.04926503787689,3634138.8,0.00514270270023077
2025-01-24 16:00:00,223.065,222.73,6006514.0,224.231,224.06800000000004,-0.0015018044067872,47.760650406504034,4808590.2,0.003826724355767041
2025-01-24 17:00:00,222.7399,222.4,4258137.0,223.693,223.9825,-0.0014816145108426,47.72526386939118,5621700.0,0.0037646005480701846
2025-01-24 18:00:00,222.4099,222.05,2944983.0,222.951,223.8635,-0.0015737410071942,38.8005375741964,6117976.2,0.0024677584708349205
2025-01-24 19:00:00,222.06,222.56,3238204.0,222.561,223.7475,0.0022967800045034,44.57726581178009,4943945.4,0.0031024745272649925
2025-01-24 20:00:00,222.5517,222.79,8087463.0,222.506,223.6205,0.0010334291876347,45.59999999999997,4907060.2,0.001800649288976013
2025-01-24 21:00:00,222.78,222.56,1577369.0,222.47200000000004,223.3515,-0.0010323623142869,45.38818845388187,4021231.2,0.0017295971114229284
2025-01-24 22:00:00,222.56,222.47,46687.0,222.486,223.0895,-0.0004043853342918,44.94086727989476,3178941.2,0.0015834053677862712
2025-01-24 23:00:00,222.35,222.15,38784.0,222.506,222.72850000000005,-0.00143839618825,39.4630872483221,2597701.4,0.001549196599881627
2025-01-25 00:00:00,222.2,222.17,38030.0,222.42800000000005,222.4945,9.002925950925865e-05,36.74614305750325,1957666.6,0.0009696241350974527
2025-01-27 09:00:00,219.9,220.89,241476.0,222.048,222.277,-0.0057613539181707,19.80609418282502,388469.2,0.0023393996307827297
2025-01-27 10:00:00,220.88,221.51,282650.0,221.838,222.15500000000003,0.0028068269274299,26.692708333333016,129525.4,0.0031177073762979797
2025-01-27 11:00:00,221.51,221.8,366717.0,221.704,222.095,0.0013091959730938,22.876712328767084,193531.4,0.0032813912388659854
2025-01-27 12:00:00,221.81,222.04,460118.0,221.682,222.094,0.0010820559062217,30.365659777424284,277798.2,0.00331359428685125
2025-01-27 13:00:00,221.26,223.26,1941180.0,221.9,222.164,0.0054945054945054,51.607584501236566,658428.2,0.004161805481460655
2025-01-27 14:00:00,223.21,225.66,14715370.0,222.854,222.451,0.0107497984412792,68.01968019680214,3553207.0,0.0040173286554171855
2025-01-27 15:00:00,225.65,227.79,10199956.0,224.11,222.974,0.0094389789949481,77.13997985901315,5536668.2,0.004474679310977996
2025-01-27 16:00:00,227.76,228.445,9465858.0,225.439,223.5715,0.0028754554633653,81.24084025403033,7356496.4,0.0041402244317053334
2025-01-27 17:00:00,228.4661,230.15,6673188.0,227.061,224.37150000000003,0.0074635032502353,83.20209973753288,8599110.4,0.0031342394570241217
2025-01-27 18:00:00,230.18,231.435,7274989.0,228.696,225.298,0.0055833152291983,84.62154585502611,9665872.2,0.003122355620846588
2025-01-27 19:00:00,231.431,231.58,6660087.0,229.88,226.367,0.0006265258063819,86.37096774193552,8054815.6,0.003519924149716776
2025-01-27 20:00:00,231.57,229.94,16755944.0,230.31,227.21,-0.0070817859918819,76.77419354838706,9366013.2,0.005651656645651858
2025-01-27 21:00:00,229.86,230.04,785198.0,230.629,228.034,0.0004348960598416,78.73270211216305,7629881.2,0.005651027330527426
2025-01-27 22:00:00,230.08,229.8,332825.0,230.55900000000003,228.81,-0.0010432968179446,77.3476702508961,6361808.6,0.004543042882139632
2025-01-27 23:00:00,229.8,229.7745,85156.0,230.22690000000003,229.46145,-0.0001109660574413,84.99074475207742,4923842.0,0.0032225412797648252
2025-01-28 00:00:00,229.77,229.79,28636.0,229.8689,229.87445,6.745744197029242e-05,84.24034405756338,3597551.8,0.003141820763476806
2025-01-28 09:00:00,230.23,229.27,83858.0,229.7349,230.02245,-0.0022629357239217,80.31409788166545,263134.6,0.0010858269323075905
2025-01-28 10:00:00,229.31,231.67,193068.0,230.0609,230.34495,0.0104680071531381,83.25046612802983,144708.6,0.005139830783062483
2025-01-28 11:00:00,231.69,230.93,78620.0,230.2869,230.42295,-0.0031941986446237,77.39090064995368,93867.6,0.005476880486296678
2025-01-28 12:00:00,231.05,230.66,171093.0,230.464,230.34545000000003,-0.0011691854674577,71.05972538118107,111055.0,0.0055501851195326425
2025-01-28 13:00:00,230.25,230.3,319168.0,230.566,230.21745,-0.0015607387496747,62.42451242451256,169161.4,0.0056494537713533315
2025-01-28 14:00:00,230.32,234.69,13165651.0,231.65,230.69245,0.0190620929222752,72.5679387106101,2785520.0,0.009688910328006778
2025-01-28 15:00:00,234.67,238.84,14404293.0,233.084,231.57245000000003,0.017682900847927,76.68754990479708,5627765.0,0.011181110827500697
2025-01-28 16:00:00,238.84,239.72,9858800.0,234.842,232.56445,0.0036844749623178,76.09284454522557,7583801.0,0.010114043374085432
2025-01-28 17:00:00,239.705,238.73,5495012.0,236.456,233.46,-0.0041298181211413,71.38030022127863,8648584.8,0.01081384099677826
2025-01-28 18:00:00,238.71,238.81,3345340.0,238.158,234.362,0.000335106605789,79.25268781742642,9253819.2,0.010468647615640234
2025-01-28 19:00:00,238.81,239.165,3798989.0,239.053,235.3515,0.001486537414681,79.59587441619108,7380486.8,0.008261162022084342
2025-01-28 20:00:00,239.155,238.24,7981635.0,238.933,236.0085,-0.0038676227708903,76.2095522017267,6095955.2,0.0034157726911693415
2025-01-28 21:00:00,238.26,238.15,2897864.0,238.619,236.73050000000003,-0.0003777703156481,75.90547771488681,4703768.0,0.0025440546068251197
2025-01-28 22:00:00,238.16,237.5,146705.0,238.373,237.4145,-0.0027293722443838,72.9464285714287,3634106.6,0.0022114388546908242
2025-01-28 23:00:00,237.41,237.6,20200.0,238.131,238.1445,0.0004210526315789,75.42735042735048,2969078.6,0.0022250008364273696
2025-01-29 00:00:00,237.69,238.35,54060.0,237.968,238.5105,0.0031565656565656,72.67481330617795,2220092.8,0.0027560732761675952
2025-01-29 09:00:00,238.56,237.2,75864.0,237.76,238.3465,-0.0048248374239563,70.70673712021132,638938.6,0.003050423672808637
2025-01-29 10:00:00,237.21,237.15,32566.0,237.56,238.0895,-0.0002107925801011,71.74932975871323,65879.0,0.003058076098808788
2025-01-29 11:00:00,237.12,237.47,33159.0,237.554,237.9635,0.0013493569470798,74.09274193548389,43169.8,0.002969978313939096
2025-01-29 12:00:00,237.43,235.65,384179.0,237.16400000000004,237.64750000000004,-0.0076641259948624,53.899268887083714,115965.6,0.0044838378292902025
2025-01-29 13:00:00,237.58,234.58,1675578.0,236.41,237.189,-0.0045406322936558,26.923076923076877,440269.2,0.0036740797247975217
2025-01-29 14:00:00,234.57,235.79,6259434.0,236.128,236.944,0.0051581550004262,29.44560669456051,1676983.2,0.005021128976722102
2025-01-29 15:00:00,235.805,237.7894,5912303.0,236.25588,236.90794,0.0084795792866534,45.55036236683258,2852930.6,0.006673426511637908
2025-01-29 16:00:00,237.78,236.54,3843754.0,236.06988,236.81194,-0.0052542291624437,40.331209322929,3615049.6,0.007116047458409622
2025-01-29 17:00:00,236.54,236.03,3049911.0,236.14588,236.65494,-0.002156083537668,36.8208646521717,4148196.0,0.006140312251875288
2025-01-29 18:00:00,236.04,237.0,3923228.0,236.62988,236.51994,0.0041096470787611,44.8068482594565,4597726.0,0.005618799907273479
2025-01-29 19:00:00,236.97,238.08,3719885.0,237.08788,236.60794,0.0045569620253165,49.7292865540499,4089816.2,0.005542033293634693
2025-01-29 20:00:00,238.07,239.35,7542628.0,237.4,236.82794000000004,0.0053343413978493,56.827172886159666,4415881.2,0.004734939787021699
2025-01-29 21:00:00,239.36,239.25,747794.0,237.942,237.00594,-0.0004177982034677,56.089100141710006,3796689.2,0.0033473112952190584
2025-01-29 22:00:00,239.22,238.6209,73497.0,238.46018000000004,237.30303000000004,-0.0026294670846394,51.008720648798445,3201406.4,0.0035072178680644636
2025-01-29 23:00:00,238.8,238.8001,89872.0,238.82020000000003,237.72504,0.0007509819969666,56.4224418203274,2434735.2,0.0033666326401761556
2025-01-30 00:00:00,238.85,239.2015,45403.0,239.04450000000003,238.06619,0.001680903818717,58.008353827536446,1699838.8,0.0029359641480120684
2025-01-30 09:00:00,239.63,238.97,24928.0,238.9685,238.18425,-0.0009678032955479,55.89622641509436,196298.8,0.0016517728187523959
2025-01-30 10:00:00,238.94,238.88,23581.0,238.8945,238.41825,-0.0003766163116709,64.69517743403091,51456.2,0.001651244869894254
2025-01-30 11:00:00,238.97,239.35,25796.0,239.04032,238.75025,0.0019675150703281,72.95476419634258,41916.0,0.0012720483581456403
2025-01-30 12:00:00,239.15,238.7,47231.0,239.0203,238.92025,-0.0027156883225402,64.80162767039671,33387.8,0.0019439715633699246
2025-01-30 13:00:00,238.45,238.95,358925.0,238.97,239.00725000000003,0.0010473397570171,57.18139742098351,96092.2,0.0018167946663865554
2025-01-30 14:00:00,239.0,239.46,5590010.0,239.068,239.01825,0.0021343377275581,69.88775677001041,1209108.6,0.002012093373927402
2025-01-30 15:00:00,239.46,238.06,4556756.0,238.904,238.89925,-0.0058464879311785,62.33113033336569,2115743.6,0.003491064533304689
2025-01-30 16:00:00,238.09,238.78,5922903.0,238.79,238.91516,0.0030244476182474,61.15120533253142,3295165.0,0.0037163755961586373
2025-01-30 17:00:00,238.8,238.395,3022344.0,238.729,238.87465,-0.0016123628444592,52.16162059784248,3890187.6,0.0035800444217483868
2025-01-30 18:00:00,238.39,239.645,2949176.0,238.868,238.91899999999995,0.0052433985612114,52.0299468773225,4408237.8,0.004365902039947276
2025-01-30 19:00:00,239.649,239.861,3698712.0,238.9482,239.0081,0.0009013332220575,54.13833274633571,4029978.2,0.00429094988651478
2025-01-30 20:00:00,239.865,237.56,9673229.0,238.8482,238.8761,-0.009593055978254,44.14132823803579,5053272.8,0.00572822171778547
2025-01-30 21:00:00,237.59,233.99,6693909.0,237.8902,238.3401,-0.0150277824549587,30.67441281167399,5207474.0,0.008186223048223373
2025-01-30 22:00:00,234.0,245.03,5406790.0,239.2172,238.9731,0.0471815034830548,62.62481859336755,5684363.2,0.02453294167041841
2025-01-30 23:00:00,245.0146,245.0,854248.0,240.2882,239.5781,-0.0001224339876749,63.17629577834107,5265377.6,0.024677092509552342
2025-01-31 00:00:00,244.95,244.75,282636.0,241.266,240.1071,-0.0010204081632653,62.73760958250155,4582162.4,0.024765231852297676
2025-01-31 09:00:00,244.75,245.61,160935.0,242.87600000000003,240.8621,0.0035137895812053,63.35780129737116,2679703.6,0.02359523739086504
2025-01-31 10:00:00,245.59,245.31,59879.0,245.14,241.5151,-0.0012214486380848,64.31851659301623,1352897.6,0.021058323720284655
2025-01-31 11:00:00,245.17,245.91,143751.0,245.316,242.2666,0.0024458847988259,64.85148514851488,300289.8,0.002138449947584137
2025-01-31 12:00:00,245.92,247.16,452105.0,245.748,243.01809999999995,0.0050831605058761,65.92751944398478,219861.2,0.0027932649777981594
2025-01-31 13:00:00,246.28,246.79,3190866.0,246.156,243.711,-0.0014970059880239,68.86180969665544,801507.2,0.0029172543924177352
2025-01-31 14:00:00,246.79,241.605,15917039.0,245.355,244.1155,-0.0210097653875764,55.1164559713116,3952728.0,0.010301473514403808
2025-01-31 15:00:00,241.58,240.925,12624289.0,244.478,244.80900000000003,-0.0028145112890874,54.53372518099062,6465610.0,0.010247937274012648
2025-01-31 16:00:00,240.93,238.93,8264096.0,243.082,244.199,-0.0082805852443706,48.75205082556637,8089679.0,0.009789229038766308
2025-01-31 17:00:00,238.945,238.31,6003359.0,241.312,243.53000000000003,-0.0025949022726321,47.33055660734573,9199929.8,0.008136847022068138
2025-01-31 18:00:00,238.32,235.26,8357308.0,239.006,242.581,-0.0127984557928748,46.140939597315416,10233218.2,0.007700935260333575
2025-01-31 19:00:00,235.28,234.11,7812160.0,237.507,241.431,-0.0048882087902744,50.21913805697591,8612242.4,0.004301718794893396
2025-01-31 20:00:00,234.115,235.84,12241306.0,236.49,240.484,0.0073896886079193,24.57111234089652,8535645.8,0.0075489986307673545
2025-01-31 21:00:00,236.0,235.25,3078351.0,235.754,239.41800000000003,-0.0025016960651289,23.832528180354274,7498496.8,0.00720940581050846
2025-01-31 22:00:00,235.27,235.2,359869.0,235.132,238.22200000000004,-0.0002125398512221,24.091155724362437,6369798.8,0.007327139329141528
2025-01-31 23:00:00,235.2015,234.9202,58483.0,235.06404000000003,237.03502000000003,-0.0011896258503401,20.056247128819294,4710033.8,0.004632159699523485
2025-02-01 00:00:00,234.92,233.92,73244.0,235.02604,236.26652000000004,-0.0042576159904512,19.299191374662996,3162250.6,0.004481476486617394
2025-02-03 09:00:00,232.79,231.01,120639.0,234.06004,235.27502,-0.0124401504787961,14.28571428571425,738117.2,0.004891781033460769
2025-02-03 10:00:00,231.03,231.73,93356.0,233.35604,234.55502,0.0031167481927189,12.051155927201137,141118.2,0.005898304408513131
2025-02-03 11:00:00,231.79,231.51,73548.0,232.61804,233.87502,-0.0009493807448323,12.14073339940532,83854.0,0.005820039824243612
2025-02-03 12:00:00,231.66,230.82,223666.0,231.798,233.43102,-0.0029804328106777,15.620019126553984,116890.6,0.005724011146077673
2025-02-03 13:00:00,231.4,230.01,1679350.0,231.016,233.02102,-0.0035092279698466,15.49162187796388,438111.8,0.005709083621904317
2025-02-03 14:00:00,230.0,228.84,11125407.0,230.582,232.32102,-0.0050867353593321,16.344229486324167,2639065.4,0.003161566708508845
2025-02-03 15:00:00,228.81,227.89,12636278.0,229.814,231.58502,-0.0041513721377382,15.992167101827619,5147649.8,0.0015477638563903841
2025-02-03 16:00:00,227.9232,226.38,9649465.0,228.788,230.70302,-0.0066260037737504,17.779390420899816,7062833.2,0.0014380654496786982
2025-02-03 17:00:00,226.37,226.81,5753868.0,227.986,229.892,0.0018994610831345,22.052067381316945,8168873.6,0.003235275994001702
2025-02-03 18:00:00,226.81,228.25,4816608.0,227.634,229.325,0.0063489264141792,20.281910728269395,8796325.2,0.005461905861321478
2025-02-03 19:00:00,228.24,228.84,4573597.0,227.634,229.108,0.0025848849945235,24.90211433046204,7485963.2,0.005285254043187466
2025-02-03 20:00:00,228.86,227.98,8041254.0,227.652,228.733,-0.0037580842510051,23.41678939617087,6566958.4,0.005210211592733706
2025-02-03 21:00:00,228.01,228.8,3997669.0,228.136,228.462,0.0035968067374332,28.328210648574498,5436599.2,0.00370406432296965
2025-02-03 22:00:00,228.8,229.2,94543.0,228.614,228.3,0.0017482517482516,32.544378698224875,4304734.2,0.003707078062845873
2025-02-03 23:00:00,229.15,229.1,82946.0,228.784,228.209,-0.00043630017452,41.08309990662934,3358001.8,0.002923940325414984
2025-02-04 00:00:00,229.0792,228.8025,96943.0,228.7765,228.20525000000004,-0.0012985595809689,35.77156743620908,2462671.0,0.002827933915490119
2025-02-04 09:00:00,226.65,226.71,41352.0,228.5225,228.08725,-0.0091454420296981,30.263157894736906,862690.6,0.0048831686421561705
2025-02-04 10:00:00,226.57,227.17,13306.0,228.1965,228.16625000000005,0.0020290238630849,34.702430846605154,65818.0,0.004544184486602856
2025-02-04 11:00:00,227.29,226.98,51025.0,227.7525,228.18325,-0.0008363780428753,36.604774535808986,57114.4,0.0042297179336983
2025-02-04 12:00:00,226.94,227.07,63140.0,227.3465,228.06525,0.000396510705789,41.34897360703806,53153.2,0.004319068111774007
2025-02-04 13:00:00,226.85,227.39,2073255.0,227.064,227.92025,0.001409257057295,47.39583333333332,448415.6,0.004556358481158389
2025-02-04 14:00:00,227.3,228.922,5737218.0,227.5064,228.01445,0.0067373235410528,63.2093119933486,1587588.8,0.002889390302765327
2025-02-04 15:00:00,228.94,230.52,6750121.0,228.1764,228.18645,0.0069805435912669,67.19184430027809,2934951.8,0.003668077458966529
2025-02-04 16:00:00,230.52,232.19,4771107.0,229.21840000000003,228.48545,0.0072444907166405,67.87658802177862,3878968.2,0.0033566307693155485
2025-02-04 17:00:00,232.19,232.245,4363114.0,230.2534,228.79995,0.0002368749730824,66.23748211731046,4738963.0,0.0034064466585972527
2025-02-04 18:00:00,232.24,231.49,2393153.0,231.0734,229.0687,-0.0032508773062929,66.9075144508672,4802942.6,0.004816580294653605
2025-02-04 19:00:00,231.49,232.547,2787154.0,231.7984,229.6524,0.0045660719685515,67.64622774795144,4212929.8,0.00455248720594811
2025-02-04 20:00:00,232.5564,232.79,5303098.0,232.2524,230.2144,0.0010449500531075,67.1606118546846,3923525.2,0.00405206204239628
2025-02-04 21:00:00,232.8,232.34,1995606.0,232.2824,230.7504,-0.0019330727264916,64.98612395929706,3368425.0,0.003008897302217499
2025-02-04 22:00:00,232.39,231.79,54429.0,232.1914,231.2224,-0.0023672204527847,63.50282485875702,2506688.0,0.003205339479744391
2025-02-04 23:00:00,231.88,232.25,53341.0,232.34340000000003,231.70840000000004,0.0019845549851158,79.37433722163311,2038725.6,0.002874374543342336
2025-02-05 00:00:00,232.13,232.75,52204.0,232.384,232.0912,0.0021528525296017,79.4614572333686,1491735.6,0.002170832123721457
2025-02-05 09:00:00,228.95,227.59,245087.0,231.344,231.7982,-0.0221697099892588,52.11218836565102,480133.4,0.01012003965680969
2025-02-05 10:00:00,227.64,226.63,104897.0,230.202,231.2422,-0.0042181115163232,48.56303069888963,101991.6,0.010028208786056833
2025-02-05 11:00:00,226.77,226.48,178747.0,229.14,230.6657,-0.0006618717733751,46.994715984147966,126855.2,0.010164955050701056
2025-02-05 12:00:00,226.5,228.3,268427.0,228.35,230.3467,0.0080360296714942,47.98418459942966,169872.4,0.011424554005201348
2025-02-05 13:00:00,226.66,227.9,457994.0,227.38,229.882,-0.0017520805957074,40.79409697821503,251030.4,0.011080736808184912
2025-02-05 14:00:00,227.96,230.165,5667216.0,227.895,229.6195,0.0099385695480473,43.17032040472174,1335456.2,0.006303226185923826
2025-02-05 15:00:00,230.19,229.53,4884036.0,228.475,229.3385,-0.0027588903612625,41.18792599805257,2291284.0,0.005951791335062052
2025-02-05 16:00:00,229.52,230.7,3243978.0,229.319,229.2295,0.0050973728924323,47.50316055625783,2904330.2,0.0057252785436849585
2025-02-05 17:00:00,230.7299,230.05,2406017.0,229.669,229.0095,-0.0028175119202426,41.89969506260953,3331848.2,0.005733607597796158
2025-02-05 18:00:00,230.055,230.54,2561588.0,230.19700000000003,228.7885,0.0021299717452726,42.81609195402297,3752567.0,0.005430967844499977
2025-02-05 19:00:00,230.54,231.29,2975051.0,230.42200000000005,229.1585,0.003253231543333,46.71052631578943,3214134.0,0.003600110089757675
2025-02-05 20:00:00,231.3,232.45,5047590.0,231.006,229.74050000000005,0.0050153486964416,51.9915509957755,3246844.8,0.0032421894785567545
2025-02-05 21:00:00,232.455,232.17,547342.0,231.3,230.3095,-0.001204560120456,49.7559487492373,2707517.6,0.0032222452135683456
2025-02-05 22:00:00,232.02,231.89,32930.0,231.668,230.6685,-0.0012060128354223,47.340754483611576,2232900.2,0.0027576207093252592
2025-02-05 23:00:00,231.8208,232.1718,9112.0,231.99436,231.09568,0.0012152313596964,70.28817371898192,1722405.0,0.0027437800722804823
2025-02-06 00:00:00,232.0317,232.2,31392.0,232.17636,231.29918,0.0001214617795959,76.88223938223946,1133673.2,0.002571169939210961
2025-02-06 09:00:00,232.0,231.55,24243.0,231.99636,231.50118000000003,-0.0027993109388457,73.34254143646434,129003.8,0.0015192755404495422
2025-02-06 10:00:00,231.53,231.59,21612.0,231.88036,231.59018,0.0001727488663355,68.11674008810589,23857.8,0.001546456103745464
2025-02-06 11:00:00,231.55,230.85,26848.0,231.67236,231.67018,-0.0031953020424025,65.65817409766464,22641.4,0.0019713020779881293
2025-02-06 12:00:00,231.01,231.5,22856.0,231.538,231.76618,0.0028156811782543,58.55221012171699,25390.2,0.002467510348307375
2025-02-06 13:00:00,230.87,231.31,89352.0,231.36,231.76818000000003,-0.0008207343412526,62.092391304347956,36982.2,0.0024366239570064326
2025-02-06 14:00:00,231.34,233.52,4502977.0,231.754,231.87518,0.0095542778090009,66.78571428571452,932729.0,0.004888375544334957
2025-02-06 15:00:00,233.48,230.9499,4461951.0,231.62598,231.75316999999995,-0.0110059095580678,54.359938372690216,1820796.8,0.007579895830241763
2025-02-06 16:00:00,230.94,231.06,2662928.0,231.66798,231.67017,0.0004767267706112,52.61564153638765,2348012.8,0.007433624727271309
2025-02-06 17:00:00,231.065,231.77,2276263.0,231.72198,231.62999,0.0030727949450359,52.42419345063745,2798694.2,0.007457060184828812
2025-02-06 18:00:00,231.785,232.41,1798634.0,231.94198,231.65099,0.0027613582430857,49.78678492995889,3140550.6,0.007499770789064412
2025-02-06 19:00:00,232.41,232.17,2177921.0,231.67198,231.71299,-0.0010326578030205,50.0,2675539.4,0.005764754619179283
2025-02-06 20:00:00,232.16,233.22,4124681.0,232.12600000000003,231.87599,0.0045225481328337,56.577515776146925,2608085.4,0.002213777350868636
2025-02-06 21:00:00,233.22,232.79,1502954.0,232.47200000000004,232.06999,-0.0018437526798731,53.013140450752566,2376090.6,0.0027746831176266315
2025-02-06 22:00:00,232.75,232.188,62007.0,232.5556,232.13879000000003,-0.0025860217363288,49.94460958992633,1933239.4,0.0031051691517206786
2025-02-06 23:00:00,232.4,232.7785,51384.0,232.6293,232.28564,0.0025431977535446,55.70191316940039,1583789.4,0.0030643305952447863
2025-02-07 00:00:00,233.1,233.1,22087.0,232.81530000000004,232.24364,0.0013811412995615,56.829983173816224,1152622.6,0.002986985984279464
2025-02-07 09:00:00,232.92,232.87,22610.0,232.7453,232.43565000000004,-0.0009867009867009,59.57872574495934,332208.4,0.0021789116049170175
2025-02-07 10:00:00,232.8,232.76,13075.0,232.7393,232.60565,-0.0004723665564478,56.297355110853374,34232.6,0.002015980369517675
2025-02-07 11:00:00,232.79,232.97,5385.0,232.8957,232.72565,0.0009022168757518,58.27996249077229,22908.2,0.0014246152804446197
2025-02-07 12:00:00,232.85,232.82,20741.0,232.904,232.76665,-0.000643859724428,45.605333869063976,16779.6,0.001039987964268747
2025-02-07 13:00:00,232.84,232.5,128365.0,232.784,232.79965,-0.0013744523666351,63.563815824014085,38035.2,0.000864304098403931
2025-02-07 14:00:00,232.51,232.69,3645477.0,232.748,232.74665,0.0008172043010752,64.06627545736956,762608.6,0.0009861104603320675
2025-02-07 15:00:00,232.675,230.53,6330849.0,232.302,232.52065,-0.0092827366882977,41.44119271120925,2026163.4,0.00423063753277839
2025-02-07 16:00:00,230.57,229.03,5070223.0,231.514,232.20485,-0.0065067453259879,29.146100691016926,3039131.0,0.004293669884396624
2025-02-07 17:00:00,229.03,228.73,4398484.0,230.696,231.8,-0.0013098720691612,28.931896129348488,3914679.6,0.004196085148304344
2025-02-07 18:00:00,228.72,228.1099,2559289.0,229.81798,231.30099,-0.0027110567044112,16.96383548182736,4400864.4,0.0040648484840585765
2025-02-07 19:00:00,228.11,228.295,2713573.0,228.93898,230.84349,0.0008114509716587,19.99011910484421,4214483.6,0.004063215669685949
2025-02-07 20:00:00,228.28,227.71,6637799.0,228.37498,230.33849,-0.0025624739919839,20.035598618880613,4275873.6,0.002668087942515465
2025-02-07 21:00:00,227.63,227.5,927046.0,228.06898,229.79149,-0.0009222256378727,12.783958712297121,3447238.2,0.0014298965662454556
2025-02-07 22:00:00,227.54,227.5,25412.0,227.82298,229.25949,0.0,8.642285309148718,2572623.8,0.0015513627374919325
2025-02-07 23:00:00,227.53,227.27,27016.0,227.65500000000003,228.73649,-0.0010109890109889,8.642285309148718,2066169.2,0.0012631907126275947
2025-02-08 00:00:00,227.27,227.25,16372.0,227.446,228.19249,-8.800105601271717e-05,8.758719798808215,1526729.0,0.0010301181735026966
2025-02-10 09:00:00,228.5,228.4,27366.0,227.584,227.97949,0.005060506050605,20.013910396052452,204642.4,0.002531877140602619
2025-02-10 10:00:00,228.4,228.61,8524.0,227.806,227.93749000000005,0.0009194395796847,22.591859586989912,20938.0,0.0023832324767496553
2025-02-10 11:00:00,228.65,228.98,16232.0,228.102,227.96249000000003,0.001618476882026,27.23215440738896,19102.0,0.0023267400257929575
2025-02-10 12:00:00,229.0,228.97,34648.0,228.442,228.0485,-4.367193641362086e-05,25.36489099626479,20628.4,0.002117353288417199
2025-02-10 13:00:00,228.97,229.21,142188.0,228.834,228.14,0.0010481722496397,38.27750346346483,45791.6,0.001960361836565379
2025-02-10 14:00:00,229.22,229.16,3783210.0,228.986,228.285,-0.0002181405697832,51.554949523946185,796960.4,0.0007750535000629077
2025-02-10 15:00:00,229.16,229.04,4326063.0,229.07200000000003,228.439,-0.0005236515971373,53.87480625968709,1660468.2,0.0009129710567426314
2025-02-10 16:00:00,229.03,229.22,2843665.0,229.12,228.611,0.0007858889276982,65.590854189489,2225954.8,0.0006745514895593566
2025-02-10 17:00:00,229.21,228.67,2389515.0,229.06,228.75100000000003,-0.002399441584504,54.777070063694254,2696928.2,0.00136506983930466
2025-02-10 18:00:00,228.66,228.5593,2198258.0,228.92986,228.88193,-0.0004841037302662,62.306198742284124,3108142.2,0.0011531045519590525
2025-02-10 19:00:00,228.56,228.04,2319972.0,228.70586,228.84593,-0.0022720580610809,57.18085106382964,2815494.6,0.0013469178077416563
2025-02-10 20:00:00,228.035,227.64,5049448.0,228.42586,228.74893,-0.0017540782318891,51.68269230769213,2960171.6,0.0013553752860980736
2025-02-10 21:00:00,227.65,227.45,1817304.0,228.07186,228.59593,-0.0008346512036548,52.1844660194172,2754899.4,0.0008562153801239076
2025-02-10 22:00:00,227.38,227.3,16429.0,227.79786,228.42893,-0.0006594856012309,50.58823529411777,2280282.2,0.0007737005831293989
2025-02-10 23:00:00,227.35,226.9,54358.0,227.466,228.19793,-0.0017597888253409,28.57142857142857,1851502.2,0.000683300547924962
2025-02-11 00:00:00,226.8996,226.9999,31162.0,227.25798,227.98192000000003,0.0004402820625825,26.251511844006828,1393740.2,0.0009118995079525753
2025-02-11 09:00:00,227.14,226.73,16747.0,227.07598,227.75091999999995,-0.0011889873079239,15.803392303483633,387200.0,0.0008111333009452929
2025-02-11 10:00:00,226.73,226.75,6294.0,226.93598000000003,227.50392,8.821064702514106e-05,16.36159767258657,24998.0,0.000901402067611044
2025-02-11 11:00:00,226.7,227.0,7113.0,226.87598,227.33692,0.0011025358324145,16.614296936370906,23134.8,0.001181150970450825
2025-02-11 12:00:00,227.03,226.73,25974.0,226.84198,227.15399,-0.0011894273127753,15.578786333503444,17458.0,0.0010166028766551334
2025-02-11 13:00:00,226.8,226.1,2699111.0,226.662,226.95999,-0.0027786353812905,13.612060002970594,551047.8,0.0014685278671464654
2025-02-11 14:00:00,226.03,230.32,8722706.0,227.38,227.22799,0.0186643078283945,56.807099185623365,2292239.6,0.008778325644740233
2025-02-11 15:00:00,230.33,234.29,9254112.0,228.888,227.91199,0.0172368878082667,74.43520756882731,4141803.2,0.010458809001527094
2025-02-11 16:00:00,234.3,234.72,6171333.0,230.432,228.65399,0.001835332280507,76.06247514616163,5374647.2,0.01036712153658704
2025-02-11 17:00:00,234.71,234.22,3932751.0,231.93,229.38599,-0.0021301976823449,76.18688452346652,6156002.6,0.01055417191773473
2025-02-11 18:00:00,234.23,233.8497,2521606.0,233.47994,230.07097,-0.0015809922295277,76.37913016881774,6120501.6,0.010299607831472022
2025-02-11 19:00:00,233.835,233.3685,3442615.0,234.08964,230.73482,-0.0020577319534726,74.53508328289666,5064483.4,0.008311960306666246
2025-02-11 20:00:00,233.37,232.77,6593582.0,233.78564,231.33682,-0.0025646134761118,71.86285951813775,4532377.4,0.0017868895912653375
2025-02-11 21:00:00,232.62,232.81,1153747.0,233.40364,231.91782,0.0001718434506164,74.32138800638693,3528860.2,0.0010672006532517356
2025-02-11 22:00:00,232.79,232.62,20467.0,233.08364,232.50682,-0.0008161161462136,72.95811240287912,2746403.4,0.0010757162411231982
2025-02-11 23:00:00,232.66,232.9133,17225.0,232.89636,233.18815,0.0012608546126729,75.21058768846888,2245527.2,0.001572228108489
2025-02-12 00:00:00,232.8,232.84,22986.0,232.79066,233.44015,-0.0003147093789834,74.72273192277098,1561601.4,0.0014086886680953364
2025-02-12 09:00:00,232.89,232.39,26309.0,232.71466,233.25015,-0.0019326576189658,71.5314062924436,248146.8,0.001181910059954976
2025-02-12 10:00:00,232.43,232.56,6971.0,232.66466,233.03415,0.0007315288953914,73.47663611616714,18791.6,0.0012644851741394352
2025-02-12 11:00:00,232.59,232.75,10461.0,232.69066,232.88715,0.0008169934640522,77.76247015012612,16790.4,0.0012809570272402345
2025-02-12 12:00:00,232.83,232.94,18306.0,232.696,232.79618,0.0008163265306122,66.48503762615462,17006.6,0.0011937806452658611
2025-02-12 13:00:00,232.8,231.0,2514242.0,232.328,232.55933,-0.0083283248905297,22.19686982388535,515257.8,0.003952700898652322
2025-02-12 14:00:00,231.05,232.56,4890814.0,232.362,232.53833,0.0067532467532467,34.67345954077143,1488158.8,0.005401656955827073
2025-02-12 15:00:00,232.56,234.6347,7065032.0,232.77694,232.7208,0.0089211386308909,52.40508971964791,2899771.0,0.0067037687944594875
2025-02-12 16:00:00,234.65,235.4024,4017297.0,233.30742,232.99904,0.0032718945663194,58.6082251322252,3701138.2,0.006704050559612535
2025-02-12 17:00:00,235.385,235.66,3051504.0,233.85142,233.27371,0.0010942964047944,63.02714011210781,4307777.8,0.006689945131764986
2025-02-12 18:00:00,235.67,235.61,2715966.0,234.77342,233.55071,-0.0002121700755324,67.21921761695737,4348122.6,0.0038245166975283953
2025-02-12 19:00:00,235.6024,236.47,3484006.0,235.55542,233.95871,0.0036500997410975,70.18397194097021,4066761.0,0.003496815619018648
2025-02-12 20:00:00,236.48,236.89,6080852.0,236.00648,234.39171,0.0017761238212034,72.96538519458728,3869925.0,0.0015866176279472936
2025-02-12 21:00:00,236.87,236.91,1380026.0,236.308,234.80771,8.442737135383609e-05,72.14655392151438,3342470.8,0.0015454734278757115
2025-02-12 22:00:00,236.9321,236.79,18033.0,236.534,235.19271,-0.000506521463847,71.77508269018739,2735776.6,0.001745993778357164
2025-02-12 23:00:00,236.86,236.97,17323.0,236.806,235.78971,0.0007601672367921,76.0227272727274,2196048.0,0.0016335518698622324
2025-02-13 00:00:00,236.95,237.0878,22382.0,236.92956,236.24249,0.0004971093387348,75.87964974050624,1503723.2,0.0008484538293644462
2025-02-13 09:00:00,236.61,235.87,41573.0,236.72556,236.36602,-0.0051364937377628,65.9580997585827,295867.4,0.0024378256763446563
2025-02-13 10:00:00,235.72,236.26,12557.0,236.59556,236.45178,0.0016534531733581,66.64060307149452,22373.6,0.002678895969957252
2025-02-13 11:00:00,236.33,235.77,21485.0,236.39156,236.46278,-0.0020739862862946,77.97457070470148,23064.0,0.0027634351750619414
2025-02-13 12:00:00,235.92,236.07,35320.0,236.21156,236.50878000000003,0.0012724265173685,74.15492182338721,26663.4,0.002846755335475317
2025-02-13 13:00:00,235.99,237.11,1235122.0,236.216,236.57278,0.0044054729529377,69.86310163860793,269211.4,0.0036892829104526524
2025-02-13 14:00:00,237.11,236.31,5437801.0,236.304,236.51478000000003,-0.0033739614524904,57.245497509260545,1348457.0,0.0031119431537680784
2025-02-13 15:00:00,236.29,239.2801,6150612.0,236.90802,236.75179000000003,0.0125686598112648,70.1661151776465,2576068.0,0.006362440847396314
2025-02-13 16:00:00,239.28,240.39,8107860.0,237.83202,237.11179,0.0046384968913001,73.81521782454465,4193343.0,0.005825829908442756
2025-02-13 17:00:00,240.42,240.6891,3103485.0,238.75584,237.4837,0.0012442281292899,72.26508491034026,4806976.0,0.005829024884629624
2025-02-13 18:00:00,240.68,241.59,3463904.0,239.65184,237.93392000000003,0.003743002902915,73.60480533569061,5252732.4,0.00582209077618156
2025-02-13 19:00:00,241.585,242.23,3545107.0,240.83584,238.56992,0.0026491162713687,75.15223722531118,4874193.6,0.004433478205356136
2025-02-13 20:00:00,242.22,241.52,6316575.0,241.28382,239.09592000000004,-0.0029310985427072,71.18112774951659,4907386.2,0.0029674006682346155
2025-02-13 21:00:00,241.48,241.3199,1055193.0,241.4698,239.65091,-0.0008285028155019,69.44402227844486,3496852.8,0.0026855127604215085
2025-02-13 22:00:00,241.3111,241.23,28919.0,241.57798,240.16691,-0.000372534548539,68.56190288408118,2881939.6,0.0027121449283158605
2025-02-13 23:00:00,241.3,241.4,14774.0,241.53998,240.59591,0.0007047216349542,77.34915924826907,2192113.6,0.0020499900986782373
2025-02-14 00:00:00,241.35,241.4782,20411.0,241.38962,241.11273,0.0003239436619717,76.62836031107757,1487174.4,0.001422304792045612
2025-02-14 09:00:00,241.98,241.06,46773.0,241.29762,241.29072,-0.0017318333497598,77.19402862312882,233214.0,0.000961875522281674
2025-02-14 10:00:00,241.11,241.52,38901.0,241.33764,241.40372,0.0019082386127935,77.56311700922485,29955.6,0.0013455809322917606
2025-02-14 11:00:00,241.5,240.68,61915.0,241.22764,241.40281,-0.0034779728386883,68.42789890981167,36554.8,0.002139233013635933
2025-02-14 12:00:00,240.75,240.96,34906.0,241.13964,241.33981,0.0011633704503905,75.3643742363415,40581.2,0.00221003300860559
2025-02-14 13:00:00,240.72,240.79,255838.0,241.002,241.19581,-0.0007055112881806,61.858536355496824,87666.6,0.0021777716762667173
2025-02-14 14:00:00,240.88,244.32,6406762.0,241.654,241.47581,0.0146600772457328,72.36410816716744,1359664.4,0.00699635539102896
2025-02-14 15:00:00,244.31,244.28,7464197.0,242.206,241.77182,-0.0001637197118532,71.0553164542118,2844723.6,0.007116026040375959
2025-02-14 16:00:00,244.28,244.38,3739684.0,242.946,242.08682,0.000409366300966,68.05498032718988,3580277.4,0.0065145124576665965
2025-02-14 17:00:00,244.37,243.91,3272802.0,243.536,242.33782,-0.0019232343072264,61.116404637128845,4227856.6,0.006876844974317379
2025-02-14 18:00:00,243.915,244.16,1927290.0,244.21,242.606,0.0010249682259849,68.60098077898638,4562147.0,0.00671974451307924
2025-02-14 19:00:00,244.1602,244.2683,1987317.0,244.19966,242.92683,0.0004435615989515,71.04616965993787,3678258.0,0.0011326717120051899
2025-02-14 20:00:00,244.265,244.57,6329664.0,244.25766,243.23183000000003,0.0012351172870158,73.1417327199158,3451351.4,0.0012605670920080778
2025-02-14 21:00:00,244.6,244.67,2536640.0,244.31566000000004,243.63083,0.0004088808929958,72.87865218851445,3210742.6,0.0012605506092860132
2025-02-14 22:00:00,244.6637,244.48,76592.0,244.42966,243.98283,-0.0007765561777087,70.67868066462765,2571500.6,0.0007828939384244829
2025-02-14 23:00:00,244.4703,244.7925,11385.0,244.55616,244.38308,0.0012782231675392,76.09227542817186,2188319.6,0.00083449387363332
2025-02-15 00:00:00,244.75,244.65,6682.0,244.6325,244.41608,-0.0005821256778699,72.89685442574985,1792192.6,0.0009720508495898507
2025-02-18 09:00:00,245.05,244.96,34008.0,244.7105,244.48408,0.0012671162885755,83.94131641554334,533061.4,0.0009797171689529087
2025-02-18 10:00:00,244.94,244.9,10948.0,244.7565,244.53608,-0.0002449379490529,82.37469186524248,27923.0,0.0010079651997048434
2025-02-18 11:00:00,244.96,244.68,21769.0,244.7965,244.61308,-0.0008983258472846,81.7033414832929,16958.4,0.00103812677355154
2025-02-18 12:00:00,244.66,244.98,53581.0,244.834,244.69508,0.0012260912211867,61.35972461273683,25397.6,0.0010243081440558526
2025-02-18 13:00:00,244.8,244.7,1227092.0,244.844,244.73825,-0.0011429504449342,56.67726550079481,269479.6,0.0011482196844638391
2025-02-18 14:00:00,244.7,244.93,6896986.0,244.838,244.77425,0.0009399264405395,58.39694656488573,1642075.2,0.0010673789860103642
2025-02-18 15:00:00,244.984,244.33,4302409.0,244.724,244.74025,-0.0024496795002653,56.167400881057546,2500367.4,0.001534596741445157
2025-02-18 16:00:00,244.33,244.89,3422221.0,244.766,244.78125,0.0022919821552816,59.82503364737551,3180457.8,0.0019233717767900287
2025-02-18 17:00:00,244.895,243.975,2218460.0,244.565,244.69950000000003,-0.0037363714320715,46.75675077957382,3613433.6,0.0024518945182136036
2025-02-18 18:00:00,243.97,242.62,3184600.0,244.149,244.49650000000003,-0.0055538477303001,32.51121076233173,4004935.2,0.0032583005793711903
2025-02-18 19:00:00,242.61,243.695,3285269.0,243.902,244.37,0.0044307971313164,42.55725190839691,3282591.8,0.004202900004642661
2025-02-18 20:00:00,243.6989,244.46,6140868.0,243.928,244.326,0.0031391698639693,49.85964912280714,3650283.6,0.004457573720863699
2025-02-18 21:00:00,244.37,244.53,3194707.0,243.856,244.311,0.0002863454143826,48.09298946603712,3604780.8,0.004300082055168775
2025-02-18 22:00:00,244.56,244.58,14794.0,243.977,244.271,0.0002044738886844,49.48453608247427,3164047.6,0.0038470258101481265
2025-02-18 23:00:00,244.65,244.9486,23884.0,244.44272,244.29586,0.0015070733502329,49.916771310924794,2531904.4,0.0018420529548032374
2025-02-19 00:00:00,244.9,245.37,37678.0,244.77772,244.33986,0.0017203609247001,53.259361997226094,1882386.2,0.0012046006852960897
2025-02-19 09:00:00,245.0,244.56,19547.0,244.79772,244.36286,-0.00330113705832,49.2307692307692,658122.0,0.0020135431272585115
2025-02-19 10:00:00,244.55,244.0,13644.0,244.69172,244.27386,-0.0022898266274125,43.9205955334988,21909.4,0.0022628095963465526
2025-02-19 11:00:00,244.01,243.88,14394.0,244.55172,244.26436,-0.0004918032786885,44.81012658227851,21829.4,0.002235117959249054
2025-02-19 12:00:00,243.88,244.29,17411.0,244.42,244.43136,0.0016811546662292,46.03960396039592,20534.8,0.0022765534950772706
2025-02-19 13:00:00,244.2,244.11,775151.0,244.16800000000003,244.47286,-0.0007368291784353,48.56396866840731,168029.4,0.0019020491853905044
2025-02-19 14:00:00,244.12,245.07,3961723.0,244.27,244.53386,0.0039326533120313,51.116625310173745,956464.6,0.0024208489922883376
2025-02-19 15:00:00,245.07,243.42,4171289.0,244.154,244.42286,-0.0067327702289142,46.84479818078449,1787993.6,0.003978215226721942
2025-02-19 16:00:00,243.41,244.78,3620150.0,244.334,244.44286,0.0055870511872484,62.27272727272727,2509144.8,0.004811336518326254
2025-02-19 17:00:00,244.79,244.72,2598159.0,244.42,244.42,-0.0002451180652014,56.58317276814391,3025294.4,0.004794854076707214
2025-02-19 18:00:00,244.73,244.73,1825641.0,244.544,244.356,4.086302713301285e-05,51.92034139402548,3235392.4,0.004762845899417702
2025-02-19 19:00:00,244.74,244.835,2254718.0,244.497,244.3835,0.0004290442528501,52.158527954706344,2893991.4,0.004376686680551051
2025-02-19 20:00:00,244.84,244.89,4551739.0,244.791,244.4725,0.0002246410848121,52.19236209335202,2970081.4,0.002460874563112431
2025-02-19 21:00:00,244.87,244.51,631456.0,244.737,244.5355,-0.0015517170974723,46.90315474341225,2372342.6,0.0007843968948166009
2025-02-19 22:00:00,244.5025,244.34,16605.0,244.661,244.5405,-0.0006952680871947,42.45973645680814,1856031.8,0.0008132379760241962
2025-02-19 23:00:00,244.38,244.58,16456.0,244.631,244.5875,0.0009822378652697,50.15974440894578,1494194.8,0.0010019828000531166
2025-02-20 00:00:00,244.65,244.8,8779.0,244.624,244.5605,0.0008995011857061,56.7567567567569,1045007.0,0.0010853141171732789
2025-02-20 09:00:00,243.98,244.09,27519.0,244.46400000000003,244.6275,-0.0029003267973856,51.61290322580653,140163.0,0.001654102437026476
2025-02-20 10:00:00,244.11,244.1,9415.0,244.382,244.5595,4.096849522713304e-05,48.445171849427176,15754.8,0.0015899021086199492
2025-02-20 11:00:00,244.1,243.91,8488.0,244.296,244.4785,-0.0007783695206882,48.36601307189528,14131.4,0.001595041328119353
2025-02-20 12:00:00,243.87,244.5,14898.0,244.28000000000003,244.45550000000003,0.0024189250133246,45.04347826086963,13819.8,0.0019785943847682517
2025-02-20 13:00:00,244.17,243.78,144524.0,244.076,244.35,-0.0029447852760736,53.73443983402504,40968.8,0.00224027333449127
2025-02-20 14:00:00,243.7967,244.9,4539424.0,244.238,244.35100000000003,0.0045943063417835,51.310043668122326,943349.8,0.0029162893633419306
2025-02-20 15:00:00,244.9,245.07,3902273.0,244.432,244.407,0.0006941608819925,53.73134328358205,1721921.4,0.0028958374500755502
2025-02-20 16:00:00,245.11,245.275,5034401.0,244.705,244.5005,0.0008364956951075,55.578300921187484,2727104.0,0.0027632500597869463
2025-02-20 17:00:00,245.265,245.36,2819029.0,244.877,244.5785,0.0003465497910508,55.39568345323749,3287930.2,0.002673645962981896
2025-02-20 18:00:00,245.369,245.3506,2066070.0,245.19112,244.63356000000005,-3.831105314651056e-05,54.77860314561976,3672239.4,0.001879732888155958
2025-02-20 19:00:00,245.33,245.335,2008507.0,245.27812,244.75806000000003,-6.35824815589522e-05,59.25925925925943,3166056.0,0.0004113527905369098
2025-02-20 20:00:00,245.33,245.86,4357865.0,245.43612,244.93406,0.0021399311145984,65.8004158004158,3257174.4,0.0009123544028921096
2025-02-20 21:00:00,245.83,245.67,480630.0,245.51512,245.11006,-0.000772797527048,61.44957983193239,2346420.2,0.0010934526875096078
2025-02-20 22:00:00,245.6703,245.6025,10302.0,245.56362,245.22031,-0.000274758822811,58.7086272381983,1784674.8,0.0011248681543952449
2025-02-20 23:00:00,245.65,245.69,10721.0,245.6315,245.41131,0.0003562667318126,70.07528230865718,1373605.0,0.0011179562407470044
2025-02-21 00:00:00,245.69,245.6,5604.0,245.6845,245.48131,-0.0003663152753469,68.45018450184477,973024.4,0.0011487863660264537
2025-02-21 09:00:00,245.55,245.36,9709.0,245.5845,245.51031,-0.0009771986970683,67.61846901579591,103393.2,0.0005149401559572899
2025-02-21 10:00:00,245.36,245.3,8167.0,245.5105,245.51281000000003,-0.0002445386371046,61.15760111576016,8900.6,0.0004736523850657583
2025-02-21 11:00:00,245.36,245.38,2592.0,245.46600000000004,245.51481,0.0003261312678352,77.16468590831889,7358.6,0.0005518489043924614
2025-02-21 12:00:00,245.42,245.75,14351.0,245.478,245.55475,0.0015078653516994,69.36218678815457,8084.6,0.0009376600064841997
2025-02-21 13:00:00,245.55,245.89,86775.0,245.536,245.61025,0.0005696846388605,68.93764434180105,24318.8,0.0009273454400939552
2025-02-21 14:00:00,245.94,245.69,6211084.0,245.602,245.59325,-0.0008133718329333,59.60648148148131,1264593.8,0.0008751732958608169
2025-02-21 15:00:00,245.64,245.83,3766548.0,245.708,245.60925000000003,0.0005698237616509,60.60948081264104,2016270.0,0.0008303008327110291
2025-02-21 16:00:00,245.815,247.015,6574468.0,246.035,245.7505,0.0048204043444655,74.54432843744507,3330645.2,0.002119230099830434
2025-02-21 17:00:00,247.02,248.43,5251304.0,246.571,246.0245,0.0057283970609073,82.30688935281842,4378035.8,0.0029029635372386075
2025-02-21 18:00:00,248.45,247.74,6251065.0,246.941,246.2385,-0.0027774423378818,68.97073662966702,5610893.8,0.0036543707410042004
2025-02-21 19:00:00,247.75,245.92,5756020.0,246.987,246.29450000000003,-0.007346411560507,51.89825360668186,5519881.0,0.005428203313070532
2025-02-21 20:00:00,245.91,245.59,9671954.0,246.939,246.3235,-0.0013418998048145,49.90872581234036,6700962.2,0.005462767487066876
2025-02-21 21:00:00,245.55,245.301,1504346.0,246.5962,246.3156,-0.0011767580113197,47.24074336785351,5686937.8,0.004693690974561325
2025-02-21 22:00:00,245.3,245.3,51542.0,245.97020000000003,246.2706,-4.076624228912044e-06,47.844827586207,4646985.4,0.0028671493053582446
2025-02-21 23:00:00,245.3,245.21,13284.0,245.4642,246.2026,-0.0003668976763147,48.89867841409687,3399429.2,0.0030139065102958973
2025-02-22 00:00:00,245.18,245.0,22739.0,245.2802,246.13360000000003,-0.0008564087924636,47.844827586206804,2252773.0,0.0005583360431516113
2025-02-24 09:00:00,245.39,245.21,28807.0,245.2042,246.0716,0.0008571428571428,48.80112834978853,324143.6,0.0007919720833073212
2025-02-24 10:00:00,245.2,245.21,13671.0,245.186,245.8911,0.0,45.98214285714291,26008.6,0.0006275637128322112
2025-02-24 11:00:00,245.22,243.8,339200.0,244.886,245.4281,-0.005750173320827,36.921151439299294,83540.2,0.002606977249973147
2025-02-24 12:00:00,243.86,243.85,169178.0,244.614,245.0391,0.0002050861361771,38.26530612244896,114719.0,0.0026658353820318836
2025-02-24 13:00:00,243.6,244.37,290029.0,244.488,244.8841,0.0021324584785729,41.11922141119216,168177.0,0.003044771132546991
2025-02-24 14:00:00,244.33,248.065,7380239.0,245.05900000000003,245.1316,0.0151205139747104,54.89282385834114,1638463.4,0.007727693059256937
2025-02-24 15:00:00,248.08,247.225,9076435.0,245.462,245.324,-0.0033862092596698,44.06696208764149,3451016.2,0.008122503160905655
2025-02-24 16:00:00,247.22,248.0,4959229.0,246.302,245.594,0.0031347962382445,51.26953124999995,4375022.0,0.00698747115575954
2025-02-24 17:00:00,248.0,247.27,2581892.0,246.986,245.8,-0.0029435483870967,57.37704918032801,4857564.8,0.0074767911704835665
2025-02-24 18:00:00,247.27,247.98,3100007.0,247.708,246.098,0.0028713551987704,62.5393494228751,5419560.4,0.0074673081724397
2025-02-24 19:00:00,247.98,247.98,4424448.0,247.691,246.375,0.0,64.49518450384166,4828402.2,0.003089562031844816
2025-02-24 20:00:00,247.965,247.23,6807237.0,247.692,246.577,-0.0030244374546334,59.659659659659575,4374562.6,0.0029951225281467787
2025-02-24 21:00:00,247.22,247.9,1949250.0,247.672,246.987,0.002710027100271,62.72469252601703,3772566.8,0.0028883703937527465
2025-02-24 22:00:00,247.93,247.78,61818.0,247.774,247.38,-0.0004840661557079,63.26335877862598,3268552.0,0.002455152964184832
2025-02-24 23:00:00,247.77,247.55,70990.0,247.688,247.698,-0.0009282427960286,61.142857142857196,2662748.6,0.002061013805161066
2025-02-25 00:00:00,247.6,248.09,42731.0,247.71,247.7005,0.002181377499495,63.043478260869584,1786405.2,0.0023613814025590777
2025-02-25 09:00:00,247.76,246.55,39545.0,247.574,247.633,-0.0062074247248981,62.309758281110156,432866.8,0.0035440786960760882
2025-02-25 10:00:00,246.54,246.38,26062.0,247.27,247.471,-0.0006895153112959,61.204605845881325,48229.2,0.003055804059932959
2025-02-25 11:00:00,246.4,247.09,32653.0,247.132,247.45300000000003,0.0028817274129393,61.84668989547039,42396.2,0.003584903539809499
2025-02-25 12:00:00,247.0,247.65,38763.0,247.152,247.42,0.0022663806710105,47.51348112642305,35950.8,0.0037805216562470847
2025-02-25 13:00:00,247.11,247.2,2153840.0,246.974,247.342,-0.0018170805572381,49.842866121935856,458172.6,0.0036471572030361997
2025-02-25 14:00:00,247.1415,247.825,5687760.0,247.229,247.4015,0.0025283171521035,48.87892376681608,1587815.6,0.002136879022557384
2025-02-25 15:00:00,247.825,246.06,7408655.0,247.165,247.2175,-0.0071219610612326,43.156108597285034,3064334.2,0.004287729379677792
2025-02-25 16:00:00,246.09,249.542,6267082.0,247.6554,247.3937,0.0141510200764041,56.72580089562525,4311220.0,0.007838648404553058
2025-02-25 17:00:00,249.565,248.17,4384246.0,247.7594,247.4557,-0.0054980724687628,50.73166974738138,5180316.6,0.00851309514633674
2025-02-25 18:00:00,248.18,248.14,2741214.0,247.9474,247.4607,-0.0001208848773018,53.71004566210044,5297791.4,0.00843367167438353
2025-02-25 19:00:00,248.13,248.43,3490641.0,248.0684,247.6487,0.0011686950914806,52.22988892628745,4858367.6,0.008385298477934401
2025-02-25 20:00:00,248.42,247.05,5931490.0,248.2664,247.71570000000003,-0.0055548846757637,47.22306755934272,4562934.6,0.008051082572818422
2025-02-25 21:00:00,247.04,246.39,828929.0,247.636,247.6457,-0.0026715239829994,45.727125386768755,3475304.0,0.0030603696388626605
2025-02-25 22:00:00,246.39,246.497,42386.0,247.3014,247.5304,0.0004342708713828,43.93881744159509,2606932.0,0.0027597846759296455
2025-02-25 23:00:00,246.5,246.35,25908.0,246.94340000000005,247.4454,-0.0005963561422655,49.148791283622685,2063870.8,0.002714717533881601
2025-02-26 00:00:00,246.43,246.5,31020.0,246.5574,247.3129,0.0006088897909478,50.511596180081874,1371946.6,0.0025886441749239757
2025-02-26 09:00:00,246.62,245.89,26306.0,246.3254,247.2959,-0.002474645030426,44.84004127966974,190909.8,0.0015619764487442916
2025-02-26 10:00:00,245.87,246.25,16811.0,246.2974,246.96670000000003,0.0014640692992802,43.87469373468679,28486.2,0.0015098657191687217
2025-02-26 11:00:00,246.21,245.6,16651.0,246.118,246.70970000000003,-0.0026395939086294,43.12005503955979,23339.2,0.001824467816061386
2025-02-26 12:00:00,245.61,245.97,42526.0,246.042,246.4927,0.0015065146579804,41.84471995076071,26662.8,0.0020859083930148373
2025-02-26 13:00:00,246.22,245.5,945385.0,245.842,246.1997,-0.001910802130341,47.22167096646163,209535.8,0.0021135189639184485
2025-02-26 14:00:00,245.48,243.41,7942370.0,245.346,245.8357,-0.0085132382892057,14.701819019111795,1792748.6,0.004096736479272856
2025-02-26 15:00:00,243.42,242.19,5677647.0,244.534,245.4157,-0.0050121194692083,14.963674712913658,2924915.8,0.0037274937226358276
2025-02-26 16:00:00,242.195,243.19,3984774.0,244.052,245.085,0.004128989636236,23.958333333333755,3718540.4,0.005033768576772976
2025-02-26 17:00:00,243.23,241.55,3351309.0,243.168,244.605,-0.0067436983428594,18.30661507278454,4380297.0,0.00496505246371656
2025-02-26 18:00:00,241.55,239.65,4545163.0,241.998,243.92,-0.0078658662802732,17.469667663091542,5100252.6,0.0051656916633376244
2025-02-26 19:00:00,239.64,239.72,3050499.0,241.26,243.303,0.0002920926350928,19.0745548961427,4121878.4,0.005084114368099536
2025-02-26 20:00:00,239.72,240.31,5727580.0,240.884,242.709,0.002461204738862,22.543711724505272,4131865.0,0.005445148255725948
2025-02-26 21:00:00,240.36,239.9,995076.0,240.22600000000003,242.139,-0.0017061295826224,22.029488291413827,3533925.4,0.004461370953550765
2025-02-26 22:00:00,239.82,240.12,147078.0,239.94,241.554,0.0009170487703209,22.50000000000007,2893079.2,0.004024942916762789
2025-02-26 23:00:00,240.11,239.78,71510.0,239.966,240.98200000000003,-0.001415958687323,23.03618711385711,1998348.6,0.0017204305521268857
2025-02-27 00:00:00,239.79,239.6311,27806.0,239.94822,240.60411,-0.000620985903745,20.235814693899584,1393810.0,0.0017445149067752137
2025-02-27 09:00:00,240.12,240.91,31931.0,240.06822000000005,240.47611,0.0053369533420327,30.038815778273374,254680.2,0.0028881022423513417
2025-02-27 10:00:00,240.91,240.38,15154.0,240.16422000000003,240.19511000000003,-0.0021999916981445,26.527990056937412,58695.8,0.0029891831862550655
2025-02-27 11:00:00,240.4,240.34,13369.0,240.20822,240.07411,-0.0001664031949413,27.52182473993271,31954.0,0.002981902077531706
2025-02-27 12:00:00,240.32,239.16,52875.0,240.08422,240.02511,-0.0049097112424066,29.891746626544744,28227.0,0.0037593466991253832
2025-02-27 13:00:00,239.95,239.0,3998880.0,239.958,239.95311,-0.0006690081953503,33.224300048381295,822441.8,0.0037597559818015602
2025-02-27 14:00:00,238.95,240.58,4772733.0,239.892,239.98011,0.0066108786610879,37.063581752215605,1770602.2,0.004265213055979287
2025-02-27 15:00:00,240.62,241.24,4514287.0,240.064,240.11411,0.0027433701887106,48.29816201497616,2670428.8,0.004278000839360687
2025-02-27 16:00:00,241.23,240.435,3030790.0,240.083,240.14561000000003,-0.0033369258829381,54.89841253993608,3273913.0,0.004660451503080531
2025-02-27 17:00:00,240.46,240.775,2174491.0,240.406,240.24511,0.0014141036038846,56.36861930748059,3698236.2,0.003730484939097768
2025-02-27 18:00:00,240.82,241.61,2423350.0,240.92800000000005,240.443,0.0034679680199356,57.62212997490566,3383130.2,0.003627395819086157
2025-02-27 19:00:00,241.6001,239.71,3001472.0,240.754,240.323,-0.0078639129175117,49.051687995368255,3028878.0,0.004795103731419752
2025-02-27 20:00:00,239.71,237.39,8508646.0,239.984,240.024,-0.0096783613533019,38.735579065506904,3827749.8,0.0056897220089539265
2025-02-27 21:00:00,237.3,237.312,769354.0,239.3594,239.7212,-0.0003285732339187,39.591592300814845,3375462.6,0.005828906343437018
2025-02-27 22:00:00,237.36,236.8283,26945.0,238.57006,239.48803,-0.0020382450107874,38.50425737863605,2945953.4,0.005425377756543209
2025-02-27 23:00:00,236.98,237.7,48878.0,237.78806,239.35803,0.0036807256565198,36.37914354091346,2471059.0,0.005492039036866093
2025-02-28 00:00:00,238.0,237.3,17159.0,237.30606,239.03003,-0.0016827934371054,36.78497262601477,1874196.4,0.004850855097617528
2025-02-28 09:00:00,237.19,237.54,16483.0,237.33606,238.66003,0.0010113780025283,38.18904280628335,175763.8,0.0023228357927545466
2025-02-28 10:00:00,237.52,237.46,11572.0,237.36566,238.36253,-0.0003367853835142,42.09552327635912,24207.4,0.0023232426430056644
2025-02-28 11:00:00,237.47,238.19,21856.0,237.638,238.10403,0.0030742019708582,46.423335747213706,23189.6,0.002256190867512322
2025-02-28 12:00:00,238.2,237.4,45218.0,237.57800000000003,237.68303,-0.0033166799613753,34.905158828108526,22457.6,0.0024549107844208883
2025-02-28 13:00:00,237.53,236.76,185868.0,237.47000000000003,237.38803,-0.0026958719460826,28.69385736298416,56199.4,0.002637716801205641
2025-02-28 14:00:00,236.81,236.74,6420714.0,237.31,237.32303,-8.447372867030669e-05,31.009210147608925,1337045.6,0.002528931339851744
2025-02-28 15:00:00,236.745,237.47,4978942.0,237.312,237.33883,0.003083551575568,33.66836654016424,2330519.6,0.0030509628737372856
2025-02-28 16:00:00,237.485,237.09,3253390.0,237.092,237.365,-0.0016002021307954,26.61278638988314,2976826.4,0.002553769904746137
2025-02-28 17:00:00,237.09,237.37,2902152.0,237.086,237.332,0.001180986123413,35.45391252455404,3548213.2,0.002276830861846411
2025-02-28 18:00:00,237.3896,237.04,3272471.0,237.142,237.30600000000004,-0.0013902346547584,47.10906267552118,4165533.8,0.0019442550656140595
2025-02-28 19:00:00,237.06,238.87,3458989.0,237.56800000000004,237.439,0.0077202159973,59.98027006943918,3573188.8,0.003834664441134937
2025-02-28 20:00:00,238.85,241.84,10181879.0,238.442,237.877,0.0124335412567505,74.34826122020675,4613776.2,0.006180212250381656
2025-02-28 21:00:00,241.84,241.17,3925055.0,239.258,238.175,-0.0027704267284155,67.19524281466806,4748109.2,0.006446076512799603
2025-02-28 22:00:00,241.17,242.09,245829.0,240.202,238.644,0.0038147364929303,72.57304429783223,4216844.6,0.006322279450503752
2025-02-28 23:00:00,242.03,242.0001,32823.0,241.19402,239.16800999999995,-0.0003713494981205,71.31999349898187,3568915.0,0.006119837210064617
2025-03-01 00:00:00,242.0,241.8981,21225.0,241.79964,239.68382000000005,-0.0004214874291374,71.17030309390464,2881362.2,0.006019843489264634
2025-03-03 09:00:00,241.62,241.5,46627.0,241.73164,240.08682,-0.0016457342988638,66.30541871921179,854311.8,0.0024931245079456094
2025-03-03 10:00:00,241.52,241.49,21817.0,241.79564,240.52682,-4.140786749478636e-05,71.82497331910346,73664.2,0.0020749462128033234
2025-03-03 11:00:00,241.5,241.5,25723.0,241.67764,240.93982,4.140958217727817e-05,77.11670480549202,29643.0,0.0006778824746388222
2025-03-03 12:00:00,241.46,241.51,92050.0,241.57962,241.38682,4.140786749478636e-05,77.31958762886582,41488.4,0.0007194536193905335
2025-03-03 13:00:00,241.61,241.4394,1534464.0,241.48788,241.64376,-0.0002923274398574,74.5917280003965,344136.2,0.000721037934237562
2025-03-03 14:00:00,241.49,240.82,5579899.0,241.35188,241.54176,-0.0025654470645636,72.44283995186508,1450790.6,0.0011275787860051208
2025-03-03 15:00:00,240.84,241.2,5078665.0,241.29388,241.54476,0.0015779420313927,72.77051129607594,2462160.2,0.0014894407842678098
2025-03-03 16:00:00,241.23,241.815,3209644.0,241.35688,241.51726,0.0025497512437811,77.45830937320295,3098944.4,0.001956777039791513
2025-03-03 17:00:00,241.81,242.33,2510430.0,241.52088,241.55024999999995,0.0021297272708476,73.44173441734415,3582620.4,0.0021143749690702984
2025-03-03 18:00:00,242.31,241.32,3802571.0,241.497,241.49244,-0.0041678702595634,45.20295202952024,4036241.8,0.0030591762085868494
2025-03-03 19:00:00,241.31,240.29,3501935.0,241.391,241.37144,-0.0042681916127962,42.387543252595236,3620649.0,0.003470092839036069
2025-03-03 20:00:00,240.295,238.14,9637063.0,240.779,241.03644,-0.0089475217445586,21.82596291012834,4532328.6,0.004858108167712847
2025-03-03 21:00:00,238.03,239.15,1397036.0,240.246,240.80144,0.0042412026539011,32.0298609096986,4169807.0,0.005336538612348839
2025-03-03 22:00:00,239.22,238.58,109496.0,239.496,240.50844,-0.0023834413547982,30.244936354651784,3689620.2,0.004772449801406696
2025-03-03 23:00:00,238.69,238.14,54737.0,238.86,240.17850000000004,-0.001844245116942,30.094786729857873,2940053.4,0.004756202152372556
2025-03-04 00:00:00,238.23,240.33,51223.0,238.868,240.1295,0.0091962711010331,44.53860640301325,2249911.0,0.006922528865686915
2025-03-04 09:00:00,238.85,238.45,40961.0,238.93,239.8545,-0.0078225772895602,37.79023218574868,330690.6,0.006565993451034884
2025-03-04 10:00:00,238.15,238.33,28147.0,238.766,239.506,-0.0005032501572655,37.38095238095258,56912.8,0.006181528840254132
2025-03-04 11:00:00,238.39,238.55,18242.0,238.76,239.128,0.0009230898334242,38.66848636014257,38662.0,0.006129237287250528
2025-03-04 12:00:00,238.39,237.36,115160.0,238.604,238.73200000000003,-0.0049884720184447,37.01201201201219,50746.6,0.0065136932651888215
2025-03-04 13:00:00,238.28,237.66,387695.0,238.07,238.469,0.0012639029322547,36.63141993957717,118041.0,0.004000530709671858
2025-03-04 14:00:00,237.69,236.63,7240893.0,237.706,238.31800000000004,-0.0043339224101657,31.014280483339547,1558027.4,0.0029453668020137536
2025-03-04 15:00:00,236.61,239.09,8061279.0,237.858,238.312,0.0103959768414825,39.615384615384635,3164653.8,0.0061657794800924134
2025-03-04 16:00:00,239.09,239.08,5737797.0,237.964,238.362,-4.1825254088380544e-05,42.32876712328777,4308564.8,0.006170276735044029
2025-03-04 17:00:00,239.14,236.58,4246302.0,237.808,238.206,-0.010456750878367,38.45675171126332,5134793.2,0.007677710512934637
2025-03-04 18:00:00,236.605,237.89,3644126.0,237.854,237.962,0.0055372389889254,49.17925147734735,5786079.4,0.008164301962523036
2025-03-04 19:00:00,237.89,238.31,3484935.0,238.19,237.948,0.0017655218798605,47.1311475409836,5034887.8,0.00775937079524112
2025-03-04 20:00:00,238.31,236.07,8972955.0,237.586,237.72200000000004,-0.0093995216314884,42.30533415082766,5217223.0,0.007066575832982324
2025-03-04 21:00:00,235.93,236.9,878167.0,237.15,237.557,0.0035159062989791,46.28742514970066,4245297.0,0.007541529420500684
2025-03-04 22:00:00,236.9999,237.4898,50059.0,237.33196,237.56998,0.0024896580835795,40.5952396720486,3406048.4,0.005865861730346387
2025-03-04 23:00:00,237.49,238.0,52070.0,237.35396,237.60398,0.0021483027902671,48.36125273124548,2687637.2,0.005352317753482097
2025-03-05 00:00:00,237.964,237.6301,33667.0,237.21798,237.70399,-0.0015542016806722,47.49676321003721,1997383.6,0.005300328061540791
2025-03-05 09:00:00,237.76,237.55,26870.0,237.51398,237.54999000000004,-0.0003370785098351,46.38728323699421,208166.6,0.0021130762526926647
2025-03-05 10:00:00,237.58,236.97,18215.0,237.52798,237.33899,-0.0024415912439486,48.52607709750561,36176.2,0.002195764042828575
2025-03-05 11:00:00,236.96,236.62,19032.0,237.35402,237.34299,-0.0014769802084651,46.084337349397615,29970.8,0.0017752337876538815
2025-03-05 12:00:00,236.72,236.45,17758.0,237.04402,237.19899,-0.000718451525653,49.27536231884056,23108.4,0.0008161536723048983
2025-03-05 13:00:00,236.75,236.2801,428040.0,236.77402,236.996,-0.0007185451469654,36.13066269163564,101983.0,0.0008378088746187891
2025-03-05 14:00:00,236.29,231.77,6391723.0,235.61802,236.566,-0.0190879384256227,25.017088174982902,1374953.6,0.007969123366212298
2025-03-05 15:00:00,231.83,232.57,6725522.0,234.73802,236.133,0.0034516978038571,34.49342614075782,2716415.0,0.008812710244982069
2025-03-05 16:00:00,232.565,232.2,5932336.0,233.85402,235.60402,-0.0015909188631379,26.271893244370332,3899075.8,0.008805636953211666
2025-03-05 17:00:00,232.2,234.945,4466469.0,233.55302,235.29852,0.0118217054263566,38.246594481313274,4788818.0,0.011308879110687236
2025-03-05 18:00:00,234.945,235.82,3206287.0,233.461,235.11751,0.0037242758943582,49.034749034749034,5344467.4,0.011530961712054817
2025-03-05 19:00:00,235.835,235.49,2708369.0,234.205,234.91151,-0.0013993724026799,44.33734939759035,4607796.6,0.005449292169455274
2025-03-05 20:00:00,235.47,235.82,5726241.0,234.855,234.79651000000004,0.0014013333899527,43.151055766107135,4407940.4,0.005502641426103729
2025-03-05 21:00:00,235.74,236.03,2185213.0,235.621,234.73751,0.0008905097107964,41.71572750210258,3658515.8,0.005106206887364393
2025-03-05 22:00:00,236.03,236.1,27844.0,235.852,234.70251,0.0002965724696012,43.39910785929366,2770790.8,0.001860445595963553
2025-03-05 23:00:00,236.1,235.74,26763.0,235.836,234.6485,-0.0015247776365946,42.375737152485215,2134886.0,0.0013327926020443122
2025-03-06 00:00:00,235.74,235.7823,9756.0,235.89446,235.04973,0.0001794349707303,44.75966926396224,1595163.4,0.0011059832441256006
2025-03-06 09:00:00,234.88,234.51,24571.0,235.63246,235.24373,-0.0053960793494677,41.39098787394111,454829.4,0.0025585953504749194
2025-03-06 10:00:00,234.44,234.25,16869.0,235.27646,235.44873,-0.0011086947251715,41.08922119793267,21160.6,0.002311967187720209
2025-03-06 11:00:00,234.24,234.37,22857.0,234.93046,235.39123,0.0005122732123799,42.232018674713444,20163.2,0.0023557193383671234
2025-03-06 12:00:00,234.34,234.23,30538.0,234.62846,235.23223,-0.0005973460767163,65.52128814072634,20918.2,0.002386401218731735
2025-03-06 13:00:00,234.46,233.99,182550.0,234.27,235.08223,-0.0010246339068436,59.64071368438223,55477.0,0.002259421023826949
2025-03-06 14:00:00,233.7935,235.375,5678399.0,234.443,235.03772999999995,0.0059190563699303,68.94481836841877,1186242.6,0.0029662511621534357
2025-03-06 15:00:00,235.31,236.95,5230152.0,234.983,235.12973,0.0066914498141263,63.905071016422696,2228899.2,0.0037089814073704283
2025-03-06 16:00:00,236.98,234.935,4000175.0,235.096,235.01323,-0.0085039037771681,44.70034492670306,3024362.8,0.0061704767975787975
2025-03-06 17:00:00,234.95,235.04,4205043.0,235.258,234.94323,0.0004469321301636,47.23063289269612,3859263.8,0.0061417852334879315
2025-03-06 18:00:00,235.03,234.28,3812964.0,235.316,234.793,-0.0032334921715452,40.998994692913705,4585346.6,0.006372476480140644
2025-03-06 19:00:00,234.29,234.41,5032170.0,235.123,234.783,0.0005548915827215,40.44202676232492,4456100.8,0.005585338383995855
2025-03-06 20:00:00,234.43,235.32,6662244.0,234.797,234.89,0.0038820869416833,45.81302471388997,4742519.2,0.004715825774975608
2025-03-06 21:00:00,235.33,235.333,1258125.0,234.8766,234.9863,5.524392316847369e-05,47.73071947901326,4194109.2,0.002522643389682893
2025-03-06 22:00:00,235.33,234.75,65441.0,234.8186,235.0383,-0.0024773406194626,44.57158482588896,3366188.8,0.0028141269301891828
2025-03-06 23:00:00,234.68,234.77,16173.0,234.9166,235.1163,8.519701810440993e-05,51.5746124031009,2606830.6,0.0022717814830587706
2025-03-07 00:00:00,234.78,234.98,21963.0,235.0306,235.0768,0.0008944924820035,54.44796490372895,1604789.2,0.002281876165505411
2025-03-07 09:00:00,234.37,234.56,19745.0,234.8786,234.8378,-0.0017873861605242,51.116858687984944,276289.4,0.0014191617270029352
2025-03-07 10:00:00,234.56,234.79,7521.0,234.77,234.8233,0.0009805593451568,53.25732899022807,26168.6,0.0015841964905728267
2025-03-07 11:00:00,234.6,234.7,11739.0,234.76,234.7893,-0.000383321265812,54.20317309969208,15428.2,0.0011293469217220483
2025-03-07 12:00:00,234.69,234.55,24460.0,234.716,234.8163,-0.0006391137622495,44.27957287477465,17085.6,0.0011550980000277571
2025-03-07 13:00:00,234.68,234.4,293498.0,234.6,234.8153,-0.0006395224898742,27.964051157967333,71392.6,0.000987630663292963
2025-03-07 14:00:00,234.51,238.335,5367391.0,235.355,235.1168,0.016787542662116,72.06073189722318,1140921.8,0.007613571727652353
2025-03-07 15:00:00,238.34,238.915,6464578.0,236.18,235.475,0.0024335494157382,73.68292384794056,2432333.2,0.007533981362823879
2025-03-07 16:00:00,238.91,239.2106,6364706.0,237.08212,235.92106,0.0012372601134294,81.94800819013578,3702926.6,0.007357304511406705
2025-03-07 17:00:00,239.225,240.03,6127375.0,238.17812000000004,236.44706,0.0034254334883153,83.42850344991696,4923509.6,0.006952661241042377
2025-03-07 18:00:00,240.05,239.43,4820722.0,239.18412,236.89206,-0.0024996875390575,75.38290513834018,5828954.4,0.007345077700378891
2025-03-07 19:00:00,239.445,239.22,3630377.0,239.36112,237.35806,-0.0008770830722967,73.43542746894985,5481551.6,0.0024206087789349893
2025-03-07 20:00:00,239.21,239.03,6498571.0,239.38412,237.78206,-0.0007942479725775,77.08860759493689,5488350.2,0.0022838892626994094
2025-03-07 21:00:00,239.07,238.58,479115.0,239.258,238.17006,-0.0018826088775467,72.86914765906384,4311232.0,0.0023208227208870924
2025-03-07 22:00:00,238.66,238.4347,30003.0,238.93894,238.55853,-0.0006090200352084,70.89881794974178,3091757.6,0.0008193731760695505
2025-03-07 23:00:00,238.5,238.53,20204.0,238.75894,238.97153000000003,0.0003996901457716,74.99811097398184,2131654.0,0.0008127943196175527
2025-03-08 00:00:00,238.56,238.65,5164.0,238.64494,239.00303,0.0005030813734121,74.64689806655947,1406611.4,0.0009776190815841024
2025-03-10 08:00:00,237.49,236.0,61834.0,238.03894,238.71153,-0.0111041273831971,56.25565414894237,119264.0,0.004883831413542339
2025-03-10 09:00:00,236.01,236.15,61803.0,237.55294,238.40547,0.000635593220339,57.699266644852024,35801.6,0.005093724856519337
2025-03-10 10:00:00,236.19,235.8,36915.0,237.026,237.98247,-0.001482108829134,56.60963495930355,37184.0,0.005047376064113993
2025-03-10 11:00:00,235.97,235.42,50835.0,236.404,237.58147,-0.0016115351993215,29.28392745465915,43310.2,0.004864267799280341
2025-03-10 12:00:00,236.0,236.42,363256.0,235.958,237.30147,0.0042477274658057,33.267610923332896,114928.6,0.005683104480040605
2025-03-10 13:00:00,236.5092,230.19,9868547.0,234.796,236.41747,-0.0263514085102782,16.315907393577405,2076271.2,0.012216606073306645
2025-03-10 14:00:00,230.18,226.19,11695171.0,232.804,235.17847,-0.0173769494765193,8.239291274908666,4402944.8,0.012812866714815704
2025-03-10 15:00:00,226.1759,226.59,8165490.0,230.962,233.994,0.0017684247756311,10.78335552759225,6028659.8,0.013330897791574708
2025-03-10 16:00:00,226.58,225.55,6160716.0,228.988,232.696,-0.0045897877223178,10.263014080904284,7250636.0,0.013045114406013511
2025-03-10 17:00:00,225.52,225.86,5156820.0,226.87600000000003,231.417,0.0013744180891155,11.981686546655553,8209348.8,0.012392296082402067
2025-03-10 18:00:00,225.855,225.28,5574816.0,225.894,230.34500000000003,-0.0025679624546179,11.89242776752674,7350602.6,0.007796040653928093
2025-03-10 19:00:00,225.29,227.541,12183803.0,226.1642,229.4841,0.0100363991477272,22.162084809085073,7448329.0,0.005615927546773203
2025-03-10 20:00:00,227.48,226.72,1121121.0,226.1902,228.5761,-0.0036081409504221,20.899862014587058,6039455.2,0.00598361117180133
2025-03-10 21:00:00,226.78,225.86,83029.0,226.2522,227.6201,-0.0037932251235002,19.593952073031602,4823917.8,0.005835332555239311
2025-03-10 22:00:00,225.98,226.0,111664.0,226.2802,226.5781,0.000619853006287,23.00507504589136,3814886.6,0.00580992301826031
2025-03-10 23:00:00,226.0,225.26,121196.0,226.2762,226.0851,-0.0032743362831858,21.510046044369986,2724162.6,0.005900041652201927
2025-03-11 08:00:00,225.84,227.3,86332.0,226.228,226.19610000000003,0.0090562017224541,29.569272185366813,304668.4,0.005484698359118121
2025-03-11 09:00:00,227.27,227.16,52616.0,226.316,226.2531,-0.0006159260888694,29.91440521350067,90967.4,0.005174314989235675
2025-03-11 10:00:00,227.16,226.67,40095.0,226.478,226.3651,-0.0021570699066737,25.688210652304036,82380.6,0.004886693045607343
2025-03-11 11:00:00,226.65,226.63,37988.0,226.604,226.4421,-0.0001764679931177,37.159140095224366,67645.4,0.004903953115077275
2025-03-11 12:00:00,226.33,225.49,898668.0,226.65,226.4631,-0.0050302254776507,46.81876022541361,223139.8,0.005295036325373021
2025-03-11 13:00:00,227.48,222.0524,9567003.0,225.60048,225.91424,-0.015245021952193,33.83999544146559,2119274.0,0.006222938917145739
2025-03-11 14:00:00,222.02,221.055,11031167.0,224.37948,225.34774,-0.0044917325820391,33.94298778309637,4314984.2,0.005824216719570055
2025-03-11 15:00:00,221.055,221.1398,6774992.0,223.27344,224.87572,0.000383614937459,32.86280660480111,5661963.6,0.006273570466232441
2025-03-11 16:00:00,221.1,219.0,8722403.0,221.74744,224.17572,-0.0096762319582454,29.519423934879597,7398846.6,0.005908784130255768
2025-03-11 17:00:00,218.97,218.29,7048291.0,220.30744,223.47872,-0.0032420091324201,16.434698053785795,8628771.2,0.0060947764963406054
2025-03-11 18:00:00,218.3,222.165,6759267.0,220.32996000000003,222.96522,0.0177516148243162,36.47131502976014,8067224.0,0.010481859803073946
2025-03-11 19:00:00,222.18,220.73,10159918.0,220.26496,222.32222,-0.0064591632345329,35.26674937965258,7892974.2,0.010733350683462308
2025-03-11 20:00:00,220.84,220.27,1852069.0,220.091,221.68222,-0.0020839940198431,33.84058297987552,6908389.6,0.010753734688543062
2025-03-11 21:00:00,220.39,220.3426,33818.0,220.35952000000003,221.05348,0.0003295954964361,35.58978326358857,5170672.6,0.009537752253522136
2025-03-11 22:00:00,220.56,221.2,29915.0,220.94152,220.62448,0.003891213047318,30.792967077256264,3766997.4,0.00922448893078048
2025-03-11 23:00:00,221.21,221.0623,28313.0,220.72098,220.52547,-0.0006225135623869,30.797427774243673,2420806.6,0.003768659691837339
2025-03-12 08:00:00,219.8,220.59,38960.0,220.69298,220.47897,-0.0021365017915763,30.83179903654566,396615.0,0.002473253904869394
2025-03-12 09:00:00,220.66,220.3,26042.0,220.69898,220.39499,-0.0013146561494174,30.353329691612444,31409.6,0.0023412777569694477
2025-03-12 10:00:00,220.16,220.18,42123.0,220.66646,220.51299,-0.0005447117566954,32.4051002014632,33070.6,0.0023458995292742328
2025-03-12 11:00:00,220.27,220.45,48016.0,220.51646,220.72899,0.0012262694159323,43.2796510652574,36690.8,0.001242944502378087
2025-03-12 12:00:00,220.24,221.75,471123.0,220.654,220.68749000000005,0.0058970288047176,52.84262879767025,125252.8,0.0031981320784702414
2025-03-12 13:00:00,221.76,221.41,8386663.0,220.81800000000004,220.75549,-0.0015332581736189,51.082549399830086,1794793.4,0.0030769715141500367
2025-03-12 14:00:00,221.39,216.1,10122344.0,219.978,220.33849,-0.0239826566099092,40.73482428115011,3814053.8,0.01164441512293687
2025-03-12 15:00:00,216.125,217.78,8623560.0,219.498,220.08223,0.0077741786210088,48.46570397111916,5530341.2,0.012764060800409389
2025-03-12 16:00:00,217.78,217.245,5228726.0,218.857,219.68673,-0.0024566075856368,31.475903614457792,6566483.2,0.012627954106449018
2025-03-12 17:00:00,217.27,216.11,4921223.0,217.729,219.1915,-0.0052245160993348,32.203389830508485,7456503.2,0.011640690278760538
2025-03-12 18:00:00,216.095,216.43,4600446.0,216.733,218.7755,0.0014807274073388,35.04672897196254,6699259.8,0.011944634622691162
2025-03-12 19:00:00,216.42,216.94,10945342.0,216.901,218.4395,0.0023564200896363,37.18649735641005,6863859.4,0.004960451430922318
2025-03-12 20:00:00,216.98,217.12,1607016.0,216.769,218.1335,0.0008297225039181,33.809523809523824,5460550.6,0.0031601840521878677
2025-03-12 21:00:00,217.01,217.15,93497.0,216.75,217.80350000000004,0.0001381724392041,34.341154150956996,4433504.8,0.0029880251501700358
2025-03-12 22:00:00,217.12,217.0095,40989.0,216.9299,217.32945,-0.0006470181901911,35.27815468113974,3457458.0,0.001163357184619311
2025-03-12 23:00:00,217.1993,217.41,44890.0,217.1259,216.92945,0.0018455413242277,38.22426860076596,2546346.8,0.0012241005878365588
2025-03-13 08:00:00,216.0,215.93,43278.0,216.9239,216.91245,-0.0068074145623475,34.4105348103587,365934.0,0.003411938954717813
2025-03-13 09:00:00,215.93,216.98,37435.0,216.8959,216.83245,0.0048626869818922,37.96058566372908,52017.8,0.004294078016989984
2025-03-13 10:00:00,216.94,216.3,25339.0,216.7259,216.73795,-0.0031339293944141,30.240736712348593,38386.2,0.004489479333675788
2025-03-13 11:00:00,216.39,216.07,71232.0,216.538,216.73395,-0.0010633379565419,30.48388275710832,44434.8,0.004490349062885076
2025-03-13 12:00:00,215.84,216.0,200435.0,216.256,216.69095,-0.000323969084093,49.407653121668076,75543.8,0.004262688019431059
2025-03-13 13:00:00,215.98,215.265,6870423.0,216.123,216.52345,-0.0034027777777778,33.2243863393808,1440972.8,0.0033319451313110213
2025-03-13 14:00:00,215.275,214.225,7734360.0,215.572,216.23395,-0.004831254500267,31.1273590801148,2980357.8,0.0018328732695607791
2025-03-13 15:00:00,214.24,212.0757,6510609.0,214.72714,215.72652,-0.0100329093243084,27.625259281443604,4277411.8,0.0038586568840164276
2025-03-13 16:00:00,212.08,211.49,7261938.0,213.81114,215.17457,-0.0027617496959812,23.386488524943303,5715553.0,0.0036098539593147675
2025-03-13 17:00:00,211.49,211.115,5154100.0,212.83414,214.54507,-0.0017731334814884,18.155477804504613,6706286.0,0.0032544510762015557
2025-03-13 18:00:00,211.1,211.92,5386919.0,212.16514,214.14407,0.0038130876536483,23.390645788557705,6409585.2,0.0050181362320835254
2025-03-13 19:00:00,211.91,209.71,12634464.0,211.26214,213.41707,-0.0104284635711588,18.872897665467093,7389606.0,0.006020334257531313
2025-03-13 20:00:00,209.7197,209.8491,1307598.0,210.81682,212.77198,0.0006632969338609,20.039164490861296,6349003.8,0.005303499820508489
2025-03-13 21:00:00,209.849,209.9,54567.0,210.49882,212.15498,0.0002425552456503,17.629310344827374,4907529.6,0.005379062564921359
2025-03-13 22:00:00,209.94,210.56,84646.0,210.38782,211.61098,0.0031443544545021,25.09276437847845,3893638.8,0.005752439309197363
2025-03-13 23:00:00,210.5,210.2,38706.0,210.04382,211.10448,-0.001709726443769,16.402378592665812,2823996.2,0.0052196427736657365
2025-03-14 08:00:00,210.72,210.81,26360.0,210.26382,210.76298000000003,0.0029019980970504,22.60479041916159,302375.4,0.0020145596637019835
2025-03-14 09:00:00,210.78,210.49,34791.0,210.392,210.60441,-0.0015179545562354,22.403560830860485,47814.0,0.0023302639112641787
2025-03-14 10:00:00,210.62,210.82,32834.0,210.576,210.53741,0.0015677704404008,25.024108003857123,43467.4,0.0023529576027944876
2025-03-14 11:00:00,210.82,210.94,63075.0,210.652,210.51991,0.000569205957689,27.831881086622175,39153.2,0.0019858679622244075
2025-03-14 12:00:00,210.83,211.3025,783557.0,210.8725,210.45816,0.001718498151133,33.90250619664006,188123.4,0.0016560800477648549
2025-03-14 13:00:00,211.3949,212.49,7566100.0,211.2085,210.73616,0.0056199051123389,52.55246004657637,1696071.4,0.0025960803202433533
2025-03-14 14:00:00,212.44,211.74,10021078.0,211.4585,210.92525,-0.0035295778624876,51.5096618357488,3693328.8,0.0032674866879524914
2025-03-14 15:00:00,211.7625,213.28,6795240.0,211.9505,211.26325000000003,0.0072730707471426,61.46109052408682,5045810.0,0.004273944510451639
2025-03-14 16:00:00,213.28,212.88,3819847.0,212.3385,211.49525,-0.0018754688672168,55.30973451327439,5797164.4,0.004649133525819678
2025-03-14 17:00:00,212.87,212.4,3871945.0,212.558,211.71525000000003,-0.0022547914317925,68.39945280437755,6414842.0,0.0050015780832544
2025-03-14 18:00:00,212.385,212.61,6236294.0,212.582,211.89525,0.0009887005649717,68.703003698736,6148880.8,0.004326141755557041
2025-03-14 19:00:00,212.61,213.38,8769291.0,212.91,212.18425,0.0036216546728751,71.48148148148144,5898523.4,0.003986559347093764
2025-03-14 20:00:00,213.49,213.2699,1665528.0,212.90798,212.42924,-0.0005159808791826,67.94611991894153,4872581.0,0.002395900559134932
2025-03-14 21:00:00,213.24,213.18,21937.0,212.96798,212.65324,-0.0004215315897836,70.46703296703316,4112999.0,0.0021920165948024744
2025-03-14 22:00:00,213.28,213.261,16910.0,213.14018,212.84909,0.0003799605966788,68.1528662420383,3341992.0,0.001687984268043315
2025-03-14 23:00:00,213.28,213.29,26971.0,213.27618,212.92909,0.0001359836069417,71.67182662538703,2100127.4,0.0017084392520423034
2025-03-17 08:00:00,212.86,212.55,38032.0,213.11018,213.01009,-0.0034694547329925,62.59097525473094,353875.6,0.0015504749993802758
2025-03-17 09:00:00,212.49,212.37,15907.0,212.9302,212.91909,-0.0008468595624559,60.317460317460444,23951.4,0.0015435306102029992
2025-03-17 10:00:00,212.37,212.73,24989.0,212.8402,212.90409,0.0016951546828647,60.30313966077226,24561.8,0.001930305149089048
2025-03-17 11:00:00,212.77,212.79,51915.0,212.746,212.94309,0.0002820476660555,52.58620689655161,31562.8,0.0019206199645418534
2025-03-17 12:00:00,212.94,213.82,771695.0,212.852,213.06409,0.0048404530288077,67.10526315789481,180507.6,0.0030775815029695686
2025-03-17 13:00:00,213.75,213.72,5721182.0,213.086,213.09809,-0.0004676830979328,54.741379310344875,1317137.6,0.0023055441056029163
2025-03-17 14:00:00,213.73,211.39,5801771.0,212.89,212.9101,-0.0109021149167135,38.6605783866056,2474310.4,0.005943768216140404
2025-03-17 15:00:00,211.39,210.915,5402949.0,212.527,212.6836,-0.0022470315530535,38.69002284843849,3549902.4,0.005770675864831008
2025-03-17 16:00:00,210.9157,211.5662,3398437.0,212.28224,212.51412,0.0030874997036721,42.55088350318281,4219206.8,0.0061362440456834205
2025-03-17 17:00:00,211.55,213.665,3756292.0,212.25124,212.55162,0.009920299178224,51.70965806838631,4816126.2,0.007615687665407002
2025-03-17 18:00:00,213.66,214.55,3901968.0,212.41724,212.75162,0.0041419979875038,57.02587295140456,4452283.4,0.007839090464903381
2025-03-17 19:00:00,214.541,214.15,8763063.0,212.96924,212.92962,-0.0018643672803542,55.14861995753716,5044541.8,0.004990645975763264
2025-03-17 20:00:00,214.0,213.99,692693.0,213.58424,213.05562,-0.0007471398552416,53.837246025897535,4102490.6,0.00466001199506683
2025-03-17 21:00:00,213.95,213.78,26988.0,214.027,213.15462,-0.0009813542688911,52.530991735537235,3428200.8,0.004965979399942654
2025-03-17 22:00:00,213.8096,214.0,16320.0,214.094,213.17262,0.0010290953316493,57.91484716157196,2680206.4,0.0023829687815425564
2025-03-17 23:00:00,214.02,213.93,12531.0,213.97,213.19362,-0.0003271028037382,58.61878453038673,1902319.0,0.0010596872644720262
2025-03-18 08:00:00,213.73,213.72,12799.0,213.884,213.42662,-0.0009816295049783,55.56179775280902,152266.2,0.0008432653780565025
2025-03-18 09:00:00,213.82,213.64,7123.0,213.814,213.69912,-0.0003743215422048,54.76457399103134,15152.2,0.000821272361320919
2025-03-18 10:00:00,213.65,213.91,41135.0,213.84,213.9335,0.0012638082756038,50.55147058823531,17981.6,0.0009737266762622305
2025-03-18 11:00:00,213.87,213.95,43307.0,213.83,213.962,0.0001869945304099,51.41975308641968,23379.0,0.0008414421472280584
2025-03-18 12:00:00,213.88,213.42,123465.0,213.728,213.849,-0.0024772143024071,66.11111111111101,45565.8,0.0013908047900522253
2025-03-18 13:00:00,213.42,214.43,6068328.0,213.87,213.877,0.0047324524411958,75.71324067300645,1256671.6,0.0026497604090532016
2025-03-18 14:00:00,214.42,213.715,6076794.0,213.885,213.8495,-0.0033344214895303,65.57372296631283,2470605.8,0.0032115269571516827
2025-03-18 15:00:00,213.7047,213.345,3837306.0,213.772,213.806,-0.0017312776361041,46.90522243713744,3229840.0,0.003213519777290002
2025-03-18 16:00:00,213.315,212.205,4167825.0,213.423,213.6265,-0.0053434577796526,28.387096774193722,4054743.6,0.0038047223461160997
2025-03-18 17:00:00,212.195,211.86,3579248.0,213.111,213.41950000000003,-0.0016257863858061,28.677839851024416,4745900.2,0.0037763157615567197
2025-03-18 18:00:00,211.85,212.215,3049779.0,212.66800000000003,213.269,0.0016756348532048,34.052111410601995,4142190.4,0.0025814777375239672
2025-03-18 19:00:00,212.215,212.79,5980029.0,212.483,213.18400000000003,0.0027095162924392,41.65261382799319,4122837.4,0.0031866044070902153
2025-03-18 20:00:00,212.69,212.86,1924526.0,212.386,213.079,0.0003289628272006,40.13840830449844,3740281.4,0.0031794672203066428
2025-03-18 21:00:00,212.92,212.7835,11744.0,212.50170000000003,212.96235,-0.0003593911491121,40.09332066015732,2909065.2,0.0016985561365338675
2025-03-18 22:00:00,212.88,212.83,18145.0,212.69570000000004,212.90335,0.0002185319820381,42.08607504890646,2196844.6,0.0012501433481281422
2025-03-18 23:00:00,212.75,213.0,19806.0,212.8527,212.76035,0.0007987595733683,44.39873971643634,1590850.0,0.0011760086991600897
2025-03-19 08:00:00,213.58,213.0,14596.0,212.8947,212.68885,0.0,41.640639353297864,397763.4,0.00042672350961469766
2025-03-19 09:00:00,213.0,213.31,4189.0,212.98470000000003,212.68535000000003,0.0014553990610328,44.39873971643634,13696.0,0.0007141278912790543
2025-03-19 10:00:00,213.33,213.29,8646.0,213.086,212.79385,-9.376025502794165e-05,48.7507207380358,13076.4,0.0006482454324184634
2025-03-19 11:00:00,213.26,213.24,12881.0,213.168,212.93185,-0.000234422617094,35.9769031345746,12023.6,0.0007207759194695688
2025-03-19 12:00:00,213.26,213.29,61854.0,213.22600000000003,213.03935,0.0002344775839428,44.06092789267727,20433.2,0.0006830207037207271
2025-03-19 13:00:00,213.29,217.155,6547465.0,214.057,213.47585,0.0181208683013737,76.93340873745238,1327007.0,0.007979485166875678
2025-03-19 14:00:00,217.18,215.55,7606277.0,214.505,213.74485,-0.0073910340540166,72.18758291323962,2847424.6,0.009493241401416923
2025-03-19 15:00:00,215.51,216.269,4137311.0,215.1008,214.0934,0.0033356529807468,77.86274014155715,3673157.6,0.009416234271784308
2025-03-19 16:00:00,216.24,214.9573,2956523.0,215.44426,214.30613,-0.0060651318496872,65.46055227936452,4261886.0,0.010215162045939271
2025-03-19 17:00:00,214.97,214.07,2822037.0,215.60026,214.41313,-0.0041277965437787,56.97091820063174,4813922.6,0.010546859952927914
2025-03-19 18:00:00,213.98,215.5888,5881931.0,215.28702000000004,214.67201,0.0070948755080113,62.835613087734394,4680815.8,0.006318255867926039
2025-03-19 19:00:00,215.57,215.3,8234098.0,215.23702,214.87101,-0.001339587214178,61.60522408020594,4806380.0,0.005404627339729623
2025-03-19 20:00:00,215.24,215.3301,2189019.0,215.04924,215.07502,0.0001398049233626,61.547059312561736,4416721.6,0.005056717043092394
2025-03-19 21:00:00,215.33,215.5,18658.0,215.15778,215.30102,0.0007890211354567,61.54670410877924,3829148.6,0.004138405620108883
2025-03-19 22:00:00,215.47,215.8,21582.0,215.50378,215.55202,0.0013921113689095,62.58359099733957,3269057.6,0.00322748903288918
2025-03-19 23:00:00,215.837,216.15,27534.0,215.61602,215.45152,0.0016218721037997,62.71763272909658,2098178.2,0.0011884531512641506
2025-03-20 08:00:00,216.24,216.05,30734.0,215.76602000000003,215.50152,-0.0004626416840157,62.27146617343688,457505.4,0.0008663525021226099
2025-03-20 09:00:00,215.93,215.41,10362.0,215.782,215.41562,-0.0029622772506364,59.167258102673266,21774.0,0.0018809260763548814
2025-03-20 10:00:00,215.5,214.41,64059.0,215.564,215.36089,-0.0046423100134626,54.37992741834566,30854.2,0.0027386835941792783
2025-03-20 11:00:00,214.44,214.86,37356.0,215.37600000000003,215.43989,0.0020987827060305,37.754252662583035,34009.0,0.0029067586208186016
2025-03-20 12:00:00,214.34,214.74,149399.0,215.094,215.35501,-0.0005585032113934,44.8640560008116,58382.0,0.002585380385414134
2025-03-20 13:00:00,214.67,215.49,3987358.0,214.98200000000003,215.37401,0.0034925956971221,45.079958568072186,849706.8,0.00338815685742079
2025-03-20 14:00:00,215.485,216.145,5723160.0,215.129,215.4555,0.0030395842034433,58.179864736428904,1992266.4,0.003367193520668498
2025-03-20 15:00:00,216.17,215.5963,3451532.0,215.36626,215.46513,-0.0025385736426935,61.026107812116365,2669761.0,0.00257262945994251
2025-03-20 16:00:00,215.589,213.54,6256864.0,215.10226000000003,215.23913,-0.0095377332542349,36.2658872740924,3913662.6,0.005284730725124561
2025-03-20 17:00:00,213.53,213.4,3274026.0,214.83426,214.96413,-0.0006556148730916,37.00410396716827,4538588.0,0.005281867084988388
2025-03-20 18:00:00,213.43,212.3694,4271225.0,214.21014,214.59607,-0.004829428303655,32.18699235906409,4595361.4,0.004696505501490753
2025-03-20 19:00:00,212.35,214.15,7370196.0,213.81114,214.47007,0.0083844471001942,43.19638753376613,4924768.6,0.00660722642092152
2025-03-20 20:00:00,214.1,214.0603,959925.0,213.50394,214.4351,-0.0004188652813448,41.042539826380676,4426447.2,0.006618821012311527
2025-03-20 21:00:00,214.06,213.91,14063.0,213.57794000000004,214.3401,-0.0007021386030011,38.22440911767179,3177887.0,0.004849950184791547
2025-03-20 22:00:00,213.8523,213.8799,17797.0,213.67392,214.25409,-0.0001407133841335,38.50740893732849,2526641.2,0.004828528024527473
2025-03-20 23:00:00,213.85,213.7,17756.0,213.94004,214.07509,-0.0008411262582412,40.4801140159444,1675947.4,0.00399383853158877
2025-03-21 08:00:00,213.9,213.14,12401.0,213.73804,213.77459,-0.0026204960224614,42.565447478106094,204388.4,0.0009747759338529609
2025-03-21 09:00:00,213.25,213.65,8255.0,213.65598,213.57996,0.0023927934690814,42.96609775380178,14054.4,0.001808441839730076
2025-03-21 10:00:00,213.65,212.0,89250.0,213.27398,213.42596,-0.0077229113035338,36.47741629816804,29091.8,0.0037750949500326187
2025-03-21 11:00:00,212.0,212.1,78717.0,212.918,213.29596,0.0004716981132075,32.122516137197806,41275.8,0.0038510125844098617
2025-03-21 12:00:00,212.03,210.7447,405982.0,212.32694,213.13349,-0.0063899104196133,23.47984088788489,118921.0,0.004324939463237341
2025-03-21 13:00:00,210.7532,214.12,18183175.0,212.52294,213.13049,0.0160160611393786,44.325458752623355,3753075.8,0.00946559872002391
2025-03-21 14:00:00,214.16,214.46,5116266.0,212.68494,213.17046,0.0015878946385204,54.07375263465529,4774678.0,0.00944181695077812
2025-03-21 15:00:00,214.47,213.2602,5795425.0,212.93698,213.10548,-0.0055945164599459,49.434081414553546,5915913.0,0.00899954281065713
2025-03-21 16:00:00,213.25,215.43,4293323.0,213.60298000000003,213.26049,0.0101744254202144,61.343285794763766,6758834.2,0.009808087573819225
2025-03-21 17:00:00,215.425,214.29,2765793.0,214.31204,213.31949,-0.005291742097201,50.54473860329016,7230796.4,0.009549698212708867
2025-03-21 18:00:00,214.28,215.17,3555258.0,214.52204,213.52249,0.0041065845349759,54.067666141270365,4305213.0,0.006656578984286962
2025-03-21 19:00:00,215.17,218.36,12348935.0,215.30204,213.99349,0.0148254868243715,63.33916859510075,5751746.8,0.00912529124770275
2025-03-21 20:00:00,218.2,217.82,10982850.0,216.214,214.57549,-0.0024729803993406,61.460375448659335,6789231.8,0.008414302248602555
2025-03-21 21:00:00,217.75,217.6,155997.0,216.648,215.12549,-0.0010100082637039,61.317338162064225,5961766.6,0.007924062494781971
2025-03-21 22:00:00,217.6,217.78,15529.0,217.346,215.82902,0.0008272058823529,63.76838257112671,5411713.8,0.00691909677023395
2025-03-21 23:00:00,217.7053,217.8799,37028.0,217.88798,216.20501,0.0004587198089814,62.86458111568653,4708067.8,0.006998751387968062
2025-03-24 08:00:00,219.8,220.39,81511.0,218.29398,216.79801,0.0115205670646993,74.24827458642082,2254583.0,0.005553565565496119
2025-03-24 09:00:00,220.43,220.53,73930.0,218.83598,217.52499,0.0006352375334634,74.3076781121324,72799.0,0.0051022607694661635
2025-03-24 10:00:00,220.6,220.15,70554.0,219.34598,217.99699,-0.0017231215707613,78.73619759363014,55710.4,0.005232725760494206
2025-03-24 11:00:00,220.15,220.19,93120.0,219.82798000000005,218.58699,0.0001816942993413,73.29311721004467,71228.6,0.00528717506826429
2025-03-24 12:00:00,219.9,220.5,162915.0,220.352,219.11999,0.0014078750170307,73.23148404566278,96406.0,0.005225044372115238
2025-03-24 13:00:00,220.5,220.2101,6229262.0,220.31602000000004,219.305,-0.0013147392290248,78.74306227615236,1325956.2,0.0013213749892405594
2025-03-24 14:00:00,220.2065,219.73,4651354.0,220.15602,219.496,-0.0021801906452066,70.6730769230767,2241441.0,0.001486006965650717
2025-03-24 15:00:00,219.73,219.79,4278095.0,220.08401999999995,219.715,0.0002730623947572,79.50643776824019,3082949.2,0.0014176193939619368
2025-03-24 16:00:00,219.79,219.29,2955089.0,219.90402,219.866,-0.0022748987670048,73.04250559284105,3655343.0,0.0016101089813779998
2025-03-24 17:00:00,219.29,219.57,2985179.0,219.71802,220.03501,0.0012768480094851,60.033167495853846,4219795.8,0.0015652712876105836
2025-03-24 18:00:00,219.59,220.125,3247517.0,219.701,220.00851000000003,0.0025276677141686,69.06534325889166,3623446.8,0.00212096090712319
2025-03-24 19:00:00,220.1332,220.43,8157649.0,219.841,219.99851,0.0013855763770585,73.08319738988581,4324705.8,0.0018135599909271942
2025-03-24 20:00:00,220.73,220.72,1207059.0,220.027,220.05551,0.0013156103978586,73.55769230769226,3710498.6,0.0018210794796837816
2025-03-24 21:00:00,220.73,220.76,22504.0,220.321,220.11251,0.0001812250815512,73.30140288992084,3123981.6,0.0008306533521891035
2025-03-24 22:00:00,220.76,220.71,28854.0,220.549,220.13351,-0.0002264903062148,54.3010752688175,2532716.6,0.0010897221601637783
2025-03-24 23:00:00,220.79,220.74,18482.0,220.672,220.1865,0.0001359249694168,52.908587257617846,1886909.6,0.000740673207973003
2025-03-25 08:00:00,220.5,220.21,18631.0,220.628,220.2345,-0.0024010147685059,50.79787234042557,259106.0,0.0013601852125434038
2025-03-25 09:00:00,220.21,220.39,26809.0,220.562,220.29450000000003,0.0008174015712273,52.56410256410244,23056.0,0.001233881196797904
2025-03-25 10:00:00,220.46,220.74,19149.0,220.558,220.4395,0.0015880938336586,53.045685279187936,22385.0,0.0015019446238726001
2025-03-25 11:00:00,220.75,220.84,36069.0,220.584,220.5665,0.000453021654435,58.39844270819433,23828.0,0.0015090006880207956
2025-03-25 12:00:00,220.75,221.3,117230.0,220.696,220.68400000000003,0.0020829559862344,71.04557640750706,43577.6,0.0017470122981979243
2025-03-25 13:00:00,221.3034,222.66,4689727.0,221.186,220.907,0.0061455038409398,78.52882703777357,977796.8,0.0022867623278224583
2025-03-25 14:00:00,222.66,223.678,5835491.0,221.8436,221.2028,0.0045719931734483,89.54578226387912,2139533.2,0.0023281905141380775
2025-03-25 15:00:00,223.685,223.5369,2705695.0,222.40298,221.48049,-0.0006308175144627,86.66876190124081,2676842.4,0.0028171754194488362
2025-03-25 16:00:00,223.54,223.1,2109851.0,222.85498,221.71949,-0.0019544871562592,78.11377811377824,3091598.8,0.00340430405434832
2025-03-25 17:00:00,223.11,222.985,2290676.0,223.19198,221.94399,-0.0005154639175256,75.044108998236,3526288.0,0.003589954125206523
2025-03-25 18:00:00,222.97,222.8029,2983741.0,223.22056000000003,222.20328,-0.0008166468596543,70.85778374156344,3185090.8,0.0025479400062838058
2025-03-25 19:00:00,222.8,223.73,6216350.0,223.23096,222.53728,0.0041610768980116,75.25424305295749,3261262.6,0.0023692431647520094
2025-03-25 20:00:00,223.75,223.74,665308.0,223.27158,222.83728,4.469673266892829e-05,75.94089243519053,2853185.2,0.0023398833915512173
2025-03-25 21:00:00,223.75,223.9005,54974.0,223.43168,223.14333,0.0007173504961114,76.46674594268669,2442209.8,0.0020115100205802786
2025-03-25 22:00:00,223.9741,224.0116,26748.0,223.637,223.41449,0.0004962025542595,84.23754458013607,1989424.2,0.0019044255855717623
2025-03-25 23:00:00,224.0899,224.18,9866.0,223.91242000000005,223.56649,0.0007517467845416,84.20454135229777,1394649.2,0.0016602756655685817
2025-03-26 08:00:00,223.94,223.84,20107.0,223.93442,223.58269,-0.0015166384155589,78.02791942425219,155400.6,0.0009459705816535519
2025-03-26 09:00:00,223.85,223.7,8674.0,223.92642,223.599,-0.0006254467476769,75.67232774406638,24073.8,0.0010013811767323564
2025-03-26 10:00:00,223.7,224.26,7910.0,223.99832,223.715,0.0025033527045149,76.10137208564043,14661.0,0.0015208200822600091
2025-03-26 11:00:00,224.24,224.27,15961.0,224.05,223.8435,4.459109961660273e-05,68.63339660200907,12503.6,0.001521286627411101
2025-03-26 12:00:00,224.2,224.53,84498.0,224.12,224.01621,0.0011593168948142,61.95890180225693,27430.0,0.001566381149191967
2025-03-26 13:00:00,224.5,224.3,5000294.0,224.212,224.07321,-0.0010243620006234,60.45027525951083,1023467.4,0.0014323632769501942
2025-03-26 14:00:00,224.315,223.65,4942211.0,224.202,224.06421,-0.0028979045920642,57.11660887117652,2010174.8,0.0020646247733016364
2025-03-26 15:00:00,223.645,222.695,3108852.0,223.88900000000004,223.94366,-0.0042700648334451,46.91764805918098,2630363.2,0.0021942546474522135
2025-03-26 16:00:00,222.69,222.8054,2614924.0,223.59608000000003,223.82304,0.0004957453018702,50.02698327037234,3150155.8,0.0022761383682740827
2025-03-26 17:00:00,222.8,221.6697,2903599.0,223.02402,223.57201,-0.0050972732258732,28.720745285162806,3713976.0,0.0023006527630309165
2025-03-26 18:00:00,221.68,221.575,2064666.0,222.47902,223.34551,-0.0004272121990511,28.0238742945308,3126850.4,0.0024129767897076567
2025-03-26 19:00:00,221.57,221.39,6122443.0,222.02702,223.11451,-0.0008349317386889,24.642950932266942,3362896.8,0.002490105861964402
2025-03-26 20:00:00,221.53,221.31,691218.0,221.75002,222.81951,-0.0003613532679885,22.540250447227592,2879370.0,0.0022072589124263356
2025-03-26 21:00:00,221.3217,221.0902,12875.0,221.40698000000003,222.50153,-0.0009931769915502,18.919245161550066,2358960.2,0.0020048563141711467
2025-03-26 22:00:00,221.14,220.6957,31841.0,221.21218,222.1181,-0.0017843396043787,18.71405544168283,1784608.6,0.0005715508112567048
2025-03-26 23:00:00,220.65,221.53,41184.0,221.20318,221.8411,0.0037803183297183,31.029478616638343,1379912.2,0.002195522436202665
2025-03-27 08:00:00,221.0,221.2,34651.0,221.16518,221.5961,-0.0014896402293143,22.128101431850695,162353.8,0.002273037251005674
2025-03-27 09:00:00,221.3,221.14,7452.0,221.13118,221.4406,-0.0002712477396021,21.747842726649026,25600.6,0.002271493970680508
2025-03-27 10:00:00,221.27,220.6,5482.0,221.03314,221.22006,-0.0024418920141086,16.233632333230346,24122.0,0.002487776120210965
2025-03-27 11:00:00,220.64,221.47,22264.0,221.188,221.20009,0.0039437896645512,28.09394061367935,22206.6,0.002984115168574411
2025-03-27 12:00:00,220.66,221.66,60060.0,221.214,221.20859,0.0008579040050571,33.415008167483435,25981.8,0.0024735185787109057
2025-03-27 13:00:00,221.64,221.555,3642495.0,221.285,221.22509,-0.0004736984570964,38.93074921350077,747550.6,0.0023467385209374825
2025-03-27 14:00:00,221.58,222.485,3461601.0,221.554,221.34259000000003,0.00419760330392,47.31613335567116,1438380.4,0.0028589455911546325
2025-03-27 15:00:00,222.485,223.0,3613271.0,222.034,221.53357,0.0023147627929972,62.436662116934244,2159938.2,0.001999323638727329
2025-03-27 16:00:00,223.005,222.89,2577303.0,222.318,221.753,-0.0004932735426009,62.258557685136786,2670946.0,0.001998828611060324
2025-03-27 17:00:00,222.905,223.32,3313720.0,222.65,221.932,0.001929202745749,67.20571978746923,3321678.0,0.00199960076904282
2025-03-27 18:00:00,223.32,224.106,4126443.0,223.1602,222.2226,0.0035196131112305,72.13916954359718,3418467.6,0.0018047322581013921
2025-03-27 19:00:00,224.095,223.93,7177259.0,223.4492,222.5016,-0.0007853426503529,72.64304394973513,4161599.2,0.0018652587439337163
2025-03-27 20:00:00,223.85,223.6,604011.0,223.5692,222.8016,-0.0014736748090921,73.39799880766313,3559747.2,0.0021027987146620547
2025-03-27 21:00:00,223.6,223.52,7356.0,223.69520000000003,223.0066,-0.0003577817531305,68.25018341892893,3045757.8,0.0020869789371481045
2025-03-27 22:00:00,223.47,223.5,11020.0,223.7312,223.1906,-8.947745168222187e-05,72.36483858420861,2385217.8,0.001948067487036499
2025-03-27 23:00:00,223.37,223.46,16874.0,223.602,223.3811,-0.0001789709172259,72.64740335806354,1563304.0,0.0005682416709828005
2025-03-28 08:00:00,222.0,222.25,30892.0,223.266,223.3576,-0.0054148393448492,64.24378453038679,134030.6,0.0022564336270565182
2025-03-28 09:00:00,222.12,222.03,13234.0,222.952,223.2606,-0.0009898762654668,55.44535200311165,15875.2,0.002268344394026129
2025-03-28 10:00:00,222.1,222.39,18848.0,222.72600000000003,223.2106,0.0016214025131738,56.87123493975896,18173.6,0.002639377970411835
2025-03-28 11:00:00,222.39,222.2,24595.0,222.466,223.0986,-0.0008543549620036,55.9755419677597,20888.6,0.002594445097472999
2025-03-28 12:00:00,222.05,221.92,140051.0,222.158,222.88,-0.0012601260126012,44.04887297240333,45524.0,0.002536297183822901
2025-03-28 13:00:00,221.82,223.38,4989280.0,222.384,222.825,0.006578947368421,53.33801827125785,1037201.6,0.0033172036934499684
2025-03-28 14:00:00,223.35,220.6,6203660.0,222.098,222.525,-0.0124451607126869,36.30710356374077,2275286.8,0.006982536094885483
2025-03-28 15:00:00,220.595,219.53,3775239.0,221.526,222.12600000000003,-0.0048504079782411,28.949122417240602,3026565.0,0.006911610411716366
2025-03-28 16:00:00,219.51,218.6,2759102.0,220.806,221.636,-0.0042363230537967,19.899409577957528,3573466.4,0.006867544166095441
2025-03-28 17:00:00,218.59,218.76,2973746.0,220.174,221.166,0.0007319304666056,21.686746987951707,4140205.4,0.007066217854987012
2025-03-28 18:00:00,218.74,218.51,2649853.0,219.2,220.792,-0.0011428049003474,21.878453038673953,3672320.0,0.005047267663591564
2025-03-28 19:00:00,218.49,217.85,7054383.0,218.65,220.374,-0.0030204567296691,20.56074766355131,3842464.6,0.002296595221719115
2025-03-28 20:00:00,217.9,217.42,700176.0,218.228,219.877,-0.0019738352077117,19.72111553784852,3227452.0,0.0018851842669330694
2025-03-28 21:00:00,217.42,217.59,22054.0,218.026,219.416,0.0007818967896238,21.140609636184877,2680042.4,0.0016731219169703543
2025-03-28 22:00:00,217.5,217.4508,18000.0,217.76416,218.96908,-0.0006397352819523,23.628450852822212,2088893.2,0.0014281072457579408
2025-03-28 23:00:00,217.45,217.22,15283.0,217.50616,218.35308,-0.0010613895189164,23.600439077936358,1561979.2,0.0014293715557812871
2025-03-31 08:00:00,215.74,215.93,64067.0,217.12216,217.88608,-0.0059386796795874,17.828685258964313,163916.0,0.0025353094865425093
2025-03-31 09:00:00,215.78,216.0,32949.0,216.83816,217.53308,0.0003241791321261,18.750000000000114,30470.6,0.002691758635267071
2025-03-31 10:00:00,216.07,216.32,65616.0,216.58416000000005,217.30508,0.0014814814814814,21.88755020080326,39183.0,0.002841485431796232
2025-03-31 11:00:00,216.27,216.71,113426.0,216.436,217.10008,0.0018028846153846,12.485939257592932,58268.2,0.0031481839807466663
2025-03-31 12:00:00,216.25,217.1091,319038.0,216.41382,216.95999,0.0018416316736652,23.184464826166646,119019.2,0.003322727380919243
2025-03-31 13:00:00,217.11,217.11,9236025.0,216.64982,216.88599,4.145381285268352e-06,27.757352941176705,1953410.8,0.0008648656711123811
2025-03-31 14:00:00,217.14,219.25,6223623.0,217.29982,217.06899000000004,0.0098567546405047,54.88721804511282,3191545.6,0.003907396693375457
2025-03-31 15:00:00,219.28,220.35,4599203.0,218.10582000000005,217.34499,0.0050171037628277,60.47430830039527,4098263.0,0.0038843342279027285
2025-03-31 16:00:00,220.36,220.1,3195593.0,218.78382,217.60991,-0.0011345586566825,60.47430830039527,4714696.4,0.004427947215663708
2025-03-31 17:00:00,220.09,219.49,2650711.0,219.26,217.83691,-0.0027714675147659,60.87533156498685,5181031.0,0.005177314853675373
2025-03-31 18:00:00,219.49,220.58,3432735.0,219.954,218.30191,0.0049660576791653,69.26829268292701,4020373.0,0.005127844505107654
2025-03-31 19:00:00,220.57,221.995,13747089.0,220.503,218.90141,0.0064149061564964,73.31921651667558,5525066.2,0.004145543262477836
2025-03-31 20:00:00,222.13,221.7404,2062652.0,220.78108000000003,219.44345000000004,-0.0011468726773125,72.43420777373345,5017756.0,0.0041257557199433584
2025-03-31 21:00:00,221.7996,221.51,45096.0,221.06308,219.92345,-0.0010390528744423,72.43723849372387,4387656.6,0.004112063885188021
2025-03-31 22:00:00,221.51,221.2836,22573.0,221.4218,220.3409,-0.0010220757527876,81.5051080457607,3862029.0,0.0037380768190581836
2025-03-31 23:00:00,221.33,221.1999,19201.0,221.54578,220.74989,-0.0003782476423919,80.55134487256339,3179322.2,0.0032838018595856794
2025-04-01 08:00:00,221.42,221.22,46665.0,221.39078,220.94689,9.086803384624102e-05,79.84092957540639,439237.4,0.0005355785169605437
2025-04-01 09:00:00,221.22,221.0,13073.0,221.2427,221.01189,-0.0009944851279269,76.67844083480524,29321.6,0.0005073159130622626
2025-04-01 10:00:00,220.63,220.39,62845.0,221.0187,221.04089,-0.0027601809954751,69.88159154536967,32871.4,0.0010810297912176366
2025-04-01 11:00:00,220.18,220.0,63235.0,220.76198,221.09189,-0.0017695902717908,66.72414990393744,41003.8,0.001133066105532033
2025-04-01 12:00:00,220.0,220.24,212862.0,220.57,221.05789,0.0010909090909091,57.34399572712987,79736.0,0.0015137671492694322
2025-04-01 13:00:00,220.3,223.14,5800177.0,220.954,221.17239,0.0131674536868869,66.33451207231687,1230438.4,0.006539381582150474
2025-04-01 14:00:00,223.12,222.5688,5568407.0,221.26776,221.25523,-0.0025598279107285,63.93007876859209,2341505.2,0.006737886403044172
2025-04-01 15:00:00,222.555,222.5802,3584451.0,221.7058,221.36225,5.122011710527503e-05,68.69947233383365,3045826.4,0.006409718672973051
2025-04-01 16:00:00,222.6,222.77,2352816.0,222.2598,221.51089,0.0008527263431339,64.87246353190461,3503742.6,0.006125559092220231
2025-04-01 17:00:00,222.765,222.2,2207235.0,222.6518,221.6109,-0.0025586928221933,51.57266478458317,3902617.2,0.00654179677616955
2025-04-01 18:00:00,222.2,221.8102,2320765.0,222.38584,221.66992,-0.0017542754275426,50.52459114959126,3206734.8,0.0015637648907730999
2025-04-01 19:00:00,221.81,223.14,5450593.0,222.50008,221.88392,0.0059952157294839,60.51314465571075,3183172.0,0.0033525769482107125
2025-04-01 20:00:00,223.19,223.02,1344229.0,222.58804,222.14692,-0.000537778972842,61.35525386486716,2735127.6,0.0033832526458709164
2025-04-01 21:00:00,223.05,223.19,9941.0,222.67204,222.46592,0.0007622634741278,62.86907825817057,2266552.6,0.0033804633312310484
2025-04-01 22:00:00,223.25,223.53,27281.0,222.93804,222.79492,0.0015233657421927,64.34426229508215,1830561.8,0.002959639610301023
2025-04-01 23:00:00,223.6563,223.45,14516.0,223.266,222.82592,-0.0003578937950163,65.48281092012141,1369312.0,0.002662397463005977
2025-04-02 08:00:00,222.82,222.26,16938.0,223.09,222.79504,-0.0053255761915417,61.010362694300674,282581.0,0.002673150023853211
2025-04-02 09:00:00,222.45,222.25,5566.0,222.936,222.76202000000004,-4.499235130023804e-05,63.86834319526643,14848.4,0.0026936472885300974
2025-04-02 10:00:00,222.2,221.91,30768.0,222.68,222.67602,-0.0015298087739032,60.16804676083784,19013.8,0.0025775474875215105
2025-04-02 11:00:00,221.96,221.87,34600.0,222.348,222.64302000000004,-0.0001802532558243,38.13527653213751,20477.6,0.0022247669102408835
2025-04-02 12:00:00,222.3,221.45,172899.0,221.948,222.607,-0.001893000405643,39.24396246731243,52154.2,0.0021339419013688635
2025-04-02 13:00:00,221.61,222.84,3256510.0,222.064,222.577,0.006276811921427,51.97434416512154,700068.6,0.0033156664507547995
2025-04-02 14:00:00,222.83,224.35,4446253.0,222.484,222.71,0.0067761622688924,60.000506354752076,1588206.0,0.004284006104476605
2025-04-02 15:00:00,224.35,223.685,3254496.0,222.839,222.7595,-0.0029641185647425,59.28751907537604,2232951.6,0.0046061564416487195
2025-04-02 16:00:00,223.69,224.68,2676866.0,223.401,222.8745,0.004448219594519,66.68527175050589,2761404.8,0.004623211123540287
2025-04-02 17:00:00,224.7,224.1903,3358215.0,223.94906,222.94853,-0.0021795442406978,56.76765854350055,3398468.0,0.004692976084907119
2025-04-02 18:00:00,224.18,222.92,2690046.0,223.96506,223.01453,-0.0056661684292318,49.43883277216597,3285175.2,0.005275190490449015
2025-04-02 19:00:00,222.9453,223.8,5194507.0,223.85506,223.16953,0.0039476045218016,53.170478170478226,3434826.0,0.004467847064849847
2025-04-02 20:00:00,223.89,212.73,1907197.0,221.66406,222.25153,-0.0494638069705094,23.46437346437355,3165366.2,0.022585307142242782
2025-04-02 21:00:00,212.7,208.6,1294873.0,218.44806,220.92453,-0.0194142810134912,19.56967213114764,2888967.6,0.02131165773596892
2025-04-02 22:00:00,208.68,208.63,729764.0,215.336,219.64253,0.000143815915628,20.675559380378758,2363277.4,0.021671247178153472
2025-04-02 23:00:00,208.71,207.91,388845.0,212.334,218.14953,-0.0034510856540286,20.0626304801671,1903037.2,0.02190786714620461
2025-04-03 08:00:00,210.78,208.85,359827.0,209.344,216.59953,0.0045211870520898,23.401221995926747,936101.2,0.022024227094017527
2025-04-03 09:00:00,208.99,208.12,252625.0,208.422,215.04303,-0.0034953315776872,22.761489698890713,605186.8,0.009046585253053472
2025-04-03 10:00:00,208.12,207.3,262175.0,208.162,213.30503,-0.0039400345954256,22.406396255850325,398647.2,0.0036184160152631893
2025-04-03 11:00:00,207.36,206.99,546269.0,207.834,211.585,-0.0014954172696575,17.73208469055379,361948.2,0.0035344924802344947
2025-04-03 12:00:00,207.18,207.0,1704397.0,207.652,209.993,4.831151263341661e-05,12.38074588031229,625058.6,0.003413824595166455
2025-04-03 13:00:00,206.99,204.358779,21677842.0,206.7537558,208.0488779,-0.0127595217391304,11.40347818466698,4888661.6,0.004977701258587792
2025-04-03 14:00:00,204.25,204.3712,14468051.0,206.0039958,207.2129979,6.0780359232764525e-05,7.784355483464836,7731746.8,0.005365439056636168
2025-04-03 15:00:00,204.37,205.595,9629201.0,205.6629958,206.9124979,0.0059881235712273,12.490936044114108,9605152.0,0.006848277689052159
2025-04-03 16:00:00,205.62,204.81,6897513.0,205.2269958,206.5304979,-0.0038181862399377,12.740369877232965,10875400.8,0.00691519068018864
2025-04-03 17:00:00,204.82,203.4299,5266445.0,204.5129758,206.0824879,-0.0067384405058346,8.935459115440622,11587810.4,0.0070537276117069656
2025-04-03 18:00:00,203.42,202.905,8284791.0,204.22222,205.4879879,-0.0025802500025807,15.544310122390783,8909200.2,0.004807708994735781
2025-04-03 19:00:00,202.88,203.06,19162961.0,203.95998000000003,204.9819879,0.000763904290185,23.06087406085051,9848182.2,0.004871620143657861
2025-04-03 20:00:00,203.19,203.5,1471945.0,203.54098,204.6019879,0.0021668472372697,26.011092695195302,8216731.0,0.0035738143138189836
2025-04-03 21:00:00,203.5,203.6015,216853.0,203.29928,204.2631379,0.0004987714987714,28.615620379787643,6880599.0,0.0035586290029322814
2025-04-03 22:00:00,203.6,203.2245,163510.0,203.2582,203.8855879,-0.0018516562991922,20.426168091446556,5860012.0,0.0019629643655798123
2025-04-03 23:00:00,203.3988,203.38,66527.0,203.3532,203.78771,0.0007651636490678,23.47937803434499,4216359.2,0.0014529020883849832
2025-04-04 08:00:00,203.11,201.9,101840.0,203.1212,203.54059,-0.007277018389222,21.864572307111118,404135.0,0.0037222274149660657
2025-04-04 09:00:00,201.86,201.23,122037.0,202.6672,203.10409,-0.003318474492323,21.074004147264418,134153.4,0.0032869930727158045
2025-04-04 10:00:00,201.23,192.82,1138538.0,200.5109,201.90509000000003,-0.0417929732147294,11.375957279738529,318490.4,0.01762611516752018
2025-04-04 11:00:00,192.92,194.15,1357863.0,198.696,200.9771,0.0068976247277254,20.053837964318518,557361.0,0.019096500546705943
2025-04-04 12:00:00,193.57,194.78,1870445.0,196.976,200.1646,0.0032449137265001,22.84915188984759,918144.6,0.01944082618633959
2025-04-04 13:00:00,194.7235,199.235,19269632.0,196.443,199.7821,0.0228719581065818,34.78031970900739,4751703.0,0.02402930917277141
2025-04-04 14:00:00,199.27,193.48,19694239.0,194.893,198.7801,-0.0288854869877281,28.096968759665913,8666143.4,0.026826024196717885
2025-04-04 15:00:00,193.45,194.165,13147719.0,195.162,197.83645,0.0035404176142237,31.594547238854275,11067979.6,0.01881737928306723
2025-04-04 16:00:00,194.163,192.96,8210240.0,194.924,196.81,-0.0062060618546081,30.763279043676732,12438455.0,0.018796082150488815
2025-04-04 17:00:00,192.93,191.68,11335345.0,194.304,195.64,-0.0066334991708126,28.905612812337807,14331435.0,0.018746034990607983
2025-04-04 18:00:00,191.66,188.88,11277512.0,192.233,194.338,-0.0146076794657763,25.08011181564055,12733011.0,0.012097552785568198
2025-04-04 19:00:00,188.87,188.38,22210099.0,191.213,193.053,-0.0026471833968657,24.4025897586816,13236183.0,0.006603444202626018
2025-04-04 20:00:00,188.38,187.9,2399779.0,189.96,192.561,-0.0025480411933325,24.318345595012673,11086595.0,0.004906546721187671
2025-04-04 21:00:00,187.9,187.77,112680.0,188.922,191.923,-0.0006918573709419,23.817510902381798,9467083.0,0.005571756152544199
2025-04-04 22:00:00,187.8,187.2501,93618.0,188.03602,191.17001,-0.0027688129094104,24.610137296836427,7218737.6,0.005630066753669563
2025-04-04 23:00:00,187.28,186.6,170924.0,187.58002,189.90651,-0.0034718272513606,24.6271245230663,4997420.0,0.0010346909077873117
2025-04-07 08:00:00,177.87,180.55,578930.0,186.01402,188.61351,-0.0324222936763128,26.82281828485084,671186.2,0.013478934903369206
2025-04-07 09:00:00,180.55,181.1,252954.0,184.65402,187.30701,0.0030462475768484,24.601012066952094,241821.2,0.014291791869998629
2025-04-07 10:00:00,181.07,184.5,503956.0,184.00002,186.46101,0.018774157923799,31.93956430077303,320076.4,0.018546829341683595
2025-04-07 11:00:00,184.82,182.06,789326.0,182.962,185.49901,-0.0132249322493224,17.526942711287546,459218.0,0.019045097412137623
2025-04-07 12:00:00,183.7,182.98,2184002.0,182.238,184.90901,0.0050532791387454,25.70569180934747,861833.6,0.01963987684437115
2025-04-07 13:00:00,182.97,180.49,34075230.0,182.226,184.12001,-0.0136080445950376,20.798633354687126,7561093.6,0.01366895789166147
2025-04-07 14:00:00,180.49,183.87,32462205.0,182.78,183.71701,0.0187267992686575,32.239155920281306,14002943.8,0.016119427388865164
2025-04-07 15:00:00,183.88,178.78,18464092.0,181.636,182.81801,-0.0276826018382553,28.061224489795876,17594971.0,0.018122490175912803
2025-04-07 16:00:00,178.78,177.6,10500661.0,180.744,181.853,-0.0066002908602752,29.697624190064758,19537238.0,0.017713209049556006
2025-04-07 17:00:00,177.6125,182.605,11112082.0,180.669,181.4535,0.0281813063063062,41.056218057921605,21322854.0,0.023128742972852848
2025-04-07 18:00:00,182.605,179.97,12892829.0,180.565,181.3955,-0.0144300539415678,38.48722415795584,17086373.8,0.02325050691090693
2025-04-07 19:00:00,179.965,181.59,18416221.0,180.10899999999998,181.4445,0.0090015002500416,41.39994433620927,14277177.0,0.021602898801684745
2025-04-07 20:00:00,181.3,181.32,1225627.0,180.617,181.1265,-0.0014868660168512,41.68990557761887,10829484.0,0.016478760261031056
2025-04-07 21:00:00,181.49,182.2,172504.0,181.537,181.1405,0.0048532980366203,43.87357282094123,8763852.6,0.015594569566258463
2025-04-07 22:00:00,182.3,183.4,133433.0,181.696,181.1825,0.0065861690450055,54.587894397939465,6568122.8,0.009411468504631572
2025-04-07 23:00:00,183.45,182.68,126428.0,182.238,181.4015,-0.0039258451472191,52.52961895613195,4014842.6,0.005486630688714395
2025-04-08 08:00:00,183.88,184.26,155070.0,182.772,181.4405,0.0086490037223559,49.5919755185311,362612.4,0.005391772351956525
2025-04-08 09:00:00,184.22,183.85,142683.0,183.278,181.9475,-0.0022251166829479,53.26880934989042,146023.6,0.0055508999946993895
2025-04-08 10:00:00,183.9,183.73,79061.0,183.584,182.5605,-0.0006527060103345,51.410835214446955,127335.0,0.005584672383429928
2025-04-08 11:00:00,183.75,185.52,324953.0,184.008,182.852,0.0097425570130083,59.717928902627506,165639.0,0.006396410315580896
2025-04-08 12:00:00,183.5,185.45,830216.0,184.562,183.4,-0.0003773178094007,53.50022153300838,306396.6,0.005688145065988654
2025-04-08 13:00:00,185.32,188.0,15465417.0,185.31,184.041,0.0137503370180642,73.0154767848227,3368466.0,0.007204085469454827
2025-04-08 14:00:00,188.0,186.2,14173229.0,185.78000000000003,184.529,-0.0095744680851064,70.82324455205804,6174575.2,0.009260208371933507
2025-04-08 15:00:00,186.215,184.47,9942907.0,185.928,184.75600000000003,-0.0092910848549945,55.36690647482015,8147344.4,0.010706466635963505
2025-04-08 16:00:00,184.48,179.1685,11863105.0,184.6577,184.33285,-0.0287390903669973,48.000399171718676,10454974.8,0.01548211331806959
2025-04-08 17:00:00,179.15,178.15,14812061.0,183.1977,183.87985,-0.0056845929948623,41.15226337448562,13251343.8,0.01510506095923669
2025-04-08 18:00:00,178.16,174.59,10735368.0,180.5157,182.91285,-0.0199831602582093,35.19577650681924,12305334.0,0.009510553137255183
2025-04-08 19:00:00,174.58,172.77,24759217.0,177.8297,181.80485,-0.0104244229337304,30.080270384452973,14422531.6,0.009404053144192593
2025-04-08 20:00:00,172.814204,175.0,2272001.0,175.9357,180.93185,0.0129073334490941,32.99595141700405,12888350.4,0.015760912814617944
2025-04-08 21:00:00,175.0,172.9,273209.0,174.68200000000002,179.66985,-0.0119999999999999,31.25,10570371.2,0.012281230699673865
2025-04-08 22:00:00,172.88,170.85,307138.0,173.22199999999998,178.20985000000002,-0.0118565644881435,24.745762711864458,7669386.6,0.01242070296890291
2025-04-08 23:00:00,170.95,169.45,279807.0,172.19400000000002,176.35485,-0.0081943225051214,23.856209150326833,5578274.4,0.010631790141449392
2025-04-09 08:00:00,172.1,175.7,509199.0,172.78000000000003,175.30485,0.0368840365889642,38.075438075438086,728270.8,0.021306169921580628
2025-04-09 09:00:00,175.74,175.3,211426.0,172.84,174.38785,-0.0022766078542969,34.16976456009914,316155.8,0.0207125140921052
2025-04-09 10:00:00,175.29,176.02,303209.0,173.464,174.073,0.0041072447233314,35.68174916489525,322155.8,0.019497065262333923
2025-04-09 11:00:00,176.07,168.8,1369332.0,173.05400000000003,173.138,-0.0410180661288489,24.468085106382972,534594.6,0.027884013444629076
2025-04-09 12:00:00,173.8,172.0,2455832.0,173.56400000000002,172.879,0.0189573459715639,31.794871794871796,969799.6,0.029021011529421856
2025-04-09 13:00:00,172.03,177.385,18439804.0,173.901,173.3405,0.0313081395348836,41.69499472512013,4555920.6,0.02747530733618277
2025-04-09 14:00:00,177.4,177.72,18232775.0,174.385,173.6125,0.0018885475096541,48.078326279899706,8160190.4,0.027367988998300886
2025-04-09 15:00:00,177.7,178.73,13269906.0,174.927,174.1955,0.005683097006527,50.76963906581739,10753529.8,0.027392290601559482
2025-04-09 16:00:00,178.71,181.07,9219447.0,177.381,175.2175,0.0130923739719129,58.88645090510147,12323552.8,0.011626006618151484
2025-04-09 17:00:00,181.1,193.105,29946842.0,181.602,177.583,0.0664660076213618,71.78361006963043,17821754.8,0.02645602206266894
2025-04-09 18:00:00,193.1,184.9,23377920.0,183.105,178.503,-0.0424898371352372,59.40170940170942,18809378.0,0.038832465779529604
2025-04-09 19:00:00,184.9,198.85,40133543.0,187.331,180.858,0.0754461871281773,70.11627906976744,23189531.6,0.04828251777838442
2025-04-09 20:00:00,198.85,198.5,2053308.0,191.285,183.106,-0.0017601206939904,72.01433121019112,20946212.0,0.04908267284740633
2025-04-09 21:00:00,198.4985,196.66,480561.0,194.403,185.892,-0.0092695214105793,71.51328273244785,19198434.8,0.05109210115586253
2025-04-09 22:00:00,196.7,197.48,215687.0,195.278,188.44,0.0041696328689107,68.83757135443697,13252203.8,0.04320797814661951
2025-04-09 23:00:00,197.4779,197.7118,180031.0,197.84036,190.47268,0.0011737897508609,69.44057957940247,8612626.0,0.034736947936376786
2025-04-10 08:00:00,193.87,191.76,313857.0,196.42236,191.87668,-0.0301034131498475,62.5171773208469,648688.8,0.013764279813389766
2025-04-10 09:00:00,191.72,193.01,167381.0,195.32436,193.30468,0.0065185648727576,71.27281929438558,271503.4,0.015016860335787047
2025-04-10 10:00:00,193.11,192.99,152138.0,194.59036,194.49668,-0.0001036215740116,69.53517634708027,205818.8,0.015001444745074867
2025-04-10 11:00:00,192.97,193.11,473819.0,193.71636,194.49718,0.0006217938753303,66.22519016232415,257445.2,0.014616964675101042
2025-04-10 12:00:00,192.48,190.65,2584191.0,192.304,195.07218,-0.0127388535031847,62.78082224278226,738277.2,0.01461998406844788
2025-04-10 13:00:00,190.709,193.285,15015689.0,192.609,194.51568,0.013821138211382,63.939274372421416,3678643.6,0.009785289978113829
2025-04-10 14:00:00,193.285,189.93,12171289.0,191.993,193.65868,-0.0173577877227927,58.32337534477188,6079425.2,0.012301765274501627
2025-04-10 15:00:00,189.91,186.6499,14530242.0,190.72498,192.65767,-0.0172700468593692,42.74197356792532,8955046.0,0.01356872736294691
2025-04-10 16:00:00,186.5975,187.53,13979521.0,189.60898000000003,191.66267,0.0047152449586096,53.540294746364125,11656186.4,0.01422010725966303
2025-04-10 17:00:00,187.5,190.39,14926163.0,189.55698,190.93049,0.0152508931904227,33.76436450728875,14124580.8,0.016165187480454753
2025-04-10 18:00:00,190.365,190.73,11321925.0,189.04598,190.82749,0.0017858080781553,35.0828220152205,13385828.0,0.014356200764702358
2025-04-10 19:00:00,190.78,190.44,15780373.0,189.14798,190.57049,-0.001520473968437,37.30290930766152,14107644.8,0.011798567075620412
2025-04-10 20:00:00,190.550897,190.64,1505755.0,189.946,190.33549,0.0010501995379121,35.67467265370405,11502747.4,0.006535389006848125
2025-04-10 21:00:00,190.7,190.5,42400.0,190.54,190.07449,-0.0007343684431388,34.83769237238242,8715323.2,0.006884803849095641
2025-04-10 22:00:00,190.36,191.08,53586.0,190.678,190.11749,0.0030446194225722,48.15319768389267,5740807.8,0.0018563143764147214
2025-04-10 23:00:00,191.08,189.44,92551.0,190.42,189.73299,-0.0085827925476241,40.50542015510474,3494933.0,0.00441007310012392
2025-04-11 08:00:00,191.1,189.05,163910.0,190.142,189.64499,-0.0020586993243242,39.72363355624875,371640.4,0.004421871258020877
2025-04-11 09:00:00,189.0,191.96,95866.0,190.406,190.176,0.0153927532398836,47.38162676114059,89662.6,0.008869546722347764
2025-04-11 10:00:00,191.96,192.0,110975.0,190.706,190.623,0.0002083767451551,53.454417047931955,103377.6,0.008822399385714877
2025-04-11 11:00:00,191.94,191.06,126785.0,190.70200000000003,190.69,-0.0048958333333333,43.765830587496914,118017.4,0.009203955858938875
2025-04-11 12:00:00,190.8,188.2506,1470695.0,190.46412,190.44206,-0.0147042813775777,45.14613054637096,393646.2,0.010886510962289415
2025-04-11 13:00:00,188.29,191.552879,9616743.0,190.9646958,190.5533479,0.017541930809251,64.15264275107077,2284212.8,0.013676644387638616
2025-04-11 14:00:00,191.43,192.28,10636848.0,191.0286958,190.7173479,0.0037959283295345,63.83323237500585,4392409.2,0.011849044545892305
2025-04-11 15:00:00,192.27,195.64,9556334.0,191.7566958,191.2313479,0.0174745163303514,64.85669654985061,6281481.0,0.01408767201802312
2025-04-11 16:00:00,195.63,198.4692,12749360.0,193.2385358,191.9702679,0.0144612553670006,69.1963488441314,8805996.0,0.013741469931092747
2025-04-11 17:00:00,198.49,198.26,9148241.0,195.2404158,192.8522679,-0.0010540678352107,69.47482716713483,10341505.2,0.008549116082503803
2025-04-11 18:00:00,198.2643,197.54,5804576.0,196.43784,193.7012679,-0.0036315948754161,66.749849494106,9579071.8,0.009359807067778354
2025-04-11 19:00:00,197.545,198.02,13229657.0,197.58584,194.3072679,0.0024298876176977,67.95846627056147,10097633.6,0.00946718123646922
2025-04-11 20:00:00,198.15,198.01,1628071.0,198.05984,194.9082679,-5.0499949500148095e-05,67.01264778663725,8511981.0,0.0070672774438140075
2025-04-11 21:00:00,198.05,197.72,52249.0,197.91,195.5742679,-0.0014645724963385,71.7697663168079,5972558.8,0.0022083681070427224
2025-04-11 22:00:00,197.66,196.77,112499.0,197.612,196.4262079,-0.0048047744284846,69.7168134360378,4165410.4,0.002872780012987733
2025-04-11 23:00:00,196.84,196.95,50915.0,197.494,196.96592,0.0009147735935354,64.80958260126305,3014678.2,0.0027479173371229475
2025-04-14 08:00:00,209.68,209.0,667706.0,199.69,198.63792,0.0611830413810612,79.45538721705498,502288.0,0.028049948299576234
2025-04-14 09:00:00,209.0,208.2,348497.0,201.728,199.89392,-0.0038277511961723,79.8427423286392,246373.2,0.02847485277324467
2025-04-14 10:00:00,208.2,206.8,324971.0,203.544,200.727,-0.0067243035542746,83.96355620006008,300917.6,0.02911276012143303
2025-04-14 11:00:00,206.88,208.7,1079533.0,205.93,201.771,0.0091876208897484,83.09549535792004,494324.4,0.028065873236826435
2025-04-14 12:00:00,207.85,210.63,2599446.0,208.666,203.08,0.0092477240057499,83.84559767452156,1004030.6,0.0274733217729116
2025-04-14 13:00:00,210.63,206.76,24420319.0,208.218,203.954,-0.0183734510753454,70.1315065318773,5754553.2,0.01167664039396076
2025-04-14 14:00:00,206.795,205.2446,15760341.0,207.62692,204.67746,-0.0073292706519636,62.87873603856358,8836922.0,0.011909004197380037
2025-04-14 15:00:00,205.22,202.51,10853721.0,206.76892,205.15646,-0.0133236148478449,57.3707943114811,10942672.0,0.012786277943086956
2025-04-14 16:00:00,202.51,202.1847,9995775.0,205.46586,205.69793,-0.0016063404276331,58.16713732578873,12725920.4,0.010722852923222892
2025-04-14 17:00:00,202.21,204.63,7708103.0,204.26586,206.46593,0.0120943869639987,60.87149595731662,13747651.8,0.011776972778035348
2025-04-14 18:00:00,204.64,205.9,5973279.0,204.09386,206.15593,0.0062063236084641,62.46028186452566,10058243.8,0.01019161334722931
2025-04-14 19:00:00,205.89,202.59,12244428.0,203.56294,205.59493,-0.0160757649344342,57.021216472610064,9355061.2,0.012155641233607588
2025-04-14 20:00:00,202.52,202.189,1367986.0,203.49874,205.13383,-0.001979367194827,57.93839140268839,7457914.2,0.010598947547054493
2025-04-14 21:00:00,202.15,201.85,102052.0,203.4318,204.44883,-0.0016766490758646,57.144815197167745,5479169.6,0.010601206546656843
2025-04-14 22:00:00,201.67,201.0,66708.0,202.7058,203.48583,-0.004211047807778,32.67693347076299,3950890.6,0.008038872999723907
2025-04-14 23:00:00,201.0,200.93,92111.0,201.7118,202.90283,-0.0003482587064676,33.74372780694617,2774657.0,0.00642265685076504
2025-04-15 08:00:00,202.22,203.23,87870.0,201.8398,202.70137,0.0114467725078384,42.326079292881474,343345.4,0.006195228037882235
2025-04-15 09:00:00,203.2,203.01,24979.0,202.004,202.75137,-0.0010825173448801,36.81686329388433,74744.0,0.006112635132762909
2025-04-15 10:00:00,203.12,201.96,73379.0,202.026,202.7289,-0.0051721590069453,29.058578012231536,69009.4,0.006646912754451638
2025-04-15 11:00:00,202.0,199.82,238212.0,201.79,202.2479,-0.0105961576549812,31.70853847532497,103310.2,0.00813531924800688
2025-04-15 12:00:00,201.61,200.7399,409904.0,201.75198,201.73189,0.0046036432789511,37.74237963330816,166868.8,0.008548327732149603
2025-04-15 13:00:00,200.75,202.935,7276956.0,201.69298,201.76639,0.01093504579807,51.19143735001909,1604686.0,0.008375948346704836
2025-04-15 14:00:00,202.935,201.7812,8848805.0,201.44722,201.72561,-0.0056855643432625,48.91904779764366,3369451.2,0.008733932199760047
2025-04-15 15:00:00,201.82,202.8871,4593891.0,201.63264,201.82932,0.0054806889839092,44.96989846866037,4273553.6,0.008816487845806147
2025-04-15 16:00:00,202.875,201.49,3370443.0,201.96664,201.87832,-0.0068860957645902,37.36520015127377,4899999.8,0.007685666510485489
2025-04-15 17:00:00,201.485,202.35,3946804.0,202.28866,202.02032,0.0042682018958756,49.20009598848135,5607379.8,0.007655273938910125
2025-04-15 18:00:00,202.385,202.45,4167934.0,202.19166,201.94232,0.0004941932295527,50.88770679146712,4985575.4,0.005638245065061076
2025-04-15 19:00:00,202.46,202.13,6610914.0,202.26142,201.85432,-0.0015806371943689,50.953561552398206,4537997.2,0.004944324277590135
2025-04-15 20:00:00,202.14,202.14,619779.0,202.112,201.87232,4.947311136392869e-05,54.117961536794326,3743174.8,0.004053064999253509
2025-04-15 21:00:00,202.18,200.38,124065.0,201.89,201.92832,-0.0087068368457504,48.22943895749362,3093899.2,0.004763800792877659
2025-04-15 22:00:00,200.5,200.0,187808.0,201.42,201.85433,-0.0018963968459925,38.13529437693764,2342100.0,0.0037098364169566443
2025-04-15 23:00:00,199.96,199.81,133473.0,200.892,201.54183,-0.0009499999999999,38.21952907567479,1535207.8,0.003484551526359114
2025-04-16 08:00:00,198.8,200.3,188727.0,200.526,201.39371,0.0024523297132276,43.6260732003256,250770.4,0.004181462582594881
2025-04-16 09:00:00,200.5,199.81,41639.0,200.06,201.086,-0.0024463305042436,49.956031586908004,135142.4,0.004050881323070633
2025-04-16 10:00:00,199.94,200.31,34070.0,200.046,200.968,0.0025023772583954,48.03732685652715,117143.4,0.002384130624772834
2025-04-16 11:00:00,200.39,200.14,85105.0,200.074,200.747,-0.0008486845389646,34.344894026974785,96602.8,0.002223869309431545
2025-04-16 12:00:00,200.34,199.4,295759.0,199.992,200.442,-0.0036974118117316,36.014331023140954,129060.0,0.0028205054950016153
2025-04-16 13:00:00,199.33,196.56,8701391.0,199.244,199.885,-0.0142427281845536,19.12736286363935,1831592.8,0.00631089252585181
2025-04-16 14:00:00,196.55,197.58,8091019.0,198.798,199.429,0.0051892551892552,30.192502532928046,3441468.8,0.007513440500330278
2025-04-16 15:00:00,197.58,196.75,5046664.0,198.086,199.066,-0.0042008300435267,21.544715447154502,4443987.6,0.0070436305354518005
2025-04-16 16:00:00,196.755,197.2127,3741124.0,197.50054,198.78727,0.0023517153748412,24.333754790398785,5175191.4,0.0074833159592606145
2025-04-16 17:00:00,197.225,193.985,6669977.0,196.41754,198.20477,-0.0163665930236744,18.936874542348193,6450035.0,0.009645010859824122
2025-04-16 18:00:00,193.985,193.34,5519337.0,195.77354,197.50877,-0.0033249993556203,17.989290962794996,5813624.2,0.008299893071869811
2025-04-16 19:00:00,193.33,194.3,10392814.0,195.11754,196.95777,0.0049653460225509,26.51675498632737,6273983.2,0.008243249794154549
2025-04-16 20:00:00,194.27,194.56,884943.0,194.67954,196.38277,0.0013381369016983,28.79208445740494,5441639.0,0.00846369342772936
2025-04-16 21:00:00,194.45,194.99,69940.0,194.235,195.86777,0.0022101151315789,31.55433434873801,4707402.2,0.00844484098258442
2025-04-16 22:00:00,194.87,194.8033,21212.0,194.39866,195.4081,-0.0009574849992307,28.46475109895715,3377649.2,0.0031512622072228796
2025-04-16 23:00:00,194.97,194.94,40478.0,194.71866,195.2461,0.0007017334921943,30.376829346915144,2281877.4,0.0021852163439415825
2025-04-17 08:00:00,196.5,196.37,71263.0,195.13266,195.1251,0.0073355904380835,35.23105526734045,217567.2,0.0031346471191525498
2025-04-17 09:00:00,196.3,196.48,42113.0,195.51666,195.0981,0.0005601670316238,36.218634213935026,49001.2,0.003202089683979448
2025-04-17 10:00:00,196.47,195.95,45934.0,195.70866,194.97183,-0.0026974755700325,36.80062438785502,44200.0,0.0038054084771192665
2025-04-17 11:00:00,195.94,195.98,68685.0,195.944,195.17133,0.0001531002806838,47.17315865403356,53694.6,0.003694214272023487
2025-04-17 12:00:00,195.76,197.28,300663.0,196.412,195.56533,0.0066333299316257,48.57668804797505,105731.6,0.004378895106812183
2025-04-17 13:00:00,197.43,196.08,8290148.0,196.354,195.74333,-0.0060827250608271,46.92908477559408,1749508.6,0.004695827074738647
2025-04-17 14:00:00,196.1,195.7826,7140854.0,196.21452,195.86559,-0.0015167278661771,43.344347745148184,3169256.8,0.004694043248440006
2025-04-17 15:00:00,195.79,196.11,4684162.0,196.24652,195.97759,0.0016722630100939,63.54676662586695,4096902.4,0.004636089895085996
2025-04-17 16:00:00,196.12,198.17,5500654.0,196.68452,196.31426,0.010504308806282,76.08498412218353,5183296.2,0.006544142573448203
2025-04-17 17:00:00,198.16,197.81,4247124.0,196.79052,196.60126,-0.001816622092143,70.269802037375,5972588.4,0.0062091267898648226
2025-04-17 18:00:00,197.82,197.395,4450581.0,197.05352,196.70376,-0.0020979728021838,66.08382880225128,5204675.0,0.005339460628937876
2025-04-17 19:00:00,197.4,196.87,6852129.0,197.271,196.74276,-0.0026596418348995,60.55207561572485,5146930.0,0.005514413744479711
2025-04-17 20:00:00,196.98,197.32,1294169.0,197.513,196.87976,0.0022857723370751,63.72022024750586,4468931.4,0.005536542574406019
2025-04-17 21:00:00,197.59,197.38,53158.0,197.355,197.01976,0.0003040745996351,63.41425869727761,3379432.2,0.0020565410602299155
2025-04-17 22:00:00,197.5291,197.1,12132.0,197.213,197.00176,-0.0014185834431046,54.594199979861,2532433.8,0.0020144724612110843
2025-04-17 23:00:00,197.199,197.25,24155.0,197.184,197.11876,0.0007610350076103,54.82166115619685,1647148.6,0.0019285136006696184
2025-04-21 08:00:00,195.93,194.0,58254.0,196.61,196.9405,-0.0164765525982256,40.89193632762876,288373.6,0.007698676670073763
2025-04-21 09:00:00,193.94,194.45,31852.0,196.036,196.7745,0.0023195876288659,43.12347188264056,35910.2,0.007704393552643815
2025-04-21 10:00:00,194.45,194.0,32671.0,195.36,196.3575,-0.0023142195937258,34.03861875656938,31812.8,0.007518738907865346
2025-04-21 11:00:00,194.29,191.94,145803.0,194.328,195.7705,-0.0106185567010309,31.409634658907066,58547.0,0.008014138298744306
2025-04-21 12:00:00,193.42,191.96,211273.0,193.27,195.227,0.0001041992289257,32.39633798146882,95970.6,0.007895150295019235
2025-04-21 13:00:00,191.9,192.4995,4944712.0,192.9699,194.78995,0.0028104813502813,33.69167532408862,1073262.2,0.005466857027955254
2025-04-21 14:00:00,192.45,191.495,5644100.0,192.3789,194.20745,-0.005218195371936,16.67165967645299,2195711.8,0.005167680121673302
2025-04-21 15:00:00,191.5,190.25,5156264.0,191.6289,193.49445,-0.0065014752343403,15.317919075144488,3220430.4,0.00535507513895198
2025-04-21 16:00:00,190.24,190.765,3104586.0,191.3939,192.86095,0.0027069645203678,19.86089644513126,3812187.0,0.004395989079845116
2025-04-21 17:00:00,190.765,190.51,3328734.0,191.1039,192.18695,-0.0013367231934578,20.360704632304873,4435679.2,0.004334307534591735
2025-04-21 18:00:00,190.51,190.27,2864153.0,190.658,191.81395,-0.0012597763896907,16.489210000950663,4019567.4,0.003648476883290337
2025-04-21 19:00:00,190.27,193.09,7242164.0,190.977,191.67795,0.0148210437798916,33.846675201445876,4339180.2,0.008037738307611031
2025-04-21 20:00:00,193.16,193.1,1227114.0,191.547,191.58795,5.178932104195404e-05,34.62602813436847,3553350.2,0.00680932631032044
2025-04-21 21:00:00,193.09,192.85,25929.0,191.964,191.67895,-0.0012946659761781,33.21763673811877,2937618.8,0.00708160719572503
2025-04-21 22:00:00,192.97,192.94,21854.0,192.45,191.77695,0.0004666839512574,44.67283144034573,2276242.8,0.0069002786966274226
2025-04-21 23:00:00,192.644,194.0,55339.0,193.196,191.927,0.0054939359386337,47.86911639359792,1714480.0,0.006621753303629875
2025-04-22 08:00:00,193.79,195.35,37303.0,193.648,192.3125,0.0069587628865979,55.890566367047725,273507.8,0.0036481567264615837
2025-04-22 09:00:00,195.39,195.31,19014.0,194.09,192.8185,-0.0002047606859482,67.8514673164531,31887.8,0.0036898683688462285
2025-04-22 10:00:00,195.25,195.2,14500.0,194.56,193.262,-0.0005632072090523,67.00073459964315,29602.0,0.003523253450097117
2025-04-22 11:00:00,194.99,194.5,75106.0,194.872,193.661,-0.0035860655737704,60.32303008411166,40252.4,0.004435905558528317
2025-04-22 12:00:00,194.61,195.19,235270.0,195.11,194.153,0.0035475578406169,69.70666666666675,76238.6,0.0040822302556490575
2025-04-22 13:00:00,195.15,197.82,4895947.0,195.604,194.626,0.0134740509247399,85.17657992565074,1047967.4,0.006619303546716331
2025-04-22 14:00:00,197.83,199.3001,5786569.0,196.40202,195.24601,0.0074820543928823,86.39670450571869,2201478.4,0.006716270915504206
2025-04-22 15:00:00,199.31,199.33,4738656.0,197.22802,195.89401,0.0001500250125314,88.34782608695672,3146309.6,0.00659980648047521
2025-04-22 16:00:00,199.34,200.5901,7520165.0,198.44604,196.65902,0.006321677620027,91.21412768268627,4635321.4,0.004954992713270209
2025-04-22 17:00:00,200.605,198.2512,5518340.0,199.05828,197.08414,-0.0116600968841433,71.43533516072769,5691935.4,0.009536128913134302
2025-04-22 18:00:00,198.25,200.15,6585455.0,199.52428000000003,197.56414,0.0095777478269992,75.30909404213162,6029837.0,0.008594653872164189
2025-04-22 19:00:00,200.14,199.56,7672079.0,199.57626,197.98914,-0.0029477891581314,73.51448716690734,6406939.0,0.008305887483407286
2025-04-22 20:00:00,199.74,199.83,464916.0,199.67626,198.45214,0.0013529765484065,73.84446074834928,5552191.0,0.008318293608859542
2025-04-22 21:00:00,199.8,204.95,671981.0,200.54824,199.49714,0.0256217785117348,79.58212213229018,4182554.2,0.014127751162670288
2025-04-22 22:00:00,204.91,205.27,275504.0,201.95200000000003,200.50514,0.0015613564283972,78.37885775097556,3133987.0,0.011333976903945551
2025-04-22 23:00:00,205.4,205.0,157566.0,202.922,201.22314,-0.0013153407706923,77.36082404364174,1848409.2,0.011761462165113824
2025-04-23 08:00:00,205.0,205.37,110692.0,204.084,201.83013,0.0018048780487805,78.3006266766104,336131.8,0.011149371757981745
2025-04-23 09:00:00,205.44,205.15,78283.0,205.148,202.41213,-0.0010712372790573,80.44979928864691,258805.2,0.011440294524819282
2025-04-23 10:00:00,205.18,206.26,114474.0,205.41,202.97912,0.0054106751157688,80.90831927986683,147303.8,0.0027240240032235697
2025-04-23 11:00:00,206.3,205.77,178511.0,205.51,203.731,-0.0023756423930959,75.2096043836173,127905.2,0.003156365359145261
2025-04-23 12:00:00,206.36,206.8042,406242.0,205.87084,204.39642,0.005025999902804,74.48815094733689,177640.4,0.0035041273901150324
2025-04-23 13:00:00,206.95,207.38,10564794.0,206.27284,205.17842,0.0027842761413935,75.36583521345115,2268460.8,0.0035345793689296615
2025-04-23 14:00:00,207.3234,206.9,6557420.0,206.62284,205.88542,-0.0023145915710289,70.91074186257686,3564288.2,0.0038319269828762325
2025-04-23 15:00:00,206.93,204.27,8346959.0,206.22484,205.81742,-0.0127114548090864,69.56849689182516,5210785.2,0.006840978060753701
2025-04-23 16:00:00,204.27,204.76,3575338.0,206.02284,205.76642,0.0023987859205951,66.49964209019328,5890150.6,0.007089865871086519
2025-04-23 17:00:00,204.75,205.3901,3020324.0,205.74002,205.80543000000003,0.0030772611838249,70.8067751122405,6412967.0,0.006722338125904673
2025-04-23 18:00:00,205.39,204.74,3041565.0,205.21202,205.74243,-0.0031651963750929,67.06022153965904,4908321.2,0.00632149815699916
2025-04-23 19:00:00,204.72,204.36,7599821.0,204.70402,205.66343,-0.0018560125036631,46.94306853743974,5116801.4,0.006328963464537666
2025-04-23 20:00:00,204.44,204.5,703580.0,204.75002,205.48743,0.0006850655705616,45.93461595320046,3588125.6,0.0026877685677904168
2025-04-23 21:00:00,204.351,204.0001,39284.0,204.59804,205.31044000000003,-0.002444498777506,44.84592942340796,2880914.8,0.0025804394000076003
2025-04-23 22:00:00,204.0,203.808,43292.0,204.28162,205.01082,-0.0009416662050656,41.79811388124576,2285508.4,0.0014889648912988305
2025-04-23 23:00:00,203.94,204.4594,33881.0,204.2255,204.71876,0.0031961453917412,46.53090339173753,1683971.6,0.0022705344169381913
2025-04-24 08:00:00,203.87,201.95,39622.0,203.7435,204.22376,-0.0122733413088368,31.018233066149733,171931.8,0.005925289622190969
2025-04-24 09:00:00,201.98,202.38,27579.0,203.3195,204.03476,0.002129239910869,34.99070220490553,36731.6,0.006141811887365706
2025-04-24 10:00:00,202.6,204.04,98999.0,203.32748,203.96276,0.008202391540666,38.4040339631505,48674.6,0.007640849300697077
2025-04-24 11:00:00,204.11,203.67,104817.0,203.29988,203.79075,-0.0018133699274652,34.162895927601696,60979.6,0.007679338688901905
2025-04-24 12:00:00,203.99,204.23,200427.0,203.254,203.73975,0.002749545833947,38.67972526074778,94288.8,0.007633706333577099
2025-04-24 13:00:00,204.45,205.59,5100973.0,203.982,203.86275,0.0066591587915586,56.271975672336765,1106559.0,0.003960125475184425
2025-04-24 14:00:00,205.57,205.955,5252602.0,204.697,204.00825,0.0017753781798726,55.74629736487796,2151563.6,0.003995657126327823
2025-04-24 15:00:00,205.96,206.095,3779689.0,205.108,204.21774,0.0006797601417784,53.557262386580454,2887701.6,0.0031066198892850546
2025-04-24 16:00:00,206.11,206.54,3640332.0,205.682,204.49094,0.0021591984279094,59.27567300160769,3594804.6,0.002283168828941674
2025-04-24 17:00:00,206.54,207.45,2744511.0,206.326,204.79,0.0044059262128401,65.09850676256731,4103621.4,0.0023908109335263835
2025-04-24 18:00:00,207.44,207.86,3401647.0,206.78000000000003,205.381,0.0019763798505665,65.99573447080779,3763756.2,0.0013609933742050045
2025-04-24 19:00:00,207.85,208.2,7593841.0,207.229,205.963,0.0016357163475414,70.30329984820494,4232004.0,0.001373247571906135
2025-04-24 20:00:00,208.213911,208.689,919633.0,207.7478,206.4279,0.0023487031700288,72.93746123047424,3659992.8,0.0010946027878911454
2025-04-24 21:00:00,208.64,208.5401,71192.0,208.14782,206.91491,-0.00071350190954,70.12715417320194,2946164.8,0.0018290965790512456
2025-04-24 22:00:00,208.56,208.02,63662.0,208.26182,207.29391,-0.0024940047501654,87.2484045164459,2409995.0,0.002080328843316685
2025-04-24 23:00:00,207.96,207.9991,51725.0,208.28964,207.53482,-0.0001004711085473,86.30425512669761,1740010.6,0.0019261164927701715
2025-04-25 08:00:00,208.6,207.76,42215.0,208.20164,207.71532,-0.001149524204672,79.4396961063627,229685.4,0.0017809860409491284
2025-04-25 09:00:00,207.76,207.64,36605.0,207.99184,207.86982,-0.0005775895263766,82.71259063941983,53079.8,0.0009115680705864788
2025-04-25 10:00:00,207.56,205.51,115472.0,207.38582,207.76682,-0.0102581390868811,58.379156847342244,61935.8,0.004201216775069371
2025-04-25 11:00:00,205.77,206.17,113017.0,207.01582,207.63882,0.003211522553647,54.179878927644744,71806.8,0.005036320944872037
2025-04-25 12:00:00,206.2,205.5,275615.0,206.516,207.40282,-0.0032497453557743,46.85903631092079,116584.8,0.004971075383572391
2025-04-25 13:00:00,205.5,208.21,5011831.0,206.606,207.40382,0.0131873479318735,60.776520941608126,1110508.0,0.008649762048237508
2025-04-25 14:00:00,208.23,207.315,5166167.0,206.541,207.26642,-0.0042985447384852,53.775699113319725,2136420.4,0.008917560310483968
2025-04-25 15:00:00,207.31,207.5,3209064.0,206.939,207.16241,0.0008923618647951,50.262109456909265,2755138.8,0.006983367369539083
2025-04-25 16:00:00,207.49,208.675,3297032.0,207.44,207.22791,0.0056626506024096,53.95515869164319,3391941.8,0.007177522703644966
2025-04-25 17:00:00,208.66,208.1,4438652.0,207.96,207.238,-0.0027554810111418,49.52552666540143,4224549.2,0.00708236299294278
2025-04-25 18:00:00,208.09,208.38,2249223.0,207.994,207.3,0.0013455069678039,48.50421144350859,3672027.6,0.0038922732015737554
2025-04-25 19:00:00,208.38,209.23,5692679.0,208.377,207.459,0.0040790862846722,53.12735151993178,3777330.0,0.0032360097240251426
2025-04-25 20:00:00,209.28,208.84,623871.0,208.645,207.792,-0.0018639774410934,53.761467889908204,3260291.4,0.0036474506050080307
2025-04-25 21:00:00,208.78,208.24,48419.0,208.558,207.999,-0.0028730128327906,51.04929828993567,2610568.8,0.0030379022469358263
2025-04-25 22:00:00,208.49,208.4,10466.0,208.618,208.289,0.0007683442182097,52.807017543859715,1724931.6,0.002754285068133358
2025-04-25 23:00:00,208.37,208.59,10714.0,208.66,208.327,0.0009117082533589,54.141238012205825,1277229.8,0.00271938259670194
2025-04-28 08:00:00,208.76,208.71,37992.0,208.556,208.4665,0.0005752912411908,66.9133192389007,146292.4,0.0017499589635545823
2025-04-28 09:00:00,208.8,209.73,53499.0,208.734,208.6895,0.0048871640074743,68.12627291242364,32218.0,0.0027497900939724017
2025-04-28 10:00:00,209.65,209.32,27842.0,208.95,208.754,-0.0019548943880226,69.97907949790792,28102.6,0.0024533773902750606
2025-04-28 11:00:00,209.35,209.92,60694.0,209.254,208.936,0.0028664246130326,61.47651006711397,38148.2,0.0025723665903731835
2025-04-28 12:00:00,209.3,210.05,1496957.0,209.546,209.103,0.0006192835365854,70.45624532535537,335396.8,0.002591123500885772
2025-04-28 13:00:00,210.05,209.385,5420383.0,209.681,209.1185,-0.0031659128778863,63.15422191207248,1411875.0,0.00332466935965917
2025-04-28 14:00:00,209.385,209.03,4220052.0,209.541,209.1375,-0.0016954414117534,52.797478329393144,2245185.6,0.0024031510625877554
2025-04-28 15:00:00,209.04,207.96,3305714.0,209.269,209.1095,-0.0051188824570635,48.976608187134595,2900760.0,0.003133073784699878
2025-04-28 16:00:00,207.95,208.445,2327169.0,208.974,209.114,0.0023321792652432,50.46132008516677,3354055.0,0.002959827829898539
2025-04-28 17:00:00,208.43,209.75,2577857.0,208.91400000000004,209.23,0.006260644294658,53.46666666666675,3570235.0,0.004564817290417076
2025-04-28 18:00:00,209.73,209.8407,2639147.0,209.00514000000004,209.34307,0.0004324195470798,56.94862999430609,3013987.8,0.004269706084396757
2025-04-28 19:00:00,209.87,210.09,5144581.0,209.21714000000003,209.37907,0.0011880440734328,63.50364963503647,3198893.6,0.0041001685394245445
2025-04-28 20:00:00,210.14,210.0899,512369.0,209.64312,209.45606,-4.759864819997128e-07,62.629856055963245,2640224.6,0.002518574012440219
2025-04-28 21:00:00,210.09,209.7,37149.0,209.89412,209.43406,-0.0018558721766253,58.05515239477491,2182220.6,0.0030405105705235552
2025-04-28 22:00:00,209.65,209.89,33116.0,209.92212,209.41806,0.0009060562708631,58.47701149425271,1673272.4,0.0012014375852016648
2025-04-28 23:00:00,210.0,210.3,27927.0,210.01398,209.50956,0.001953404164086,54.48818897637808,1151028.4,0.0014604967520760934
2025-04-29 08:00:00,210.65,211.0,24782.0,210.19598,209.70656,0.0033285782215881,62.65060240963852,127068.6,0.001962632927206734
2025-04-29 09:00:00,211.04,210.87,9054.0,210.352,209.99756,-0.0006161137440758,57.69854132901143,26405.6,0.002048060476766462
2025-04-29 10:00:00,210.92,209.97,46028.0,210.406,210.15006,-0.0042680324370465,49.423631123919215,28181.4,0.0029142678618863656
2025-04-29 11:00:00,210.37,210.31,19401.0,210.49,210.20606,0.0016192789446111,56.99168556311421,25438.4,0.0029706578156309766
2025-04-29 12:00:00,210.4,209.57,2643799.0,210.344,210.17899000000003,-0.0035186153773002,53.85714285714278,548612.8,0.003251560225818456
2025-04-29 13:00:00,209.5,210.8,3413459.0,210.304,210.24999,0.0058691606623086,69.83240223463675,1226348.2,0.0041194133519513185
2025-04-29 14:00:00,210.81,211.6111,4773613.0,210.45222,210.40211,0.0038477229601517,71.14652489280118,2179260.0,0.004470766914624843
2025-04-29 15:00:00,211.62,210.615,3003606.0,210.58122000000003,210.49361,-0.0047072199898775,56.026026862843494,2770775.6,0.0045955911019943925
2025-04-29 16:00:00,210.615,209.7326,2590700.0,210.46574,210.47787,-0.0041896351162073,49.32173825747589,3285035.4,0.004997178235322043
2025-04-29 17:00:00,209.74,211.58,2330851.0,210.86774,210.60587,0.0088083588340583,57.7871851155012,3222445.8,0.006082947436351416
2025-04-29 18:00:00,211.585,211.3,2260229.0,210.96774,210.63587,-0.0013233765006144,56.1445734190456,2991799.8,0.005759074836786813
2025-04-29 19:00:00,211.3,211.24,4718782.0,210.89352,210.67287,-0.0002839564600094,58.09078491121158,2980833.6,0.005444146789577863
2025-04-29 20:00:00,211.21,211.21,2117110.0,211.01252,210.79687,-0.0001420185570914,57.05354280218026,2803534.4,0.004882255992264733
2025-04-29 21:00:00,210.89,210.93,40861.0,211.252,210.85887,-0.0013256948061171,53.41389400671938,2293566.6,0.004319218780770074
2025-04-29 22:00:00,210.9,210.7,14108.0,211.076,210.97187,-0.0010904091404732,48.28708461801982,1830218.0,0.0005762770322689086
2025-04-29 23:00:00,210.7,210.556,26458.0,210.9272,210.94747,-0.0006834361651636,48.210010261087724,1383463.8,0.0005070732100554088
2025-04-30 08:00:00,210.58,210.72,25171.0,210.8232,210.85836,0.000778890176485,54.66708151835717,444741.6,0.0008407490352910298
2025-04-30 09:00:00,210.72,210.65,2401.0,210.7112,210.86186000000004,-0.0003321943811692,52.189311010946575,21799.8,0.0008250833631964862
2025-04-30 10:00:00,210.65,210.32,13326.0,210.5892,210.9206,-0.0015665796344648,55.09857239972806,16292.8,0.0008877694207708928
2025-04-30 11:00:00,210.36,209.99,31056.0,210.4472,210.7616,-0.0015690376569036,43.72579395817193,19682.4,0.0009779570142165526
2025-04-30 12:00:00,210.4,207.49,1094058.0,209.834,210.3806,-0.0119053288251821,24.69824040079088,233202.4,0.00511789751464751
2025-04-30 13:00:00,207.55,207.14,4482849.0,209.118,209.9706,-0.0016868282808811,26.826535783829897,1124738.0,0.0047801710525435465
2025-04-30 14:00:00,207.185,209.6355,4038523.0,208.9151,209.81315,0.012047407550449,49.467121799163735,1931962.4,0.008518467540099807
2025-04-30 15:00:00,209.59,211.05,3267206.0,209.0611,209.82515,0.006747425889222,46.94630099101175,2582738.4,0.009152475649575068
2025-04-30 16:00:00,211.04,210.92,2545599.0,209.2471,209.84715,-0.0006159677801469,47.77204502814246,3085647.0,0.009102497818419755
2025-04-30 17:00:00,210.915,211.1031,2511158.0,209.96972,209.90186,0.0008681016499147,49.20877113893033,3369067.0,0.0057959318885949275
2025-04-30 18:00:00,211.13,210.652,3712578.0,210.67212,209.89506,-0.0021368705622988,46.92467097286207,3215012.8,0.005898659657040925
2025-04-30 19:00:00,210.66,212.48,8400393.0,211.24102,210.07806,0.0086778193418529,57.29741436131132,4087386.8,0.00473979068484781
2025-04-30 20:00:00,212.5,212.5,3621111.0,211.53102,210.29606,9.412650602414454e-05,58.64536704386081,4158167.8,0.004228649634335201
2025-04-30 21:00:00,212.5,212.1,82323.0,211.76702,210.50706,-0.0018823529411764,57.23781665447847,3665512.6,0.004411851785920194
2025-04-30 22:00:00,212.09,210.24,300624.0,211.5944,210.78206,-0.0087694483734087,48.05859798417764,3223405.8,0.006266962659446788
2025-04-30 23:00:00,210.1452,209.0,310542.0,211.264,210.96806,-0.0058980213089802,43.90343033653069,2542998.6,0.006679211548372099
2025-05-01 08:00:00,209.58,209.72,78355.0,210.712,210.97651,0.003444976076555,47.84516814871217,878591.0,0.004828407747394664
2025-05-01 09:00:00,209.72,210.3,62531.0,210.272,210.90151,0.0027655922181957,51.09369046443035,166875.0,0.005323754718251326
2025-05-01 10:00:00,210.21,209.99,58632.0,209.85,210.80851,-0.001474084640989,60.432141009163466,162136.8,0.005330437820880237
2025-05-01 11:00:00,210.04,209.31,223753.0,209.66400000000004,210.6292,-0.0032382494404495,58.81239745943045,146762.6,0.0039714788025523055
2025-05-01 12:00:00,209.31,209.13,590773.0,209.69,210.477,-0.0008599684678228,47.47166564966436,202808.8,0.002865031177230992
2025-05-01 13:00:00,209.11,210.68,6843340.0,209.882,210.297,0.0074116578204944,48.174137897001636,1555805.8,0.0042349378514440926
2025-05-01 14:00:00,210.8,212.89,6565701.0,210.4,210.336,0.0104898424150369,58.06570478701621,2856439.8,0.006082071463654311
2025-05-01 15:00:00,212.89,211.5844,4866579.0,210.71888,210.28444,-0.0061327446098924,51.80469001927293,3818029.2,0.007107010577944734
2025-05-01 16:00:00,211.6,212.135,3300093.0,211.28388,210.47394,0.00260227124495,55.51949502017239,4433297.2,0.006587519327408325
2025-05-01 17:00:00,212.12,212.595,4153527.0,211.97688,210.83344,0.0021684304805902,50.47653776665399,5145848.0,0.00631156079107444
2025-05-01 18:00:00,212.59,212.545,3001606.0,212.34988,211.11594,-0.0002351889743409,50.18600882921904,4377501.2,0.005986669902295508
2025-05-01 19:00:00,212.55,212.83,9534210.0,212.33788,211.36894,0.0013408925168788,53.04643942176082,4971203.0,0.003568074671844928
2025-05-01 20:00:00,213.32,207.7001,4431344.0,211.56102,211.13995,-0.0241032749142509,41.673059648156524,4884156.0,0.011487507553307148
2025-05-01 21:00:00,207.7992,205.21,2686654.0,210.17602,210.72995,-0.0119889205638321,38.51598671611769,4761468.2,0.011356192624403365
2025-05-01 22:00:00,205.25,204.55,628233.0,208.56702,210.27195,-0.0032162175332585,34.27730335985218,4056409.4,0.010547630510486423
2025-05-01 23:00:00,204.5,205.25,467554.0,207.10802,209.72895,0.0034221461745293,34.75352027630848,3549599.0,0.011290246154312476
